County,Year-Month,Precipitation,Avg Rel Hum (%),Avg Wind Speed (mph),Wind Run (miles),windeventcount,Avg Soil Temp (F),AQI_PM25,AQI_PM10,FIRE_Acres_Burned,fungicide_lbs_prd_used,rodent_lbs_prd_used,rate_per_100k
Alameda,2001-01,3.59,71.16666666666667,1.820967741935484,1354.5,0.0,47.70322580645161,76.0,34.5,,32.0,0.0,0.0
Alameda,2001-02,6.0600000000000005,71.13690476190476,3.059255952380952,1854.85,0.0,50.09375,40.0,12.5,,42.7108,29.9998,0.0
Alameda,2001-03,1.665,76.21290322580646,2.966774193548387,2207.6,0.0,57.237096774193546,51.0,22.0,,6.25,31.25,0.1361021964172457
Alameda,2001-04,2.075,71.43103448275862,3.471333333333333,2499.2,0.0,59.92333333333333,34.0,17.0,,80.4725,4.9998,0.1361021964172457
Alameda,2001-05,0.065,62.15806451612903,3.3988709677419355,2528.4,0.0,68.6258064516129,59.0,31.0,,765.6403,614.4984,0.0
Alameda,2001-06,0.0,64.17241379310346,3.530166666666667,2542.6,0.0,72.57166666666667,51.0,17.0,,1020.3957,1150.0,0.0680510982086228
Alameda,2001-07,0.0,73.21505376344086,3.8661290322580646,2876.3,0.0,72.79677419354839,52.0,21.0,,610.0843,9082.5859,0.0
Alameda,2001-08,0.0,74.58064516129032,3.650967741935484,2716.1499999999996,0.0,72.11935483870968,33.0,11.0,,57.02,6537.9528,0.0680510982086228
Alameda,2001-09,0.22,74.06896551724138,3.057833333333333,2138.9,0.0,68.07833333333333,53.0,22.0,,5.0,3426.6605,0.0
Alameda,2001-10,0.53,70.43663594470047,2.621774193548387,1950.1,0.0,63.96935483870968,59.0,23.0,,2.8125,315.6237,0.0680510982086228
Alameda,2001-11,3.825,81.88684210526316,2.3145,1666.0,0.0,58.72833333333333,66.0,26.5,,0.0,9.9999,0.0680510982086228
Alameda,2001-12,8.58,77.46774193548387,2.5437096774193546,1892.1,0.0,52.14354838709677,59.0,17.0,,0.75,0.0,0.0
Alameda,2002-01,1.475,78.64774193548388,1.9296774193548387,1435.05,0.0,49.325806451612905,81.5,26.0,,6.9661,40.0,0.0
Alameda,2002-02,2.04,79.98809523809524,2.186785714285714,1469.15,0.0,51.20178571428571,64.5,14.0,,25.5,70.15,0.0
Alameda,2002-03,3.02,70.44382647385984,3.018870967741935,2245.8,0.0,54.89838709677419,45.0,17.0,,59.8475,24.7,0.0
Alameda,2002-04,0.455,72.76666666666667,3.407166666666667,2453.5,0.0,61.335,53.0,25.0,,147.961,46.25,0.0683944939696574
Alameda,2002-05,0.5750000000000001,71.48387096774194,3.418709677419355,2543.85,0.0,64.7725806451613,37.0,14.0,,555.3139,30.0,0.0
Alameda,2002-06,0.025,71.03333333333333,3.482333333333333,2507.25,0.0,70.14,53.5,25.0,,928.4348,910.0,0.0
Alameda,2002-07,0.0,71.4516129032258,3.3446774193548388,2488.15,0.0,72.80645161290323,45.0,19.0,,683.2889,6945.0,0.0683944939696574
Alameda,2002-08,0.16,72.15,3.1098387096774194,2313.9,0.0,70.54677419354839,67.0,23.0,,120.4265,1470.0,0.0
Alameda,2002-09,0.255,67.5,2.6613333333333333,1916.2,0.0,68.18666666666667,35.0,18.0,,22.0,100.0,0.0
Alameda,2002-10,0.465,68.96774193548387,2.430806451612903,1808.6,0.0,62.76129032258065,57.0,26.0,,58.6081,0.0,0.0
Alameda,2002-11,2.955,69.65,2.083,1500.1,0.0,56.87166666666667,58.5,39.0,,132.4268,150.0,0.0
Alameda,2002-12,9.065,81.83870967741936,2.4930645161290323,1854.8,0.0,52.45483870967742,61.0,15.0,,27.761,0.0,0.0
Alameda,2003-01,1.37,83.0,1.8912903225806452,1407.4,0.0,53.403225806451616,65.0,26.0,,76.4019,0.0,0.0
Alameda,2003-02,1.82,69.53571428571428,2.3676785714285717,1591.1999999999998,0.0,52.85178571428571,39.5,14.0,,0.125,0.0,0.0
Alameda,2003-03,1.06,72.33870967741936,2.950322580645161,2195.15,0.0,58.29354838709677,35.0,12.0,,15.0,0.0,0.0687680817074839
Alameda,2003-04,3.915,71.65,3.208666666666667,2310.0,0.0,60.47666666666666,22.0,9.0,,258.1371,0.0,0.0
Alameda,2003-05,1.405,69.5,3.264032258064516,2428.25,0.0,66.54354838709678,32.0,17.0,,414.0608,50.0,0.0687680817074839
Alameda,2003-06,0.0,68.88333333333333,3.585,2581.8,0.0,70.47333333333333,41.0,16.0,,676.7314,100.0,0.0
Alameda,2003-07,0.0,69.51612903225806,3.1298387096774194,2328.85,0.0,73.75483870967741,53.0,19.0,,708.8188,230.0,0.0687680817074839
Alameda,2003-08,0.0,72.43548387096774,3.394032258064516,2524.8,0.0,74.00967741935486,39.5,15.5,,396.321,350.0,0.0
Alameda,2003-09,0.0,68.76666666666667,2.9323333333333332,2111.2,0.0,70.525,52.0,26.0,,0.0139,20.0,0.0
Alameda,2003-10,0.0,67.93548387096774,2.2979032258064516,1710.0,0.0,64.92096774193548,52.0,23.0,,0.0,205.0,0.0687680817074839
Alameda,2003-11,1.65,75.15,2.037333333333333,1466.75,0.0,56.29833333333333,56.5,22.0,,46.1102,10.4125,0.2063042451224518
Alameda,2003-12,5.609999999999999,82.30645161290323,2.264032258064516,1684.5,0.0,52.93709677419355,52.5,19.0,,0.0058,0.0,0.1375361634149679
Alameda,2004-01,2.47,79.96774193548387,2.02,1502.85,0.0,50.53225806451613,67.5,19.0,,62.7315,31.6625,0.0691696392319126
Alameda,2004-02,4.949999999999999,76.05172413793105,2.608620689655172,1815.2,0.0,52.422413793103445,48.0,9.0,,16.171,13.2278,0.0
Alameda,2004-03,0.895,68.04838709677419,2.5333870967741934,1884.95,0.0,59.46774193548387,47.0,15.5,,82.7226,0.0,0.0691696392319126
Alameda,2004-04,0.22,63.7,2.9706666666666663,2139.1,0.0,64.11166666666668,37.0,19.0,,196.6866,0.0,0.0
Alameda,2004-05,2.27,67.83870967741935,3.669032258064517,2730.066666666667,0.0,67.82043010752687,34.0,16.0,,914.6333,140.0,0.0
Alameda,2004-06,0.0,67.94444444444444,3.726555555555555,2683.0,0.0,71.53777777777778,52.0,16.0,,757.585,431.172,0.0691696392319126
Alameda,2004-07,0.0,70.88172043010753,3.7739784946236554,2807.6,0.0,74.80322580645161,52.0,17.0,,378.4386,2661.4415,0.0691696392319126
Alameda,2004-08,0.0366666666666666,69.31182795698925,3.5706451612903223,2656.933333333333,0.0,74.06666666666668,43.0,14.5,,5.5589,659.0,0.0691696392319126
Alameda,2004-09,0.2733333333333333,59.644444444444446,2.921111111111111,2103.133333333333,0.0,70.00333333333334,47.5,15.0,,40.7421,0.0,0.0691696392319126
Alameda,2004-10,3.7433333333333336,71.78494623655915,2.625268817204301,1953.2,0.0,63.73225806451613,52.0,17.0,,13.7858,0.0,0.2075089176957379
Alameda,2004-11,1.4866666666666666,71.65555555555555,2.3986666666666667,1726.8666666666668,0.0,55.812222222222225,62.0,20.0,,50.0,0.0,0.0691696392319126
Alameda,2004-12,5.046666666666667,76.66666666666667,2.7111827956989245,2016.9,0.0,50.41290322580645,70.0,23.0,,0.0,6.25,0.1383392784638253
Alameda,2005-01,3.0066666666666664,84.89247311827957,2.5661290322580643,1909.5,0.0,49.39139784946237,63.0,10.0,,4.8682,17.8262,0.0
Alameda,2005-02,3.986666666666667,77.23809523809524,2.5102380952380954,1686.8666666666668,0.0,53.93333333333334,46.0,9.0,,64.539,0.0,0.0
Alameda,2005-03,4.453333333333333,71.18279569892472,3.174516129032258,2362.066666666667,0.0,58.78924731182796,35.0,19.0,,21.5342,12.56,0.0693700161978987
Alameda,2005-04,1.9633333333333332,68.66666666666667,3.5898888888888885,2584.8,0.0,61.56444444444444,18.5,13.0,,263.966,13.38,0.0
Alameda,2005-05,1.4733333333333334,71.86021505376344,3.7348387096774194,2778.366666666667,0.0,68.87849462365591,17.0,14.0,,975.5591,214.0748,0.0693700161978987
Alameda,2005-06,0.49,68.3,3.9857777777777774,2869.7333333333336,0.0,72.53555555555556,22.0,8.5,,990.8703,496.3835,0.0
Alameda,2005-07,0.0,65.91397849462366,3.1608602150537632,2351.4,0.0,76.23978494623657,47.0,21.0,,1557.2145,5328.6,0.0693700161978987
Alameda,2005-08,0.0,65.79569892473118,3.2784946236559143,2439.133333333333,0.0,74.11397849462365,54.0,16.0,,320.9553,11322.8269,0.0693700161978987
Alameda,2005-09,0.0033333333333333,69.6452380952381,3.4018888888888887,2449.633333333333,0.3333333333333333,68.99888888888889,57.5,22.0,,1.5046,1840.4572,0.0693700161978987
Alameda,2005-10,0.25,69.74193548387096,2.7332258064516126,2033.8666666666668,0.0,64.55913978494623,52.0,16.5,,463.2246,3191.0404,0.1387400323957975
Alameda,2005-11,1.3633333333333333,70.78888888888889,2.4330000000000003,1751.6333333333332,0.0,58.437777777777775,54.0,24.0,,0.0,300.0,0.0693700161978987
Alameda,2005-12,7.936666666666667,79.28745519713262,2.958817204301075,2200.9666666666667,1.3333333333333333,54.69139784946236,61.0,12.0,,10.6992,0.0,0.2081100485936963
Alameda,2006-01,3.22,78.96774193548386,2.5918279569892473,1928.3,0.0,53.78709677419354,49.0,16.0,,33.1419,0.0,0.1384577468493939
Alameda,2006-02,1.346666666666667,70.36904761904762,2.753214285714286,1850.5666666666664,0.0,54.463095238095235,58.0,15.0,,6.664,2.48,0.1384577468493939
Alameda,2006-03,6.5566666666666675,73.78494623655915,3.7177419354838706,2766.0,0.0,55.53333333333333,28.0,10.0,,74.607,0.0,0.0692288734246969
Alameda,2006-04,3.393333333333333,74.25555555555555,3.2748888888888885,2358.4333333333334,0.0,61.33111111111111,31.0,7.0,,182.3677,50.0,0.2076866202740909
Alameda,2006-05,0.4266666666666667,66.73118279569893,3.632688172043011,2702.5,0.0,70.56559139784946,57.0,19.0,,435.5054,442.1,0.1384577468493939
Alameda,2006-06,0.0,66.46269841269842,3.6326666666666663,2615.6,0.0,74.98777777777778,48.0,17.0,,1419.9346,2123.8208,0.2076866202740909
Alameda,2006-07,0.0,60.666666666666664,3.401075268817204,2530.366666666667,0.0,77.84642195031516,55.0,19.0,,1454.5902,5200.59,0.0
Alameda,2006-08,0.0,67.89247311827957,3.3337634408602153,2480.266666666667,0.0,73.91612903225807,55.0,22.0,0.0,178.4759,6017.4059,0.3461443671234849
Alameda,2006-09,0.0,66.52705314009661,2.981,2146.6,0.0,69.85444444444444,56.0,24.0,3.0,3.1875,7388.0655,0.2076866202740909
Alameda,2006-10,0.2566666666666666,64.96774193548387,2.465591397849462,1834.6,0.0,63.50322580645161,54.5,17.0,482.47,11.9082,2589.3917,0.2076866202740909
Alameda,2006-11,1.9733333333333336,79.33333333333333,2.207777777777778,1589.9,0.0,59.2484126984127,44.5,14.5,14.75,57.0915,24.0,0.3461443671234849
Alameda,2006-12,3.033333333333333,74.36559139784946,2.443763440860215,1817.9,0.3333333333333333,49.53763440860215,72.0,32.5,1.0,3.8689,0.0,0.1384577468493939
Alameda,2007-01,0.7799999999999999,69.81720430107528,2.3783870967741936,1769.9,0.0,48.159259259259265,63.0,19.0,10.35,57.5401,0.0,0.1373895302308487
Alameda,2007-02,3.5966666666666662,77.21428571428571,3.0179761904761904,2028.4333333333332,0.0,55.24642857142857,36.0,10.5,2.0,32.4995,37.2042,0.1373895302308487
Alameda,2007-03,0.8733333333333334,68.64516129032258,2.9066666666666667,2162.1,0.0,60.1505376344086,43.0,15.0,1.0,39.2461,0.0,0.6869476511542438
Alameda,2007-04,1.8333333333333337,67.13333333333334,3.629555555555555,2612.8333333333335,0.0,63.776666666666664,28.0,14.0,4.95,272.4346,10.0,0.0
Alameda,2007-05,1.6133333333333333,64.97849462365592,3.882688172043011,2888.7999999999997,0.0,68.96559139784945,41.0,16.0,332.92,1544.7898,907.3798,0.1373895302308487
Alameda,2007-06,0.0,64.95555555555556,3.737444444444444,2690.9,0.0,72.56888888888888,34.5,19.0,200.0,421.3735,7956.0832,0.1373895302308487
Alameda,2007-07,0.0,69.47311827956989,3.76010752688172,2797.5333333333333,0.0,75.1978494623656,18.0,9.0,624.73,269.7424,2497.6529,0.0686947651154243
Alameda,2007-08,0.0699999999999999,65.41935483870968,3.4851612903225813,2593.4333333333334,0.0,74.04301075268818,28.0,20.0,1170.85,52.1361,1054.9651,0.1373895302308487
Alameda,2007-09,0.3899999999999999,66.7968253968254,3.174666666666667,2285.7333333333336,0.0,70.44869731800766,29.0,20.0,47924.15,0.1505,323.1167,0.0686947651154243
Alameda,2007-10,1.903333333333333,69.91397849462366,2.7153763440860215,2020.1666666666667,0.0,63.42473118279569,31.0,16.0,48.25,8.0125,29.9931,0.0
Alameda,2007-11,0.9866666666666668,69.57777777777777,2.0973333333333333,1509.9333333333334,0.0,58.541111111111114,57.0,21.0,100.05,1.625,0.0,0.2747790604616975
Alameda,2007-12,2.8699999999999997,70.87096774193549,2.4908602150537633,1853.7,0.0,51.37849462365591,49.0,11.0,1.0,0.0,0.0,0.0
Alameda,2008-01,6.87,78.56989247311827,3.034408602150538,2257.5,0.3333333333333333,50.306451612903224,57.0,14.5,0.0,10.6873,0.0,0.1353905475735306
Alameda,2008-02,2.306666666666666,73.50574712643679,2.965632183908046,2064.1,0.0,53.22298850574713,56.0,22.5,1.01,4.7501,50.0,0.2707810951470612
Alameda,2008-03,0.4133333333333333,65.76344086021506,3.201505376344086,2381.4,0.0,58.41505376344086,53.0,14.5,2.7,14.2294,110.0,0.0676952737867653
Alameda,2008-04,0.41,60.8,3.690333333333333,2657.0333333333333,0.0,62.75333333333333,52.5,16.5,6.11,36.7684,165.0,0.1353905475735306
Alameda,2008-05,0.0066666666666666,63.0752688172043,3.779139784946236,2811.5333333333333,0.0,68.48172043010753,58.0,29.0,4390.2,592.9382,2129.08,0.0676952737867653
Alameda,2008-06,0.0,58.24444444444444,3.1197777777777778,2246.733333333333,0.0,72.57444444444444,64.5,28.0,1208.03,1442.3191,6827.6646,0.0676952737867653
Alameda,2008-07,0.0,66.91397849462366,3.417956989247312,2543.0,0.0,74.7784946236559,60.0,23.0,309.17,915.7111,5534.2467,0.3384763689338265
Alameda,2008-08,0.0,65.05962854349951,3.426989247311828,2549.9333333333334,0.0,74.29032258064517,53.0,19.0,138.67,11.8243,11975.5315,0.2030858213602959
Alameda,2008-09,0.0,60.74444444444445,2.8575555555555554,2057.366666666667,0.0,70.67222222222222,56.0,18.0,50.599999999999994,0.867,4632.299,0.0676952737867653
Alameda,2008-10,0.49,59.24731182795699,2.5423655913978496,1891.4333333333336,0.0,63.64086021505376,55.0,23.0,44.52,0.0,672.0833,0.0
Alameda,2008-11,2.0433333333333334,76.35555555555555,2.121222222222222,1527.7333333333331,0.0,58.76222222222222,55.0,18.0,1.55,30.0,142.2974,0.2030858213602959
Alameda,2008-12,2.39,78.9032258064516,2.258172043010753,1680.6333333333332,0.0,49.962365591397855,61.0,16.0,1.5,0.0,0.0,0.2707810951470612
Alameda,2009-01,1.3,68.88172043010752,2.137741935483871,1590.5333333333335,0.0,49.11182795698925,62.0,24.0,1.01,9.0276,211.0381,0.1334633266134548
Alameda,2009-02,5.786666666666666,75.80952380952381,2.9061904761904764,1953.2333333333336,0.0,51.84047619047619,35.0,10.0,0.0,245.3804,114.375,0.2669266532269096
Alameda,2009-03,2.3866666666666667,69.10752688172043,3.3512903225806454,2493.1333333333337,0.0,56.84731182795699,39.0,13.0,1.0,0.0,0.0,0.0
Alameda,2009-04,0.3933333333333333,62.95555555555555,3.586,2581.933333333333,0.0,62.23444444444445,52.5,13.0,8.55,0.0,60.2884,0.0
Alameda,2009-05,0.7400000000000001,68.59139784946235,3.529462365591398,2626.0333333333333,0.0,69.03763440860216,57.0,18.5,1164.01,236.7771,1064.8893,0.2001949899201822
Alameda,2009-06,0.0166666666666666,65.85555555555555,3.463888888888889,2494.066666666667,0.0,71.73222222222222,53.5,21.0,222.61,445.5953,1761.97,0.0667316633067274
Alameda,2009-07,0.0033333333333333,65.93548387096774,3.34010752688172,2484.7000000000003,0.0,73.74408602150537,53.0,12.0,287.55,391.2663,1290.4169,0.0667316633067274
Alameda,2009-08,0.0,64.53763440860216,3.325161290322581,2474.233333333333,0.0,72.4505376344086,57.0,19.0,14016.56,75.9247,57.2479,0.0667316633067274
Alameda,2009-09,0.0,63.75785440613027,2.7925555555555555,2010.1666666666667,0.0,70.50777777777778,55.5,16.0,140.79,0.0,188.2495,0.0
Alameda,2009-10,3.03,67.63440860215054,2.7762365591397846,2065.4666666666667,0.0,63.39354838709678,56.0,15.0,151.19,4.5428,489.7774,0.0
Alameda,2009-11,0.73,69.85555555555555,2.1519999999999997,1549.7333333333331,0.0,55.111111111111114,60.5,15.0,1.15,80.218,35.7064,0.0
Alameda,2009-12,1.91,78.31182795698925,2.285483870967742,1700.4333333333334,0.0,49.16774193548387,67.0,14.5,0.0,0.6251,13.0748,0.0667316633067274
Alameda,2010-01,5.196666666666666,83.82795698924731,2.6443010752688174,1967.3333333333333,0.0,50.82043010752688,60.0,14.0,0.25,0.8639,1.25,0.1982274501408406
Alameda,2010-02,2.2,81.30952380952381,2.6438095238095234,1776.4666666666665,0.0,54.06071428571428,45.0,18.0,0.0,0.2813,1.25,0.132151633427227
Alameda,2010-03,2.693333333333334,68.89247311827957,3.150215053763441,2343.9,0.0,56.101075268817205,49.0,15.0,0.0,0.0,110.25,0.0
Alameda,2010-04,3.3266666666666667,69.07777777777777,3.5237777777777777,2537.433333333333,0.0,59.096666666666664,41.0,14.0,0.0,215.15,22.9595,0.0
Alameda,2010-05,0.7633333333333333,67.55913978494624,3.724086021505376,2770.866666666667,0.0,64.14838709677419,41.0,16.0,107.65,690.9596,32.1174,0.0660758167136135
Alameda,2010-06,0.0433333333333333,66.26666666666667,3.6876666666666664,2655.0333333333333,0.0,69.79666666666667,51.5,18.0,1235.37,1137.2116,5054.9849,0.0
Alameda,2010-07,0.0133333333333333,67.94623655913979,3.5708602150537634,2656.766666666667,0.0,72.7010752688172,56.0,25.5,260.88,513.8209,11510.0719,0.132151633427227
Alameda,2010-08,0.0,70.25806451612904,3.432903225806452,2554.0666666666666,0.0,71.59247311827957,43.0,14.0,379.75,438.9537,14171.3666,0.132151633427227
Alameda,2010-09,0.0,64.94444444444444,2.9371111111111112,2114.633333333333,0.0,69.81333333333333,51.0,17.0,52.53,2.4264,10745.1546,0.1982274501408406
Alameda,2010-10,0.8700000000000001,69.9247311827957,2.554301075268817,1900.5,0.0,66.02043010752688,52.0,19.0,39.59,0.4375,610.0,0.0
Alameda,2010-11,2.9066666666666663,72.42222222222222,2.365666666666667,1703.5666666666666,0.0,58.01111111111111,55.0,15.0,4.7,0.25,127.25,0.2643032668544541
Alameda,2010-12,5.493333333333333,84.3763440860215,2.4065591397849464,1790.1,0.0,55.46989247311828,57.0,17.0,0.0,0.0,50.0,0.2643032668544541
Alameda,2011-01,0.97,79.36559139784946,2.131290322580645,1585.7333333333331,0.0,51.99247311827957,71.0,,0.11,14.396,70.3819,0.2609295222837073
Alameda,2011-02,3.706666666666667,65.83333333333333,3.064047619047619,2059.266666666667,0.0,52.65952380952381,47.5,,2.1,15.9006,18.4375,0.1956971417127805
Alameda,2011-03,5.413333333333334,76.35483870967742,3.354731182795699,2496.2999999999997,0.0,57.16236559139785,43.0,,0.0,1.0723,67.619,0.2609295222837073
Alameda,2011-04,0.56,67.06666666666666,3.585777777777778,2581.7333333333336,0.0,62.81444444444444,49.0,,2.1,245.8984,111.6618,0.0652323805709268
Alameda,2011-05,1.096666666666667,66.25806451612904,3.885591397849462,2890.433333333333,0.0,66.16451612903226,47.0,,87.8,555.2109,794.2442,0.0
Alameda,2011-06,1.6133333333333333,68.93486590038314,3.25223754789272,2311.0,0.0,71.41835249042146,52.5,,915.54,273.952,6446.4155,0.1304647611418536
Alameda,2011-07,0.0466666666666666,68.24731182795699,3.188279569892473,2371.933333333333,0.0,74.61612903225806,51.0,,1403.53,833.4855,12676.2693,0.1304647611418536
Alameda,2011-08,0.0,70.03225806451613,2.816989247311828,2095.9,0.0,74.6548387096774,53.0,,224.43,172.0158,17946.1127,0.0
Alameda,2011-09,0.01,64.95555555555556,2.4224444444444444,1744.1666666666667,0.0,72.50888888888888,57.0,,1302.77,15.3335,8398.7407,0.0652323805709268
Alameda,2011-10,1.586666666666667,71.5268817204301,2.1119354838709676,1571.3333333333333,0.0,67.34623655913978,56.0,,34.6,0.25,555.8048,0.1304647611418536
Alameda,2011-11,1.57,75.02222222222223,2.244,1615.7333333333331,0.0,58.291111111111114,55.0,,19.11,14.6773,377.8908,0.0652323805709268
Alameda,2011-12,0.1766666666666666,64.8494623655914,2.1638709677419357,1609.6,0.3333333333333333,50.46236559139785,67.0,,214.62,7.4793,314.1329,0.3261619028546342
Alameda,2012-01,2.38,71.49462365591398,2.250537634408602,1674.3333333333333,0.0,50.83870967741935,57.0,,2.43,0.0,12.5,0.2568229841161405
Alameda,2012-02,0.98,67.70114942528737,2.6524137931034484,1846.2666666666664,0.0,54.53908045977011,44.0,,0.26,29.2293,5.0938,0.1284114920580702
Alameda,2012-03,4.89,68.23655913978494,3.201290322580645,2381.9,0.0,57.031182795698925,36.0,,2.8,0.1875,73.4602,0.2568229841161405
Alameda,2012-04,2.74,67.43333333333334,2.7733333333333334,1997.2333333333331,0.0,63.18555555555556,42.5,,1.03,906.8948,96.1013,0.0642057460290351
Alameda,2012-05,0.7366666666666668,65.20430107526882,3.323870967741936,2473.0333333333333,0.0,68.76451612903224,55.0,,11.02,1005.0151,3916.5793,0.0642057460290351
Alameda,2012-06,0.06,64.12222222222222,3.6251111111111114,2609.9333333333334,0.0,72.02777777777777,35.5,,132.21,540.7952,6935.5564,0.0
Alameda,2012-07,0.01,67.82795698924731,3.4332258064516132,2554.5,0.0,74.21290322580644,46.0,,155.14,856.2509,17080.4184,0.0642057460290351
Alameda,2012-08,0.01,67.83870967741935,3.1053763440860216,2310.0,0.0,73.9709677419355,42.0,,200.53,336.7795,8657.2353,0.1284114920580702
Alameda,2012-09,0.0,68.74444444444444,2.618333333333333,1885.1666666666667,0.0,69.42,56.0,,166.84,3.7865,6541.2711,0.0642057460290351
Alameda,2012-10,1.1133333333333333,71.9247311827957,2.448494623655914,1822.0666666666664,0.0,65.8021505376344,43.0,,18.39,7.4793,1358.7891,0.1926172380871053
Alameda,2012-11,3.5800000000000005,77.3,2.3126666666666664,1665.3,0.0,59.64222222222222,54.5,,0.1,7.948,66.7317,0.1926172380871053
Alameda,2012-12,5.896666666666667,79.79569892473118,2.5664516129032258,1908.9666666666665,0.0,54.00967741935484,51.0,,1.2000000000000002,0.2813,31.25,0.0642057460290351
Alameda,2013-01,0.4833333333333334,73.30107526881721,2.104623655913979,1565.5666666666666,0.0,47.79892473118279,66.0,,0.1,0.0,140.6487,0.1261875032729883
Alameda,2013-02,0.6266666666666666,71.54761904761905,2.422857142857143,1628.3,0.0,51.16428571428571,56.0,,1.0,1.5046,37.185,0.0
Alameda,2013-03,0.6366666666666667,70.96774193548387,2.8403225806451613,2113.0333333333333,0.0,57.56344086021505,54.0,,0.7,17.599,367.0,0.0630937516364941
Alameda,2013-04,0.8166666666666668,62.9,3.407111111111111,2453.1,0.0,63.32,54.0,,15.84,750.935,283.0279,0.1261875032729883
Alameda,2013-05,0.0,63.01075268817204,3.010967741935484,2240.5333333333333,0.0,68.1505376344086,60.0,,571.32,1590.9112,4790.1988,0.1892812549094825
Alameda,2013-06,0.0,66.41984126984127,3.553666666666666,2558.4666666666667,0.0,72.10222222222222,55.5,,618.51,1538.2919,8618.3929,0.0630937516364941
Alameda,2013-07,0.0,66.54838709677419,3.4129032258064513,2539.2000000000003,0.0,74.78172043010753,57.0,,1119.52,868.4066,13712.3594,0.0630937516364941
Alameda,2013-08,0.0,72.53602150537635,3.420456989247312,2200.3333333333335,0.0,72.6236559139785,38.0,,84.34,24.2739,6871.0207,0.1892812549094825
Alameda,2013-09,0.245,66.5632183908046,3.7875,2727.3,0.0,69.05666666666667,41.5,,3117.52,6.3511,11220.9222,0.2523750065459767
Alameda,2013-10,0.095,60.725806451612904,2.725967741935484,2028.05,0.0,60.71612903225807,58.0,,177.48,8.2532,3884.6843,0.4416562614554593
Alameda,2013-11,1.1800000000000002,69.51666666666667,2.2556666666666665,1624.15,0.0,54.888333333333335,59.5,,1.09,16.0313,329.1242,0.1892812549094825
Alameda,2013-12,0.65,65.98387096774194,2.2322580645161287,1660.75,0.0,45.51774193548387,81.0,,2.7,0.0,2.0,0.1261875032729883
Alameda,2014-01,0.095,64.66129032258064,2.110161290322581,1570.35,0.0,46.822580645161295,67.0,,8.02,11.9734,868.8125,0.1238586426083639
Alameda,2014-02,3.03,77.03571428571428,3.199464285714286,2149.85,0.0,53.114285714285714,42.0,,1.5,118.2093,85.823,0.1857879639125459
Alameda,2014-03,1.865,66.03225806451613,3.274032258064516,2436.2,0.0,58.01451612903226,49.0,,3.2,99.3732,30.936,0.2477172852167278
Alameda,2014-04,1.02,66.56666666666666,3.74,2692.6,0.0,62.611666666666665,54.0,,2.5,1739.6988,564.8066,0.0619293213041819
Alameda,2014-05,0.18,58.354838709677416,4.384354838709677,3262.25,0.0,67.7741935483871,53.0,,157.38,994.4912,3096.7392,0.2477172852167278
Alameda,2014-06,0.07,59.71666666666667,4.204000000000001,3027.0,0.0,71.53166666666667,56.0,,513.45,1141.5681,3766.6557,0.0
Alameda,2014-07,0.075,62.61075268817204,4.366774193548387,3249.05,0.0,74.21774193548387,43.0,,172.85000000000002,69.7317,1838.6947,0.0619293213041819
Alameda,2014-08,0.145,66.79032258064517,4.016774193548387,2988.8,0.0,73.42419354838711,41.0,,106.86,14.4291,643.9444,0.0
Alameda,2014-09,0.52,67.69999999999999,3.585500000000001,2581.6499999999996,0.0,71.38,52.0,,23.64,14.9215,307.1983,0.2477172852167278
Alameda,2014-10,0.44,63.58817204301076,2.7758064516129033,2065.05,0.0,65.26451612903226,49.0,,127.05,44.2378,1569.2309,0.1238586426083639
Alameda,2014-11,2.1,74.43333333333334,2.364,1702.3000000000002,0.0,58.29666666666667,55.0,,2.54,15.5233,24.16,0.0619293213041819
Alameda,2014-12,8.775,79.61290322580645,2.900322580645162,2157.95,0.0,55.193548387096776,45.0,,0.0,27.5973,202.0,0.1238586426083639
Alameda,2015-01,0.005,75.6774193548387,2.0988709677419353,1561.75,0.0,49.1758064516129,73.0,,0.01,67.3179,3.125,0.0608604573176483
Alameda,2015-02,3.0549999999999997,72.39285714285714,3.1455357142857143,2113.95,0.5,54.75535714285714,56.0,,0.06,51.7732,8.5625,0.0608604573176483
Alameda,2015-03,0.17,66.79032258064515,2.9480645161290324,2193.05,0.0,58.895161290322584,53.0,,2.03,658.8291,18.4307,0.0
Alameda,2015-04,1.09,61.8,3.9331666666666663,2832.3,0.0,62.141666666666666,46.0,,9.56,2223.7718,975.1331,0.1217209146352967
Alameda,2015-05,0.245,70.64516129032259,4.389193548387096,3265.8500000000004,0.0,66.00322580645161,43.0,,445.21,974.8225,3913.903,0.0608604573176483
Alameda,2015-06,0.25,61.37931034482759,3.6595,2634.8999999999996,0.0,72.40666666666667,52.5,,388.21,1234.6458,850.1929,0.1217209146352967
Alameda,2015-07,0.09,64.09623655913978,4.227419354838711,3145.2,0.0,74.34193548387097,39.0,,504.93,1080.138,1608.29,0.3043022865882419
Alameda,2015-08,0.02,63.166666666666664,4.0398387096774195,3005.4,0.0,73.68709677419355,53.0,,5800.82,32.2582,796.0713,0.3043022865882419
Alameda,2015-09,0.02,56.58333333333333,3.0396666666666667,2188.7,0.0,70.03333333333333,52.0,,34.49,43.9994,81.5398,0.4260232012235386
Alameda,2015-10,0.0,66.16129032258064,2.7154838709677422,2020.7000000000005,0.0,66.37096774193549,51.0,,43.82,136.2015,120.6629,0.3043022865882419
Alameda,2015-11,2.595,70.66666666666666,2.5345,1824.8,0.0,54.620000000000005,53.5,,0.59,95.3754,11.1414,0.3651627439058902
Alameda,2015-12,4.1899999999999995,76.04838709677419,2.9917741935483875,2226.15,0.0,49.58709677419355,53.0,,0.0,16.3998,0.0,0.2434418292705935
Alameda,2016-01,4.57,79.20967741935485,2.9730645161290328,2211.95,0.0,51.487096774193546,52.0,,1.21,68.5825,0.0,0.3009839768170101
Alameda,2016-02,0.81,70.66687192118226,2.69875,1851.75,0.0,54.0256157635468,54.0,,0.5,95.2993,0.0,0.2407871814536081
Alameda,2016-03,5.39,74.56451612903226,3.714677419354839,2763.65,0.0,58.80483870967742,43.0,,0.0,160.6481,735.0,0.120393590726804
Alameda,2016-04,1.875,66.05229885057472,3.871833333333333,2787.6,0.0,63.79833333333333,51.5,,19.05,1798.6311,443.25,0.4815743629072163
Alameda,2016-05,0.27,66.6774193548387,4.026290322580645,2995.5,0.0,68.08870967741936,52.0,,72.14,949.0139,2528.8701,0.060196795363402
Alameda,2016-06,0.11,58.400000000000006,4.0215000000000005,2895.5,0.0,72.67833333333334,52.5,,420.86,3058.5698,2677.7559,0.1805903860902061
Alameda,2016-07,0.185,60.403225806451616,3.9666129032258066,2951.0,0.0,74.17258064516129,48.0,,421.84,386.053,13064.2913,0.2407871814536081
Alameda,2016-08,0.115,65.64516129032258,3.807903225806452,2833.2,0.0,73.15322580645162,49.0,,353.51,19.4308,12429.5921,0.1805903860902061
Alameda,2016-09,0.125,60.31666666666666,3.277333333333333,2359.45,0.0,69.03666666666666,55.0,,4655.71,37.7872,5712.2829,0.3611807721804122
Alameda,2016-10,4.345,69.08333333333333,3.2891935483870967,2361.6,0.0,63.62258064516129,36.0,,21.91,14.4266,450.3584,0.2407871814536081
Alameda,2016-11,1.23,77.06666666666666,2.043333333333333,1471.7,0.0,58.74666666666667,50.5,,0.47,3.4004,1271.7586,0.2407871814536081
Alameda,2016-12,3.8,73.59677419354838,2.1238709677419356,1580.1,0.0,50.23548387096774,54.0,,0.05,0.0,0.0,0.2407871814536081
Alameda,2017-01,8.89,79.147311827957,2.810806451612903,2091.85,0.5,48.85806451612903,52.0,,0.0,0.0,0.0,0.179431310404803
Alameda,2017-02,7.734999999999999,75.96428571428572,3.5164285714285715,2362.75,0.0,53.408928571428575,39.5,,0.0,6.0484,10.0,0.179431310404803
Alameda,2017-03,2.87,71.20794930875576,3.514516129032258,2614.7,0.0,57.174193548387095,51.0,,0.1,427.99,0.0,0.179431310404803
Alameda,2017-04,2.24,66.47179487179487,3.884666666666666,2797.05,0.5,61.91333333333333,52.0,,0.69,1422.3564,81.0843,0.418673057611207
Alameda,2017-05,0.065,65.53225806451613,4.133709677419355,2722.3999999999996,0.0,68.0,53.0,,622.48,3199.6961,1560.6062,0.418673057611207
Alameda,2017-06,0.195,54.5,4.350666666666667,1566.45,0.0,73.99,57.0,,309.9,2998.6296,4645.119,0.299052184008005
Alameda,2017-07,0.21,45.45161290322581,3.6216129032258064,1346.85,0.0,75.62903225806451,55.0,,468.92,2553.5848,1282.3814,0.418673057611207
Alameda,2017-08,0.21,55.87096774193548,3.660967741935483,1362.25,0.0,74.73225806451612,58.0,,309.88,30.2341,356.7203,0.179431310404803
Alameda,2017-09,0.1699999999999999,59.69872958257713,3.4842456140350877,2069.0,0.0,70.5951754385965,60.0,,122.2,6.0484,352.791,0.418673057611207
Alameda,2017-10,0.435,55.91935483870968,2.634032258064516,1959.55,0.0,62.182258064516134,62.0,,22.55,0.0,12.533,0.179431310404803
Alameda,2017-11,2.585,74.81666666666666,2.5503333333333336,1836.35,0.0,58.935,55.5,,101.52,362.7192,406.203,0.4784834944128081
Alameda,2017-12,0.065,64.59677419354838,2.0079032258064515,1493.95,0.0,48.59032258064517,77.0,,2.33,19.8745,5.8211,0.5981043680160101
Alameda,2018-01,3.965,83.48387096774194,1.8670967741935485,1389.55,0.0,51.96935483870968,63.0,,0.0,10.33,20.6709,0.8926488581235806
Alameda,2018-02,0.43,59.25,2.648571428571429,1780.25,0.0,51.073214285714286,55.0,,1.64,74.0926,35.544,0.4165694671243377
Alameda,2018-03,3.36,72.27273994424532,4.31678972520908,2583.2999999999997,0.3333333333333333,55.04877339705297,51.0,,0.07,184.4099,85.8134,0.1190198477498107
Alameda,2018-04,2.51,69.69506172839506,4.629563492063492,3276.1,0.0,60.930079365079365,56.0,,11.03,28.0516,303.0991,0.1785297716247161
Alameda,2018-05,0.1866666666666666,71.34715821812595,5.455053763440861,4058.8333333333335,1.3333333333333333,64.73655913978494,53.0,,215.43,1087.7025,4837.1098,0.3570595432494323
Alameda,2018-06,0.1866666666666666,65.30666666666666,4.974111111111111,3581.2333333333336,0.0,68.61888888888889,59.0,,12095.79,632.6234,1792.2973,0.4165694671243377
Alameda,2018-07,0.1366666666666666,67.59139784946237,4.911182795698925,3653.8333333333335,0.0,72.46236559139784,56.0,,1495.49,1400.5256,4709.62,0.5950992387490538
Alameda,2018-08,0.16,69.81218637992832,4.5791397849462365,3407.1,0.0,70.89247311827957,66.0,,74.85,355.8594,1198.1716,0.1190198477498107
Alameda,2018-09,0.2433333333333333,69.89999999999999,3.9651111111111113,2854.7999999999997,0.0,67.5911111111111,62.0,,17.31,0.25,724.2584,0.2975496193745269
Alameda,2018-10,0.7666666666666667,68.05376344086021,2.9786021505376343,2216.6,0.0,63.3505376344086,55.0,,21.03,0.0,810.3581,0.4165694671243377
Alameda,2018-11,2.3866666666666667,67.98357487922705,2.550777777777778,1837.0,0.3333333333333333,55.31111111111111,61.0,,3.16,0.0,74.6973,0.1190198477498107
Alameda,2018-12,1.09,76.76344086021506,3.180537634408602,2366.0333333333333,0.3333333333333333,51.75376344086021,54.0,,0.0,1.455,0.247,0.5950992387490538
Alameda,2019-01,2.686666666666667,77.3225806451613,3.4376344086021504,2557.7666666666664,0.6666666666666666,50.652688172043014,54.0,,0.02,0.4456,0.9139,0.475093519189918
Alameda,2019-02,5.656666666666666,73.21428571428571,4.965357142857143,3337.0,1.3333333333333333,50.195238095238096,33.0,,0.0,69.828,40.7843,0.7720269686836169
Alameda,2019-03,3.71,73.0752688172043,4.160537634408602,3095.8333333333335,0.3333333333333333,54.77204301075269,40.0,,0.01,1619.4892,41.1399,0.5938668989873976
Alameda,2019-04,0.5366666666666667,71.66590038314176,4.310777777777777,3103.9,0.6666666666666666,61.32777777777778,50.5,,2.11,8.8232,557.6521,0.950187038379836
Alameda,2019-05,2.6566666666666667,74.05376344086021,5.2891397849462365,3934.8333333333335,1.0,64.1258064516129,42.0,,164.26,1161.3432,3957.0395,0.5344802090886578
Alameda,2019-06,0.0033333333333333,66.8355175688509,4.089444444444445,2944.2333333333336,0.0,69.7988888888889,53.5,,3408.14,2806.7688,2914.948,0.237546759594959
Alameda,2019-07,0.01,69.10752688172043,4.351720430107527,3237.866666666667,0.0,70.56118279569893,52.0,,665.66,920.5012,2257.7245,0.4157068292911783
Alameda,2019-08,0.0033333333333333,69.22226479352916,4.343440860215054,3231.6666666666665,0.0,71.8531182795699,47.0,,969.73,98.7733,495.0838,0.475093519189918
Alameda,2019-09,0.1433333333333333,67.74406130268198,3.8308888888888895,2758.1,0.0,68.89111111111112,47.5,,477.88,3.8684,315.2229,0.4157068292911783
Alameda,2019-10,0.0133333333333333,54.65297243851193,3.0967741935483866,2303.7999999999997,0.3333333333333333,60.56236559139785,54.0,,455.75,5.8886,80.5613,0.3563201393924385
Alameda,2019-11,1.08,72.78888888888889,2.806777777777778,2020.8333333333333,0.0,54.95111111111111,60.5,,8.34,4.0115,9.9638,0.4157068292911783
Alameda,2019-12,2.8166666666666664,81.91397849462366,3.493118279569893,2598.3333333333335,0.3333333333333333,52.76129032258064,43.0,,0.05,5.3935,15.6298,0.1187733797974795
Alameda,2020-01,1.4833333333333332,82.9032258064516,3.0549462365591395,2272.6666666666665,0.0,50.16236559139785,51.0,,0.0,7.0667,0.1728,0.2971997836385575
Alameda,2020-02,0.25,62.91954022988506,3.6487356321839086,2539.7999999999997,0.6666666666666666,51.77471264367816,55.0,,0.0,57.63,70.7896,0.5349596105494036
Alameda,2020-03,2.31,70.6989247311828,4.098387096774194,3049.0333333333333,0.0,55.43118279569892,33.0,,0.0,745.3431,1182.3735,0.5943995672771151
Alameda,2020-04,2.1133333333333333,72.02222222222223,4.431222222222222,3190.3000000000006,0.0,60.75333333333333,37.0,,0.0,67.0732,1086.26,0.356639740366269
Alameda,2020-05,1.4833333333333334,66.10996168582376,4.751720430107526,3535.133333333333,0.3333333333333333,67.24516129032259,35.0,,0.0,1378.0781,2420.9228,0.356639740366269
Alameda,2020-06,0.37,64.18582375478927,5.022888888888889,3616.866666666667,0.3333333333333333,70.50111111111111,46.5,,0.0,244.417,1407.21,0.2971997836385575
Alameda,2020-07,0.12,67.43010752688173,4.783333333333334,3559.3333333333335,0.0,71.23605313092979,51.0,,28.0,131.6878,955.0264,0.2971997836385575
Alameda,2020-08,0.1133333333333333,69.63703703703705,4.258709677419355,3168.633333333333,0.0,72.10641178813222,59.0,,0.1,26.623,99.3165,0.118879913455423
Alameda,2020-09,0.5066666666666667,70.9679012345679,3.3181111111111115,2388.933333333333,0.0,69.34222222222222,73.5,,0.0,1.885,26.5425,0.2971997836385575
Alameda,2020-10,0.2666666666666666,61.720689655172414,2.87268817204301,2137.0666666666666,0.0,64.8483870967742,58.0,,0.0,1.8344,40.3755,0.1783198701831345
Alameda,2020-11,0.4733333333333333,70.02222222222223,2.902111111111111,2089.633333333333,0.0,55.413333333333334,52.5,,0.0,2.8942,85.5135,0.356639740366269
Alameda,2020-12,1.54,72.53548387096775,2.7233512544802867,1997.5,0.0,49.41810035842294,56.0,,0.0,1.9978,10.4342,0.356639740366269
Alameda,2021-01,2.8433333333333337,75.17025089605734,3.427956989247312,2550.0333333333333,0.6666666666666666,49.51397849462365,56.0,,170.5,2.9529,114.999,0.4181181339029297
Alameda,2021-02,0.8566666666666668,67.94047619047619,3.6855952380952384,2476.633333333333,0.0,51.65952380952381,40.5,,0.1,53.612,54.4585,0.5375804578751954
Alameda,2021-03,1.3533333333333335,65.04086021505377,4.36268817204301,3245.7999999999997,0.3333333333333333,53.18709677419355,47.0,,1.65,491.4931,113.5148,0.6570427818474609
Alameda,2021-04,0.0999999999999999,68.58888888888889,4.856777777777777,3496.5333333333333,0.0,59.86000000000001,58.0,,12.61,783.8791,236.0308,0.955698591778125
Alameda,2021-05,0.0166666666666666,67.22795698924732,5.092587813620071,3755.8333333333335,0.3333333333333333,65.13179211469534,58.0,,527.58,2960.6121,487.2823,0.4181181339029297
Alameda,2021-06,0.0133333333333333,68.2,5.424555555555556,3905.433333333333,0.3333333333333333,69.74222222222222,41.5,,82.31,814.6622,1026.2935,0.5973116198613282
Alameda,2021-07,0.0033333333333333,68.9032258064516,5.12,3809.2333333333336,0.0,71.31033912324234,52.0,,83.17,265.0423,260.5294,0.5375804578751954
Alameda,2021-08,0.01,68.90322580645162,4.4796774193548385,3333.0333333333333,0.0,70.73064516129033,57.0,,2.47,17.1232,214.925,0.4778492958890625
Alameda,2021-09,0.01,66.35555555555555,3.968666666666667,2857.633333333333,0.0,66.99851851851851,55.5,,1.61,108.8729,126.6158,0.1791934859583984
Alameda,2021-10,4.803333333333334,66.65591397849462,4.077311827956989,3033.133333333333,1.0,60.83440860215054,41.0,,0.11,3.1785,329.2402,0.4181181339029297
Alameda,2021-11,0.6566666666666667,78.06666666666666,2.672111111111111,1923.8,0.0,56.925555555555555,57.5,,0.0,3.8274,47.7936,0.2986558099306641
Alameda,2021-12,7.303333333333334,83.53763440860216,3.821935483870968,2844.0,0.3333333333333333,50.94086021505376,46.0,,0.0,75.4574,57.794,0.4181181339029297
Alameda,2022-01,0.17,78.93548387096774,2.609677419354839,1941.1,0.0,49.28064516129032,60.0,,3.0,2.3505,99.8684,0.4236505971960382
Alameda,2022-02,0.0666666666666666,61.833333333333336,3.3385714285714285,2243.9666666666667,0.0,48.94166666666667,54.5,,3.0,74.968,108.2586,0.6052151388514833
Alameda,2022-03,0.4833333333333333,69.6774193548387,3.885268817204301,2890.5333333333333,0.0,54.0989247311828,42.0,,24.0,484.9035,80.1141,0.3026075694257416
Alameda,2022-04,1.7666666666666666,67.38007662835248,5.0023333333333335,3601.7666666666664,0.6666666666666666,59.638888888888886,44.0,,578.0,106.4419,147.329,0.1815645416554449
Alameda,2022-05,0.0066666666666666,65.32508960573476,5.008172043010753,3726.366666666667,0.3333333333333333,64.51827956989247,43.0,,1346.0,960.9816,1349.9981,0.9683442221623731
Alameda,2022-06,0.7033333333333333,64.34691358024692,4.431222222222222,3190.133333333333,0.0,69.40444444444444,48.0,,2368.0,699.2374,1853.8555,0.5446936249663349
Alameda,2022-07,1.2266666666666668,71.55913978494624,4.762150537634409,3543.133333333333,0.0,71.33548387096774,34.0,,1099.0,671.3434,3620.2926,0.4236505971960382
Alameda,2022-08,1.0433333333333332,69.23655913978494,4.490752688172043,3341.066666666667,0.0,71.41720430107527,42.0,,263.0,3.8187,153.2126,0.2420860555405933
Alameda,2022-09,1.1,68.12454212454212,3.8145555555555553,2746.4,0.0,69.82444444444445,52.0,,412.0,107.4568,102.4085,0.1210430277702966
Alameda,2022-10,0.7100000000000001,73.58064516129032,3.33494623655914,2480.9,0.0,64.27096774193548,52.0,,45957.0,10.7446,93.9982,0.1815645416554449
Alameda,2022-11,2.5533333333333332,69.92222222222222,2.9996666666666667,2159.6,0.0,53.196666666666665,50.5,,22.0,10.4156,39.9043,0.6657366527366315
Alameda,2022-12,12.523333333333332,85.16666666666667,3.2627956989247315,2427.4666666666667,0.0,48.77311827956989,52.0,,1.0,11.688,37.3658,0.1210430277702966
Alameda,2023-01,8.473333333333334,71.59139784946237,4.406666666666666,3278.8333333333335,1.0,50.08387096774194,38.0,,1.0,14.4801,58.7441,0.4826563474739576
Alameda,2023-02,3.65,72.17857142857143,4.127380952380952,2773.566666666667,1.3333333333333333,48.10238095238095,52.5,,9.0,20.3152,75.6414,0.3016602171712235
Alameda,2023-03,6.533333333333334,73.79569892473118,4.728279569892472,3517.9666666666667,0.3333333333333333,52.15913978494624,32.0,,3.0,59.4238,33.2497,0.1809961303027341
Alameda,2023-04,0.8000000000000002,68.95555555555556,4.75111111111111,3420.866666666667,0.6666666666666666,57.412222222222226,38.0,,14.0,158.8703,76.1213,0.3016602171712235
Alameda,2023-05,1.2166666666666668,75.45161290322581,4.983548387096774,3708.0,0.3333333333333333,63.90430107526882,38.0,,81.0,3250.3071,73.8513,0.2413281737369788
Alameda,2023-06,1.0533333333333337,72.8888888888889,5.187888888888889,3735.2666666666664,0.0,67.66444444444444,34.0,,599.0,435.2258,2749.3685,0.1809961303027341
Alameda,2023-07,0.5333333333333333,67.90470893585466,4.499784946236559,3348.1,0.3333333333333333,70.99462365591397,51.0,,941.0,787.8464,6044.3683,0.1206640868684894
Alameda,2023-08,0.6766666666666667,69.27956989247312,4.326559139784947,3218.933333333333,0.0,71.77096774193548,52.0,,422.0,135.1127,4008.0705,0.4826563474739576
Alameda,2023-09,0.82,74.27539682539681,4.001444444444444,2880.8333333333335,0.0,68.41888888888889,49.0,,4079.0,65.1633,239.7725,0.4223243040397129
Alameda,2023-10,0.4966666666666667,67.04761904761905,3.12752688172043,2327.1666666666665,0.0,64.10645161290323,50.0,,120.0,16.3665,92.9293,0.4826563474739576
Alameda,2023-11,0.9266666666666667,68.58888888888889,2.8859999999999997,2077.733333333333,0.0,56.61777777777778,54.0,,45.0,19.4201,57.006,1.1463088252506497
Alameda,2023-12,3.3166666666666664,82.51827956989247,2.573440860215054,1914.8666666666668,0.0,52.538709677419355,54.0,,52.0,11.4428,52.0859,1.1463088252506497
Alameda,2024-01,5.423333333333333,82.90322580645162,2.908494623655914,2163.9,0.3333333333333333,52.26129032258064,43.0,,1.0,,,0.6620714892756456
Alameda,2024-02,4.226666666666667,80.12643678160919,3.878390804597702,2699.633333333333,1.0,53.48390804597701,40.0,,2.0,,,0.7824481236893994
Alameda,2024-03,3.0933333333333333,73.06451612903226,4.511397849462366,3356.566666666667,0.6666666666666666,56.46989247311828,34.0,,23.0,,,0.481506537655015
Alameda,2024-04,1.336666666666667,71.81111111111112,4.403888888888889,3170.2666666666664,0.0,60.72333333333333,52.0,,13.0,,,0.5416948548618918
Alameda,2024-05,0.91,68.0021505376344,4.646881720430108,3457.2000000000003,0.0,65.85806451612903,53.0,,210.0,,,0.6620714892756456
Alameda,2024-06,0.0166666666666666,65.77777777777777,4.405555555555556,3172.366666666667,0.0,70.72000000000001,55.5,,16415.0,,,0.3009415860343844
Alameda,2024-07,0.0466666666666666,66.47738969225065,4.441827956989247,3304.366666666667,0.0,74.04086021505377,51.0,,7425.0,,,0.3611299032412612
Alameda,2024-08,0.4133333333333333,69.33333333333333,4.317096774193549,3211.7999999999997,0.0,72.30860215053764,53.0,,426.0,,,0.7824481236893994
Alameda,2024-09,1.2266666666666668,70.95555555555556,3.905333333333333,2812.066666666667,0.3333333333333333,69.74444444444445,49.5,,379.0,,,0.4213182204481381
Alameda,2024-10,0.84,64.41483678710226,3.06741935483871,2281.7999999999997,0.0,65.09354838709677,51.0,,145.0,,,0.7824481236893994
Alameda,2024-11,2.1766666666666663,68.73333333333333,3.6934444444444448,2659.2000000000003,1.0,55.208888888888886,43.5,,21095.0,,,1.0232013925169068
Alameda,2024-12,3.67,81.61971326164874,3.0170358422939074,2210.266666666667,0.3333333333333333,52.10627240143369,57.0,,3.0,,,0.6620714892756456
Contra Costa,2001-01,2.785,79.69354838709677,3.485967741935484,2593.45,2.0,46.73870967741935,64.0,30.5,,71.2072,7.9688,0.0
Contra Costa,2001-02,4.59,78.25925925925927,3.956607142857143,2658.5,1.0,49.03035714285714,43.0,14.0,,571.282,3.25,0.0
Contra Costa,2001-03,1.5550000000000002,72.6,3.890967741935483,2894.8500000000004,0.5,57.17258064516129,46.0,18.0,,842.2545,0.0,0.0
Contra Costa,2001-04,1.2033333333333334,66.70222222222222,4.025911111111111,2726.6,0.0,60.11533333333333,40.0,18.0,,2138.8155,17.2603,0.0
Contra Costa,2001-05,0.0,49.27931034482759,4.173763440860215,3105.2666666666664,0.3333333333333333,70.71645161290321,45.5,24.0,,1834.1175,1.6535,0.2059834059768145
Contra Costa,2001-06,0.0866666666666666,49.241379310344826,4.28311111111111,3083.866666666667,0.0,74.62567901234569,35.0,18.0,,4118.5746,71.6932,0.0
Contra Costa,2001-07,0.0,62.28960573476703,4.598924731182795,3421.6666666666665,0.0,74.6687019969278,51.0,20.0,,761.9327,3.307,0.0
Contra Costa,2001-08,0.0,60.74193548387097,4.269677419354839,3176.9,0.0,73.90967741935484,35.0,13.0,,167.7696,0.022,0.0
Contra Costa,2001-09,0.1266666666666666,61.22988505747126,3.7213333333333334,2568.3333333333335,0.0,70.99266666666666,49.0,21.0,,220.927,15.212,0.3089751089652217
Contra Costa,2001-10,0.2566666666666666,61.29032258064516,3.140967741935484,2336.4333333333334,0.0,66.40259856630824,51.0,26.0,,73.7765,23.2445,0.0
Contra Costa,2001-11,3.1733333333333333,81.26666666666667,2.928111111111111,2108.1,0.3333333333333333,59.562222222222225,54.0,33.0,,426.8963,0.0,0.0
Contra Costa,2001-12,6.5200000000000005,87.82795698924731,3.5680645161290325,2654.9,0.6666666666666666,52.1247311827957,55.0,14.0,,136.0255,0.0,0.2059834059768145
Contra Costa,2002-01,1.086666666666667,83.86021505376344,2.7505376344086017,2046.3666666666668,0.0,49.98387096774193,63.0,20.0,,0.0,0.0,0.3061655620893554
Contra Costa,2002-02,1.0,73.36607142857143,2.8479464285714284,1455.0,0.0,52.464285714285715,52.0,20.0,,220.6438,24.85,0.3061655620893554
Contra Costa,2002-03,2.215,66.82949308755761,3.8480184331797234,2493.925,0.25,55.73559907834101,33.5,16.0,,345.6126,18.9688,0.0
Contra Costa,2002-04,0.6133333333333334,69.33333333333333,4.8500000000000005,3492.1333333333337,0.0,62.49888888888889,56.0,27.0,,1125.806,0.0,0.0
Contra Costa,2002-05,1.6666666666666667,61.96774193548387,5.2643010752688175,3916.3333333333335,0.0,66.55698924731183,43.0,11.5,,359.4699,10.6438,0.0
Contra Costa,2002-06,0.0,59.855555555555554,6.123444444444445,4408.833333333333,0.6666666666666666,72.63117647058823,52.0,30.0,,429.5023,62.5734,0.0
Contra Costa,2002-07,0.0,60.9247311827957,5.221397849462366,3884.7333333333336,0.0,71.14193548387095,43.0,22.0,,184.958,0.0352,0.0
Contra Costa,2002-08,0.0,62.4516129032258,4.684193548387096,3484.2666666666664,0.0,72.56287014061208,66.5,27.0,,149.7367,0.0,0.0
Contra Costa,2002-09,0.0,54.28888888888889,4.277111111111111,3079.433333333333,0.0,69.64555555555556,39.0,31.0,,31.4071,17.9798,0.0
Contra Costa,2002-10,0.24,59.634408602150536,3.5120430107526883,2612.4666666666667,0.6666666666666666,63.340860215053766,51.5,34.0,,75.0782,0.0,0.0
Contra Costa,2002-11,2.506666666666667,73.60000000000001,3.3631111111111114,2421.1,0.3333333333333333,56.98,70.0,44.5,,171.875,69.2445,0.0
Contra Costa,2002-12,9.526666666666666,86.36559139784947,4.3613978494623655,3244.9,2.3333333333333335,52.403225806451616,53.5,19.0,,330.2518,0.0,0.1020551873631184
Contra Costa,2003-01,1.1733333333333331,91.53405017921148,2.875179211469534,2109.3333333333335,0.0,53.25139784946237,74.0,26.0,,367.3998,0.0,0.4050505756274993
Contra Costa,2003-02,1.38,72.94047619047619,3.85,2587.3333333333335,0.3333333333333333,52.74166666666667,38.5,15.0,,190.6267,0.0,0.0
Contra Costa,2003-03,1.5366666666666668,71.54838709677419,4.59494623655914,3418.433333333333,1.3333333333333333,58.265734767025094,29.0,17.0,,2477.6842,19.9945,0.0
Contra Costa,2003-04,3.19,71.73333333333333,4.839555555555555,3484.5,0.0,59.89888888888888,23.0,14.0,,1048.2578,2.6535,0.1012626439068748
Contra Costa,2003-05,1.3533333333333335,65.0,4.763655913978495,3544.1,0.6666666666666666,67.11935483870968,43.0,23.0,,492.1746,2.091,0.0
Contra Costa,2003-06,0.0,63.34444444444444,5.194111111111112,3740.433333333333,0.0,72.57000000000001,42.0,28.0,,323.3632,106.6139,0.0
Contra Costa,2003-07,0.0,54.354838709677416,4.502258064516129,3349.5333333333333,0.0,74.77058371735791,42.0,23.0,,1143.7849,50.0,0.0
Contra Costa,2003-08,0.0,62.58064516129033,5.140322580645161,3824.4,0.0,73.11182795698925,34.0,22.0,,1360.8188,0.0,0.2025252878137496
Contra Costa,2003-09,0.0033333333333333,58.02222222222222,4.565222222222222,3286.866666666667,0.3333333333333333,71.42,36.5,29.0,,61.5619,0.0,0.1012626439068748
Contra Costa,2003-10,0.04,56.573028673835125,4.021075268817204,2992.1,0.0,64.95182795698925,43.0,30.0,,62.4964,19.2445,0.1012626439068748
Contra Costa,2003-11,1.42,77.16666666666667,3.385888888888889,2437.9666666666667,0.0,55.06333333333333,55.0,24.0,,158.2179,0.0,0.1012626439068748
Contra Costa,2003-12,5.1933333333333325,85.6989247311828,3.9033333333333338,2903.7999999999997,0.3333333333333333,51.79999999999999,55.0,18.0,,219.7536,0.0,0.3037879317206244
Contra Costa,2004-01,2.59,86.5268817204301,3.2779569892473117,2438.8666666666663,0.0,49.99784946236559,66.0,21.0,,507.7436,0.0,0.0
Contra Costa,2004-02,5.433333333333334,79.37931034482759,4.157241379310345,2893.7666666666664,0.6666666666666666,52.3103448275862,34.0,16.0,,235.7559,2.66,0.0
Contra Costa,2004-03,0.7200000000000001,65.55913978494624,4.313548387096774,3208.9,0.6666666666666666,58.627035330261144,36.0,20.0,,329.9858,0.0,0.3022901501777466
Contra Costa,2004-04,0.5566666666666666,59.48888888888889,5.175222222222222,3726.366666666667,1.6666666666666667,63.898104575163394,47.0,24.0,,300.6184,41.0,0.0
Contra Costa,2004-05,0.8099999999999999,63.225806451612904,5.318709677419355,3957.2333333333336,0.3333333333333333,68.66498207885304,44.0,19.0,,262.3762,2.6455,0.2015267667851644
Contra Costa,2004-06,0.0,61.111111111111114,5.902555555555556,4249.966666666666,0.3333333333333333,72.12888888888888,34.0,17.0,,1179.2531,254.2445,0.3022901501777466
Contra Costa,2004-07,0.0,64.04301075268818,5.372258064516129,3996.3,0.0,74.07617430673457,33.5,17.5,,832.3725,0.0,0.0
Contra Costa,2004-08,0.0,61.946236559139784,5.243225806451613,3900.8333333333335,0.0,74.19016897081413,30.0,15.0,,358.7742,0.0,0.2015267667851644
Contra Costa,2004-09,0.0966666666666666,52.4,4.368555555555555,3145.6,0.3333333333333333,69.7358225108225,47.0,29.0,,43.0512,0.0,0.1007633833925822
Contra Costa,2004-10,2.5833333333333335,68.6774193548387,3.9717204301075273,2955.2666666666664,1.0,63.659139784946234,44.0,20.0,,27.6841,0.0,0.3022901501777466
Contra Costa,2004-11,2.2466666666666666,76.97777777777777,3.4867777777777778,2510.4666666666667,1.0,56.855555555555554,78.0,19.0,,599.2009,0.0,0.3022901501777466
Contra Costa,2004-12,5.496666666666667,83.17204301075269,3.7486021505376343,2788.7333333333336,0.3333333333333333,52.026881720430104,68.0,15.0,,377.4875,0.0,0.2015267667851644
Contra Costa,2005-01,3.4966666666666666,89.83870967741935,3.4546236559139785,2570.6,0.3333333333333333,51.43763440860215,64.0,17.0,,104.5376,0.0,0.0
Contra Costa,2005-02,3.4600000000000004,78.52380952380952,3.2259523809523807,2167.8666666666663,0.0,54.91547619047619,51.0,17.5,,354.078,123.2237,0.3002963925394364
Contra Costa,2005-03,3.5866666666666664,70.64516129032258,4.096666666666667,3047.8666666666663,0.3333333333333333,59.20439882697948,32.5,24.0,,2136.4236,88.5118,0.2001975950262909
Contra Costa,2005-04,1.7533333333333332,64.0111111111111,4.653777777777778,3351.2666666666664,0.6666666666666666,62.03111111111111,34.0,14.0,,1866.1192,131.0033,0.0
Contra Costa,2005-05,1.1266666666666667,65.83870967741936,4.87268817204301,3624.9,0.3333333333333333,68.45933890880127,34.0,18.5,,900.7105,698.2623,0.1000987975131454
Contra Costa,2005-06,0.2866666666666667,60.44444444444443,5.139444444444444,3700.2333333333336,0.0,71.85689655172415,28.0,18.0,,845.4674,1312.9907,0.2001975950262909
Contra Costa,2005-07,0.0,53.29032258064516,5.292258064516129,3937.366666666667,0.0,74.29323476702508,49.0,20.0,,691.5582,688.5689,0.0
Contra Costa,2005-08,0.0,54.799283154121866,4.756344086021506,3539.133333333333,0.0,73.12903225806451,38.0,18.0,,122.3177,200.8489,0.1000987975131454
Contra Costa,2005-09,0.01,59.36666666666667,4.447777777777778,3202.566666666667,0.0,66.84444444444445,49.0,20.0,,95.8351,67.4154,0.2001975950262909
Contra Costa,2005-10,0.1666666666666666,60.741935483870975,4.083655913978494,3038.3333333333335,0.0,62.01827956989248,33.0,19.5,,64.4749,3.0601,0.5004939875657274
Contra Costa,2005-11,1.38,64.88888888888889,3.803111111111111,2738.4666666666667,0.0,55.22777777777778,38.0,16.0,,458.8309,55.0,0.1000987975131454
Contra Costa,2005-12,9.963333333333331,80.86075886787789,3.9491397849462366,2938.0,1.0,51.237634408602155,60.0,15.0,,878.6765,0.0,0.2001975950262909
Contra Costa,2006-01,3.3266666666666667,79.3763440860215,3.8646236559139786,2874.7999999999997,0.3333333333333333,50.66451612903226,44.0,19.0,,86.2222,38.8326,0.2997500084929169
Contra Costa,2006-02,1.9533333333333331,69.84523809523809,3.776785714285715,2538.0333333333333,0.3333333333333333,52.11904761904762,50.5,14.0,,178.7937,39.6323,0.5995000169858338
Contra Costa,2006-03,5.616666666666667,73.66832092638543,5.46131541218638,4016.2,2.0,54.31935483870967,21.0,9.5,,441.0184,401.5776,0.0
Contra Costa,2006-04,3.709999999999999,72.63333333333334,4.461888888888889,3212.433333333333,0.3333333333333333,61.30888888888888,25.0,8.0,,2492.2153,80.7803,0.2997500084929169
Contra Costa,2006-05,0.8566666666666668,60.344086021505376,4.949677419354838,3682.3333333333335,0.3333333333333333,68.13978494623656,55.0,19.0,,1304.247,33.586,0.1998333389952779
Contra Costa,2006-06,0.0,57.65555555555556,5.1001111111111115,3672.3333333333335,0.3333333333333333,72.39999999999999,36.0,21.0,,532.7373,302.2176,0.0999166694976389
Contra Costa,2006-07,0.0,54.053763440860216,4.727096774193549,3516.8333333333335,0.0,74.76666666666667,49.5,19.0,,112.8901,297.8824,0.1998333389952779
Contra Costa,2006-08,0.0,59.23655913978495,4.768172043010753,3548.0333333333333,0.0,70.47419354838709,46.0,16.0,0.0,90.1993,242.25,0.0999166694976389
Contra Costa,2006-09,0.0033333333333333,55.795785440613024,4.458222222222222,3209.7000000000003,0.6666666666666666,67.28333333333335,54.0,22.0,0.0,56.7085,267.5179,0.1998333389952779
Contra Costa,2006-10,0.14,58.49820788530466,3.568817204301075,2655.0666666666666,0.3333333333333333,60.75591397849462,45.0,19.0,64.48,49.7705,0.0,0.1998333389952779
Contra Costa,2006-11,1.7533333333333332,77.0,3.349,2411.366666666667,0.0,56.35666666666666,36.0,14.0,14.26,239.3008,12.6,0.1998333389952779
Contra Costa,2006-12,2.5166666666666666,73.45161290322581,3.763333333333333,2800.0,0.6666666666666666,48.71935483870968,74.0,31.0,0.0,357.7071,320.7107,0.4995833474881948
Contra Costa,2007-01,0.4966666666666667,64.08602150537634,3.6581720430107527,2721.6666666666665,1.3333333333333333,44.751612903225805,63.0,25.0,0.25,206.4705,43.75,0.297279299847793
Contra Costa,2007-02,4.403333333333333,75.73809523809524,4.131666666666667,2776.4666666666667,0.0,51.294047619047625,24.5,10.0,1.25,195.0226,144.25,0.297279299847793
Contra Costa,2007-03,0.2533333333333333,63.8494623655914,4.106559139784946,3055.366666666667,1.0,56.31935483870968,29.5,14.5,2.8,2004.3585,1193.8592,0.0990930999492643
Contra Costa,2007-04,1.2933333333333332,58.71111111111111,5.163666666666667,3717.5333333333338,1.3333333333333333,60.02333333333333,26.5,14.0,3.8,2816.8267,633.0174,0.1981861998985286
Contra Costa,2007-05,0.8533333333333334,56.817204301075265,5.405698924731183,4021.866666666667,0.6666666666666666,65.76559139784946,37.0,18.0,110.55,495.4312,2519.5731,0.0990930999492643
Contra Costa,2007-06,0.0,54.48888888888889,5.416111111111111,3899.6,0.0,70.42222222222222,36.0,25.0,389.57,637.7187,6066.8261,0.297279299847793
Contra Costa,2007-07,0.0,58.892473118279575,5.408172043010752,4023.366666666667,0.0,73.23118279569893,21.0,15.0,655.8000000000001,248.1324,3237.613,0.3963723997970573
Contra Costa,2007-08,0.0,54.82795698924732,5.147204301075269,3829.6,0.0,71.80752688172042,35.0,19.5,353.67,388.0426,846.9905,0.297279299847793
Contra Costa,2007-09,0.2433333333333333,57.54444444444445,4.661666666666666,3356.4666666666667,0.3333333333333333,68.38063492063492,39.5,20.0,182.4,19.7789,196.7464,0.0
Contra Costa,2007-10,1.8266666666666669,64.21505376344085,3.827204301075268,2847.2666666666664,0.3333333333333333,61.06344086021505,31.0,17.0,79.82,4.2928,381.9787,0.0
Contra Costa,2007-11,0.8533333333333334,65.45555555555556,3.2426666666666666,2334.4333333333334,0.0,55.70333333333334,51.0,21.0,6.7,28.4367,290.25,0.0
Contra Costa,2007-12,2.64,70.41935483870968,3.922150537634408,2918.133333333333,0.0,48.60537634408602,46.0,13.0,0.0,1.3872,159.0,0.1981861998985286
Contra Costa,2008-01,7.183333333333334,79.79569892473118,4.43741935483871,3301.566666666667,1.0,47.240860215053765,31.0,14.5,0.0,42.4949,31.297,0.0
Contra Costa,2008-02,2.1466666666666665,71.72413793103448,4.22919540229885,2943.3333333333335,1.3333333333333333,49.394252873563225,31.0,23.5,1.0,208.9487,385.8168,0.0977188511390109
Contra Costa,2008-03,0.33,60.25806451612903,4.58774193548387,3413.4666666666667,0.6666666666666666,54.68817204301075,29.0,13.0,2.25,1178.4119,508.2823,0.0977188511390109
Contra Costa,2008-04,0.2499999999999999,54.4,4.8885555555555555,3520.0,1.0,59.411111111111104,25.0,12.0,11.05,1446.5806,503.5483,0.0977188511390109
Contra Costa,2008-05,0.0133333333333333,55.51612903225807,5.4453763440860214,4051.3,0.3333333333333333,65.77204301075268,46.0,24.0,529.05,462.3818,772.5503,0.0977188511390109
Contra Costa,2008-06,0.0,48.56666666666666,5.237111111111111,3770.6333333333337,0.6666666666666666,69.72444444444444,40.0,28.0,1208.48,721.8794,1043.295,0.0
Contra Costa,2008-07,0.0,58.623655913978496,5.405376344086022,4021.8,0.0,72.89677419354838,52.5,32.0,430.14,41.437,409.5167,0.0
Contra Costa,2008-08,0.0,55.98924731182796,5.160537634408603,3839.2666666666664,0.0,72.72473118279571,45.0,36.0,139.8,21.5735,240.7207,0.0977188511390109
Contra Costa,2008-09,0.0,55.14137931034483,4.067666666666667,2928.6666666666665,0.3333333333333333,69.29777777777778,43.0,21.0,38.55,35.4617,72.8728,0.1954377022780218
Contra Costa,2008-10,0.12,53.82795698924732,3.541505376344086,2635.0,0.6666666666666666,61.4104659498208,40.0,41.0,52.29,21.6415,3.125,0.1954377022780218
Contra Costa,2008-11,1.2933333333333332,77.12260536398468,3.0003333333333333,2160.066666666667,0.0,56.50555555555555,39.0,16.0,3.5500000000000003,2.1282,8.5625,0.0
Contra Costa,2008-12,1.8033333333333337,83.64516129032258,3.5659139784946237,2653.5666666666666,0.6666666666666666,48.38078853046594,63.0,12.0,1.5,132.0776,0.0,0.0977188511390109
Contra Costa,2009-01,0.8633333333333333,69.91809241308685,2.8506419831558873,1847.8333333333333,0.0,34.01468734323541,55.0,27.0,7.529999999999999,102.5117,452.891,0.0
Contra Costa,2009-02,4.97,79.16071428571428,3.610357142857143,1617.4666666666665,0.0,50.05357142857143,27.0,9.5,0.5,265.1978,165.8628,0.2890479723284741
Contra Costa,2009-03,1.8833333333333335,69.25806451612902,3.859516129032258,1914.2333333333331,0.0,55.18709677419355,21.5,10.0,2.0,44.7459,64.6624,0.0
Contra Costa,2009-04,0.9033333333333332,64.13333333333334,4.313833333333333,2070.6,0.0,59.185,34.0,12.0,21.07,1712.4926,351.6108,0.2890479723284741
Contra Costa,2009-05,0.9266666666666667,66.7741935483871,4.746935483870968,2354.7999999999997,0.0,66.3983870967742,41.0,14.0,350.61,836.0056,168.2238,0.0963493241094913
Contra Costa,2009-06,0.0,65.2,5.019666666666666,2409.3333333333335,0.0,69.14833333333334,39.5,19.5,58.8,874.4895,759.5746,0.0
Contra Costa,2009-07,0.0,62.108870967741936,5.443139400921659,2570.6,0.0,70.83824884792627,39.0,13.0,134.06,179.2773,686.68,0.0
Contra Costa,2009-08,0.0,58.40044493882092,4.754000741564702,2246.4666666666667,0.0,71.25011123470523,44.5,14.0,12294.29,742.5778,334.1952,0.1926986482189827
Contra Costa,2009-09,0.0533333333333333,54.8051282051282,4.258213675213675,2943.2999999999997,0.3333333333333333,70.16421245421246,42.5,20.5,753.82,14.3438,161.9626,0.0963493241094913
Contra Costa,2009-10,3.9333333333333336,64.81612903225806,4.163118279569892,3097.6666666666665,1.0,61.72043010752688,35.0,12.5,167.42000000000002,39.13,69.145,0.0963493241094913
Contra Costa,2009-11,0.42,71.48888888888888,3.260444444444444,2347.5666666666666,0.3333333333333333,53.30555555555555,42.0,15.0,5.92,116.1047,60.1252,0.1926986482189827
Contra Costa,2009-12,2.81,82.86021505376344,3.105483870967742,2310.1666666666665,0.3333333333333333,47.47204301075269,68.0,21.0,0.0,27.4644,0.0,0.0963493241094913
Contra Costa,2010-01,5.11,90.3010752688172,3.758494623655914,2796.1999999999994,1.0,49.01827956989248,63.0,11.0,0.0,83.5026,13.625,0.1899647330473097
Contra Costa,2010-02,2.3866666666666667,78.80952380952381,3.4258333333333333,2302.5,0.0,52.70595238095239,28.0,12.0,0.0,509.0179,14.8064,0.0
Contra Costa,2010-03,2.14,66.44815668202766,4.199569892473119,3124.6,0.0,55.64408602150538,26.0,11.0,0.0,1048.0854,19.3156,0.0
Contra Costa,2010-04,3.08,67.9888888888889,4.7684444444444445,3433.1666666666665,0.3333333333333333,58.394444444444446,28.5,14.0,0.0,1153.008,244.4135,0.0949823665236548
Contra Costa,2010-05,1.0566666666666666,61.83870967741935,5.1496774193548385,3831.5333333333338,1.0,63.43655913978495,22.5,12.5,106.55,4830.3882,519.7874,0.0949823665236548
Contra Costa,2010-06,0.1866666666666666,59.36666666666667,5.562444444444445,4005.1666666666665,0.6666666666666666,72.00333333333333,28.0,15.0,714.73,260.447,1881.6838,0.1899647330473097
Contra Costa,2010-07,0.0,61.38028673835125,5.3028100358422945,3900.6666666666665,0.0,73.60304659498208,39.0,17.0,243.0,769.3597,880.4704,0.0949823665236548
Contra Costa,2010-08,0.0,63.354838709677416,4.941290322580645,3676.6,0.3333333333333333,71.88817204301075,24.0,18.0,285.79,132.5148,250.9755,0.0949823665236548
Contra Costa,2010-09,0.0,57.36666666666667,4.0152222222222225,2890.9666666666667,0.3333333333333333,68.02555555555556,36.0,21.0,142.43,175.9612,913.8606,0.0
Contra Costa,2010-10,0.33,66.36559139784946,3.603225806451613,2680.7999999999997,0.0,62.82258064516129,36.0,20.0,60.09,151.8683,450.9972,0.3799294660946195
Contra Costa,2010-11,0.9,72.04444444444444,3.515,2530.933333333333,0.0,53.879999999999995,31.0,10.0,155.1,42.6469,25.0,0.2849470995709646
Contra Costa,2010-12,2.513333333333333,80.55913978494624,3.341182795698925,2485.766666666667,0.3333333333333333,51.44193548387096,51.0,17.0,0.0,411.0756,0.3825,0.0949823665236548
Contra Costa,2011-01,0.59,79.10752688172043,2.888817204301075,2148.9,0.3333333333333333,47.77634408602151,58.0,18.0,0.4,56.0,43.5364,0.0
Contra Costa,2011-02,1.7066666666666668,66.73351648351648,4.404285714285714,2960.1,1.0,47.898809523809526,20.0,9.0,0.0,293.4005,72.9978,0.3749102558575041
Contra Costa,2011-03,3.57,75.12903225806451,4.769677419354839,3548.866666666667,1.3333333333333333,53.365591397849464,23.0,14.0,0.0,709.7038,3030.4519,0.187455127928752
Contra Costa,2011-04,0.6166666666666667,63.0,5.149222222222222,3707.866666666667,1.3333333333333333,59.81666666666666,27.0,16.0,2.2,498.1012,643.2621,0.093727563964376
Contra Costa,2011-05,1.68,60.72043010752689,5.506774193548387,4097.033333333334,0.3333333333333333,63.116129032258065,32.0,16.0,13.76,3130.5655,1103.8793,0.3749102558575041
Contra Costa,2011-06,1.9666666666666668,64.82222222222222,4.9543333333333335,3566.866666666667,0.0,67.67222222222222,31.0,24.5,312.06,6455.3845,2068.3393,0.2811826918931281
Contra Costa,2011-07,0.75,62.44086021505376,4.940215053763441,3675.633333333333,0.0,70.72150537634407,32.0,23.0,1311.59,376.0375,3246.3236,0.5623653837862562
Contra Costa,2011-08,0.0,62.88172043010752,4.899569892473118,3645.566666666667,0.0,70.44301075268817,34.0,16.0,907.27,117.5002,898.5613,0.093727563964376
Contra Costa,2011-09,0.1266666666666666,58.37777777777777,4.259444444444445,3067.0,0.0,69.41555555555556,39.5,19.0,185.52,29.0219,140.7699,0.187455127928752
Contra Costa,2011-10,1.0066666666666666,67.12903225806451,3.606129032258064,2683.4,0.0,63.44086021505376,48.0,19.0,28.21,7.3721,50.0,0.2811826918931281
Contra Costa,2011-11,1.2766666666666666,75.89999999999999,3.4875555555555553,2511.2666666666664,1.0,53.696666666666665,38.5,21.0,12.11,27.1592,0.0661,0.093727563964376
Contra Costa,2011-12,0.17,65.46236559139784,3.31505376344086,2466.5666666666666,0.6666666666666666,45.932258064516134,63.0,37.0,208.49,95.0303,61.2252,0.3749102558575041
Contra Costa,2012-01,2.8633333333333333,70.66666666666667,3.46763440860215,2580.266666666667,0.3333333333333333,46.40537634408602,41.0,13.0,4.01,270.1736,24.8005,0.370283970777189
Contra Costa,2012-02,1.2566666666666668,67.1264367816092,4.154252873563219,2891.6,0.6666666666666666,50.26206896551725,27.5,16.0,2.94,145.6151,19.8288,0.1851419853885945
Contra Costa,2012-03,5.1866666666666665,68.44086021505376,4.899784946236559,3645.466666666667,1.6666666666666667,53.23548387096775,19.0,9.0,2.25,1393.0271,315.0973,0.0925709926942972
Contra Costa,2012-04,2.9,65.7,4.7396666666666665,3412.5333333333333,0.3333333333333333,60.19888888888889,31.5,17.0,2.6,2887.3231,749.8418,0.370283970777189
Contra Costa,2012-05,0.6533333333333333,57.20430107526882,5.4779569892473114,4075.6,0.3333333333333333,66.28709677419356,41.5,11.0,39.79,379.3972,1276.6013,0.5554259561657835
Contra Costa,2012-06,0.0966666666666666,55.98888888888889,5.513777777777778,3970.1,0.6666666666666666,69.70333333333333,17.0,15.0,180.6,1214.4076,1620.9475,0.2777129780828917
Contra Costa,2012-07,0.0,61.12903225806451,5.161612903225806,3840.1,0.0,71.09032258064515,32.5,11.0,256.14,302.1527,3717.1756,0.2777129780828917
Contra Costa,2012-08,0.0,56.79569892473118,4.999032258064516,3719.3333333333335,0.0,70.23655913978494,36.0,14.0,332.59999999999997,13.5688,575.9764,0.2777129780828917
Contra Costa,2012-09,0.0,57.65555555555556,4.312,3104.866666666667,0.0,66.86999999999999,40.0,13.0,168.1,2.5156,340.1707,0.0
Contra Costa,2012-10,1.4466666666666663,67.03225806451613,3.789139784946237,2819.0,0.0,62.96774193548387,27.0,11.0,15.05,2.0,32.4924,0.0
Contra Costa,2012-11,4.239999999999999,77.6111111111111,3.178111111111111,2288.2000000000003,0.0,55.89888888888888,38.0,15.0,1.6,163.0715,3.1243,0.1851419853885945
Contra Costa,2012-12,5.0,80.74898034853541,3.5954022988505745,2586.9333333333334,0.3333333333333333,50.99462365591398,39.0,11.0,0.0,211.1813,21.2003,0.0925709926942972
Contra Costa,2013-01,0.5266666666666667,73.52688172043011,2.9425806451612906,2189.3333333333335,0.0,44.49569892473119,56.0,26.0,2.28,26.0176,37.8203,0.1822630694012202
Contra Costa,2013-02,0.4200000000000001,66.90476190476191,3.267857142857143,2196.066666666667,0.6666666666666666,47.767857142857146,50.0,15.0,0.52,208.6222,52.53,0.1822630694012202
Contra Costa,2013-03,0.82,66.22580645161291,3.986881720430107,2966.2333333333336,0.3333333333333333,55.06021505376344,51.0,15.0,8.2,925.0596,155.3499,0.4556576735030506
Contra Costa,2013-04,0.7633333333333333,56.355555555555554,5.4254444444444445,3906.7333333333336,3.0,61.217777777777776,51.5,17.0,37.05,1027.7334,153.0836,0.3645261388024405
Contra Costa,2013-05,0.0,56.01075268817204,5.300967741935484,3944.066666666667,0.3333333333333333,66.81397849462365,58.0,12.0,594.95,1658.7352,4779.4957,0.3645261388024405
Contra Costa,2013-06,0.0,58.65555555555556,5.112555555555555,3681.1666666666665,0.0,70.66222222222223,52.0,14.0,612.14,2203.3972,1522.9946,0.4556576735030506
Contra Costa,2013-07,0.0,59.97849462365591,5.1439784946236555,3827.466666666667,0.0,72.83548387096774,55.0,8.0,1211.99,564.9875,5198.9286,0.1822630694012202
Contra Costa,2013-08,0.0,63.86021505376345,5.173655913978495,3849.2333333333336,0.0,69.75806451612904,41.0,11.0,162.78,651.0098,297.2471,0.1822630694012202
Contra Costa,2013-09,0.02,60.62222222222223,4.792761904761905,2615.0,0.25,67.41392857142857,42.5,18.0,3143.81,415.156,1534.464,0.1822630694012202
Contra Costa,2013-10,0.3225,54.50537634408602,3.8029838709677417,2061.475,0.5,60.447580645161295,59.0,24.0,387.37,148.393,662.4938,0.2733946041018303
Contra Costa,2013-11,1.4975,62.50378787878788,3.4969166666666665,2087.975,1.0,54.8975,60.5,29.0,3542.34,375.2622,108.3125,0.3645261388024405
Contra Costa,2013-12,0.54,59.54032258064516,3.303790322580645,2457.8,0.25,46.55483870967742,71.0,27.0,6.48,146.5468,10.8125,0.2733946041018303
Contra Costa,2014-01,0.255,56.79032258064516,3.3732258064516127,2509.35,0.0,47.903225806451616,63.0,21.0,13.5,4.4548,23.1766,0.269305622383247
Contra Costa,2014-02,5.7925,77.56928571428571,4.098542857142857,2652.5,0.0,52.60646428571428,55.0,11.0,5.92,301.2729,9.0001,0.3590741631776627
Contra Costa,2014-03,2.44,66.76612903225806,4.276935483870968,3181.925,1.0,57.126612903225805,55.0,10.0,2.05,2233.9362,119.5674,0.0
Contra Costa,2014-04,1.795,66.90833333333333,4.5064166666666665,3244.675,0.25,60.99583333333334,53.0,18.0,4.72,2524.8553,11.1875,0.269305622383247
Contra Costa,2014-05,0.9025,57.685483870967744,5.3775,4000.775,0.25,65.99274193548388,53.0,17.0,161.7,316.3471,3450.0961,0.1795370815888313
Contra Costa,2014-06,1.1525,61.66666666666667,5.608666666666666,4038.3,0.0,68.39083333333333,58.0,21.0,179.82000000000002,1944.4359,4764.3292,0.5386112447664941
Contra Costa,2014-07,1.1975,66.82661290322581,5.537903225806452,4120.25,0.0,70.73629032258064,39.0,8.0,148.45,971.8173,2046.8794,0.0
Contra Costa,2014-08,1.3125,66.91129032258064,5.37766129032258,4001.225,0.0,69.95645161290322,45.0,10.0,17.47,902.2339,200.5695,0.3590741631776627
Contra Costa,2014-09,1.0475,67.51410256410256,4.568752873563218,3258.575,0.0,69.32884615384616,51.0,13.0,21.86,732.856,1392.6712,0.3590741631776627
Contra Costa,2014-10,0.9775,61.71864866018092,3.6658064516129034,2727.575,0.0,64.66935483870968,34.0,14.0,133.73999999999998,206.1988,177.734,0.269305622383247
Contra Costa,2014-11,1.6425,74.43333333333334,2.987416666666667,2150.925,0.0,57.682500000000005,52.5,23.0,0.85,40.8303,0.0,0.0897685407944156
Contra Costa,2014-12,8.59,79.81192396313364,3.81,2834.4,0.75,55.04032258064516,51.0,11.0,0.01,364.77,10.0625,0.0
Contra Costa,2015-01,0.045,77.00887096774193,2.97741935483871,2215.175,0.0,50.01209677419355,70.0,23.0,0.0,46.6262,104.0044,0.1768803263088259
Contra Costa,2015-02,2.4975,72.7186507936508,3.950267857142857,2654.1,1.25,54.53660714285714,53.0,14.0,0.36,142.3509,2.0395,0.3537606526176519
Contra Costa,2015-03,0.5125,67.04459584723767,3.636935483870967,2705.975,0.0,58.19919354838709,41.0,15.5,2.78,925.5602,81.694,0.6190811420808909
Contra Costa,2015-04,1.55,62.57380952380953,4.853833333333333,3495.175,0.75,60.7925,34.0,16.0,5.89,543.291,458.8409,0.530640978926478
Contra Costa,2015-05,0.72,73.6008064516129,5.656693548387096,4208.6,0.0,63.608870967741936,39.0,14.0,397.11,1848.4118,5183.6058,0.1768803263088259
Contra Costa,2015-06,0.8875,67.04310344827586,5.49225,3954.425,0.0,68.9225,50.0,17.0,341.77,7863.0656,10229.526,0.0884401631544129
Contra Costa,2015-07,0.66,65.98739388794567,5.677822580645161,4224.325,0.0,71.18306451612904,38.0,11.0,1015.13,3391.1504,8235.524,0.265320489463239
Contra Costa,2015-08,0.7025,64.2741935483871,5.173387096774194,3849.0,0.0,70.98709677419355,53.0,15.0,5793.68,2041.1811,4880.8407,0.442200815772065
Contra Costa,2015-09,1.24,55.780779054916984,4.3835,3156.325,0.0,68.08833333333334,44.5,20.0,146.64,278.4454,2244.3497,0.1768803263088259
Contra Costa,2015-10,0.44,63.73924731182796,3.57241935483871,2657.9,0.0,65.00806451612902,42.0,19.0,34.04,287.384,326.029,0.7075213052353039
Contra Costa,2015-11,1.6725,69.575,3.5227500000000003,2536.375,0.5,54.030833333333334,45.5,9.0,3.17,109.0,0.0,0.530640978926478
Contra Costa,2015-12,3.325,82.576137721299,3.956290322580645,2944.025,0.75,49.479838709677416,48.0,9.0,0.4,81.0,0.4491,0.265320489463239
Contra Costa,2016-01,6.4125,88.6247311827957,3.9403225806451614,2931.6,0.0,50.71290322580645,45.0,11.5,0.0,67.4953,0.5239,0.261992259002054
Contra Costa,2016-02,0.7475,78.01113505747126,3.5585344827586205,2476.9,0.25,53.532758620689656,42.0,18.0,0.01,133.3214,24.8941,0.0873307530006846
Contra Costa,2016-03,6.0325,78.01116981831665,4.543870967741936,3380.5,0.0,57.10241935483871,34.0,11.5,0.06,2647.6567,540.0689,0.0
Contra Costa,2016-04,1.565,66.60221139430284,4.688166666666667,3375.775,0.5,61.40416666666667,46.5,19.0,16.44,2765.2717,185.2447,0.1746615060013693
Contra Costa,2016-05,0.685,69.66878873351342,4.948790322580645,3681.675,0.25,64.82903225806452,53.0,16.0,42.17,3591.6065,2982.9184,0.1746615060013693
Contra Costa,2016-06,1.1975,60.45,5.22625,3762.9,0.0,68.42166666666667,45.0,15.0,698.4300000000001,1231.0692,6583.8886,0.6113152710047927
Contra Costa,2016-07,1.4300000000000002,63.11981566820276,6.41910906298003,4315.38,1.6,69.72774193548386,35.0,16.0,383.48,2371.3664,2400.0806,0.1746615060013693
Contra Costa,2016-08,1.062,69.01290322580645,6.494645161290322,4832.0199999999995,4.6,68.74064516129032,28.0,9.0,184.17,570.593,1814.2346,0.3493230120027387
Contra Costa,2016-09,0.874,60.69904761904762,5.264233333333333,3674.34,1.4,66.4579393939394,54.0,16.0,117.01,676.3983,74.5307,1.047969036008216
Contra Costa,2016-10,2.6659999999999995,71.30718258382329,4.177601518026565,2844.7799999999997,0.0,62.18040322580646,42.5,12.0,27.37,209.2883,207.8498,0.785976777006162
Contra Costa,2016-11,1.222,82.285,3.3652,2423.04,0.0,57.35866666666667,50.5,14.0,0.57,79.6756,2.6942,0.6986460240054774
Contra Costa,2016-12,3.272,79.28154975251749,3.875069124423963,2575.44,1.0,49.794285714285714,55.0,13.0,0.05,227.1661,2.0955,1.4846228010116391
Contra Costa,2017-01,6.65,85.71440860215054,4.033967741935484,2574.58,1.4,49.00290322580645,50.0,17.0,0.0,0.625,2.9443,0.51962223463542
Contra Costa,2017-02,6.026000000000001,78.97484472049689,4.976642857142857,3011.92,1.2,51.36484126984127,38.0,9.5,0.0,151.9393,261.6835,0.08660370577257
Contra Costa,2017-03,2.5200000000000005,72.26451612903226,4.724,3514.5600000000004,1.2,56.09749677419355,42.0,17.0,0.1,4434.9078,171.7965,0.25981111731771
Contra Costa,2017-04,2.252,66.84,5.057733333333333,3641.66,1.4,59.6,47.5,12.0,0.37,1524.7676,262.5077,0.51962223463542
Contra Costa,2017-05,0.558,64.26169653524492,5.958567741935484,4412.179999999999,1.8,66.37821505376344,53.0,21.5,530.24,1181.2084,1061.2442,0.34641482309028
Contra Costa,2017-06,1.018,64.72495297805642,5.9550222222222216,4082.019999999999,1.4,69.97175,53.5,18.0,211.17,2241.4942,6415.7144,0.69282964618056
Contra Costa,2017-07,1.1820000000000002,62.644554555566785,5.943260752688173,4300.4,2.4,71.50502103786816,55.0,14.0,1665.57,2007.6149,1865.753,0.60622594040799
Contra Costa,2017-08,0.64,66.88168734491316,6.388402150537634,4730.4,2.8,70.68638487208008,61.0,16.0,199.83,1300.8979,172.8728,0.69282964618056
Contra Costa,2017-09,0.408,59.60496715927751,5.254066666666667,3782.9,1.2,69.05595238095239,56.0,22.0,110.11,1099.9512,35.4602,0.4330185288628501
Contra Costa,2017-10,0.882,53.89836963514383,4.326549581839904,3163.3599999999997,1.8,61.12818637992832,58.0,20.0,65862.72,0.0,126.3231,1.29905558658855
Contra Costa,2017-11,2.698,79.6048375812094,3.585271264367816,2569.34,0.0,56.78841379310345,53.0,13.0,0.73,25.0,154.5283,1.1258481750434102
Contra Costa,2017-12,0.072,65.56774193548387,3.6517419354838703,2716.7200000000003,0.8,48.274193548387096,66.0,16.0,0.0,284.0,1.9764,1.1258481750434102
Contra Costa,2018-01,4.084,87.49677419354839,3.514,2614.6800000000003,0.0,51.214193548387094,56.0,11.0,0.01,54.212,1.1974,1.2918216493806576
Contra Costa,2018-02,0.4640000000000001,60.92738095238095,4.6974285714285715,3156.6,1.8,50.47714285714285,55.0,10.0,2.7,482.1054,0.7484,0.516728659752263
Contra Costa,2018-03,4.601999999999999,68.13955453149,4.428258064516129,3294.6400000000003,1.0,53.41290322580645,51.0,8.0,0.51,3518.9373,67.808,0.6889715463363508
Contra Costa,2018-04,1.8880000000000003,63.99591133004926,4.846866666666666,3489.84,1.4,60.01733333333334,54.0,19.0,1.25,791.4613,366.847,0.2583643298761315
Contra Costa,2018-05,0.1379999999999999,66.16820276497695,6.186709677419355,4603.219999999999,2.4,64.67999999999999,51.0,12.0,140.47,816.0768,645.0859,0.4306072164602192
Contra Costa,2018-06,0.124,61.44280701754386,5.053,3638.26,0.4,68.79266666666666,60.5,19.0,12232.82,2203.3985,3432.2664,0.3444857731681754
Contra Costa,2018-07,0.1659999999999999,63.427419354838705,5.359290322580645,3987.32,2.0,70.8516129032258,59.0,12.0,815.97,1215.2118,3801.6783,0.9473358762124824
Contra Costa,2018-08,0.092,66.57426523297491,5.557548387096775,4134.8,1.8,69.3283870967742,61.0,19.0,2236.46,2142.7201,2181.51,1.033457319504526
Contra Costa,2018-09,0.036,63.58814814814815,5.212207407407408,3699.08,1.4,66.56703703703704,57.5,18.5,19.11,162.6162,369.4049,1.11957876279657
Contra Costa,2018-10,0.122,58.55913978494624,4.698516129032258,3495.7,1.6,62.73741935483871,47.0,15.0,31.62,12.4082,111.3925,0.7750929896283946
Contra Costa,2018-11,2.472,62.25885057471264,3.5438,2551.3599999999997,0.4,54.35,54.0,23.0,20.39,51.375,5.9872,0.9473358762124824
Contra Costa,2018-12,2.136,79.72258064516129,3.9141935483870967,2912.02,1.6,51.6341935483871,52.0,14.0,0.0,229.5,18.7446,1.033457319504526
Contra Costa,2019-01,4.446,82.28755760368664,4.027868743047831,2970.3,0.8,50.67014063244875,49.0,12.0,0.0,30.75,106.2221,0.7729017221109148
Contra Costa,2019-02,6.806,77.7,5.4995,3695.94,2.8,49.94706349206349,26.0,6.0,0.0,97.7285,0.0794,0.8587796912343499
Contra Costa,2019-03,3.556,75.26451612903226,4.598967741935484,3421.7,1.2,54.395483870967745,30.0,10.0,0.25,5479.0352,806.4641,0.6870237529874799
Contra Costa,2019-04,0.488,71.28095238095239,5.240933333333333,3773.4,2.0,61.43466666666667,41.5,18.0,3.26,2496.4879,715.2908,1.0305356294812198
Contra Costa,2019-05,2.346,73.90967741935484,6.196322580645162,4609.9800000000005,2.6,63.24129032258064,36.0,11.0,13.68,5418.3491,913.9048,0.7729017221109148
Contra Costa,2019-06,0.026,64.13300366300366,6.009333333333333,4326.86,3.6,69.16266666666667,48.0,14.0,161.41,868.8371,3365.1538,0.4293898456171749
Contra Costa,2019-07,0.002,66.48922727576304,6.166508064516129,4441.42,2.0,71.05309957924263,49.0,12.0,646.64,1572.9676,3130.4165,0.8587796912343499
Contra Costa,2019-08,0.006,65.84122887864824,6.002682382133995,4359.42,2.0,72.02171215880892,41.0,15.0,1154.76,1136.5385,832.9662,1.0305356294812198
Contra Costa,2019-09,0.12,61.88233926992548,5.22185641025641,3689.5,0.8,69.37805128205129,36.5,12.0,106.66,267.4754,436.5844,1.1164135986046548
Contra Costa,2019-10,0.006,47.754383503037566,4.144505376344086,3071.04,1.0,61.52060215053764,41.0,25.0,78114.88,15.4181,233.3709,1.0305356294812198
Contra Costa,2019-11,0.908,66.67333333333333,3.543,2551.1400000000003,1.0,55.66,55.0,31.0,9.78,153.8773,0.0938,1.0305356294812198
Contra Costa,2019-12,3.1580000000000004,78.88387096774194,4.007225806451613,2981.54,0.4,53.22774193548387,41.0,18.0,0.0,290.0577,0.0313,1.8034373515921345
Contra Costa,2020-01,1.5,78.55483870967741,3.6477419354838703,2713.88,0.0,50.39677419354839,45.0,14.0,0.0,0.7206,25.3492,1.6295780422077866
Contra Costa,2020-02,0.06,57.12095490716181,4.456896551724138,3101.84,1.8,51.57905491698595,49.0,22.0,0.0,336.7689,2476.609,1.5438107768284293
Contra Costa,2020-03,1.588,71.79354838709676,4.694516129032258,3492.5,1.2,54.839354838709674,34.0,15.0,0.0,2827.4202,159.2394,0.8576726537935718
Contra Costa,2020-04,1.246,67.52424242424243,5.601115151515151,3890.66,2.4,59.68272727272726,40.0,16.0,0.0,2152.8482,5147.1923,0.6003708576555004
Contra Costa,2020-05,0.918,61.53073044123099,5.798129032258064,4314.14,2.4,65.89612903225807,43.0,15.0,0.0,961.4655,900.4733,1.4580435114490722
Contra Costa,2020-06,0.728,58.526666666666664,6.5572,4721.32,3.8,69.898,37.0,12.0,1.0,532.1267,2715.6479,0.943439919172929
Contra Costa,2020-07,0.3379999999999999,64.01290322580645,6.223354838709677,4630.32,1.8,71.00193548387097,53.0,21.0,28.0,1781.7917,2042.9061,0.8576726537935718
Contra Costa,2020-08,0.024,65.35308302808303,5.571225806451613,4145.38,1.0,72.39290322580646,57.0,23.0,0.0,1192.8375,1185.6895,1.1149744499316436
Contra Costa,2020-09,0.02,64.01248677248677,4.3536,3134.66,0.4,70.376,73.0,33.0,0.0,30.5771,299.8424,1.2007417153110007
Contra Costa,2020-10,0.018,54.03616769956036,3.592322580645161,2672.68,0.2,65.56387096774193,55.0,27.0,0.0,37.5264,422.9413,0.7719053884142146
Contra Costa,2020-11,0.28,62.50666666666666,3.4928,2217.44,0.6,56.34466666666667,45.0,17.0,0.0,147.2601,2.6155,0.6861381230348575
Contra Costa,2020-12,1.584,73.2321198156682,3.3481067788686305,2337.16,0.0,50.081161290322584,52.0,15.0,0.0,195.0,115.291,0.7719053884142146
Contra Costa,2021-01,2.492,80.52107526881721,3.8737419354838702,2882.04,1.2,50.11161290322581,52.0,12.0,1.8,178.0,459.08,1.3700459992944265
Contra Costa,2021-02,0.958,62.60454545454546,4.4510000000000005,2991.06,1.2,52.15351851851853,37.0,12.0,0.2,572.1074,3597.7767,0.7706508746031148
Contra Costa,2021-03,1.148,61.7247311827957,5.316322580645162,3955.539999999999,2.0,54.11290322580645,34.0,15.0,0.48,1359.9559,1706.9719,1.2844181243385246
Contra Costa,2021-04,0.074,62.626666666666665,6.401466666666667,4608.88,3.4,60.42466666666667,52.0,22.0,13.28,2930.1986,2525.2449,1.3700459992944265
Contra Costa,2021-05,0.026,58.39010752688172,7.094774193548386,5278.4,5.8,65.61677419354838,53.0,30.0,86.86999999999999,943.0191,1113.2116,0.7706508746031148
Contra Costa,2021-06,0.098,62.92666666666666,7.346866666666666,5289.62,5.2,70.12733333333333,36.0,14.0,15.22,4800.5636,3341.6742,1.0275344994708198
Contra Costa,2021-07,0.086,65.34304783092325,7.24716129032258,5392.1,5.8,72.26173526140155,47.0,11.0,9.44,3554.7878,2502.6811,1.198790249382623
Contra Costa,2021-08,0.05,65.59283154121863,6.6169032258064515,4923.0,5.2,71.71870967741935,58.0,14.0,31.19,2164.0348,2664.0046,1.0275344994708198
Contra Costa,2021-09,0.082,61.32000000000001,5.747466666666666,4138.14,3.0,69.64924137931034,55.0,19.0,118.93,897.3724,2495.9435,1.0275344994708198
Contra Costa,2021-10,5.788,65.55483870967741,4.727741935483872,3517.46,1.2,62.21677419354838,39.0,18.5,0.52,238.6504,3081.4594,0.6850229996472132
Contra Costa,2021-11,1.074,81.37333333333333,3.2558,2343.94,0.0,58.168000000000006,53.5,21.0,0.01,55.5596,1709.9303,0.6850229996472132
Contra Costa,2021-12,6.978,89.18064516129031,4.366516129032258,3248.84,0.8,51.48451612903226,43.0,10.0,0.0,44.3976,1262.9795,0.3425114998236066
Contra Costa,2022-01,0.428,81.2258064516129,3.263354838709678,2427.94,0.2,49.535483870967745,55.0,20.0,4.0,285.0456,6137.8841,0.6907061174977445
Contra Costa,2022-02,0.176,59.66428571428571,4.286,2880.34,1.8,50.43785714285714,49.0,18.0,15.0,652.3122,5944.0692,0.5180295881233083
Contra Costa,2022-03,0.8719999999999999,65.71612903225807,5.131354838709678,3817.92,2.0,55.572258064516134,37.0,15.0,109.0,3017.8301,1113.3437,0.7770443821849624
Contra Costa,2022-04,1.19,60.154022988505744,6.237933333333333,4491.4400000000005,2.6,60.123333333333335,48.5,18.0,93.0,2027.3769,1024.9933,0.7770443821849624
Contra Costa,2022-05,0.106,57.254327030033366,6.5842580645161295,4898.5199999999995,5.0,64.23290322580644,52.0,16.0,1484.0,915.4745,456.7623,0.6907061174977445
Contra Costa,2022-06,0.242,57.37547619047619,5.9634,4293.82,2.4,69.54333333333334,49.5,18.0,2432.0,4341.6625,1039.302,0.5180295881233083
Contra Costa,2022-07,0.256,69.07603686635944,6.728774193548388,5006.32,3.8,71.56872865275143,34.0,15.0,1413.0,1585.7912,812.7779,0.5180295881233083
Contra Costa,2022-08,0.158,65.82119815668202,6.334516129032258,4712.92,3.8,71.4079677419355,49.0,17.0,361.0,2279.4228,1242.9658,0.6043678528105264
Contra Costa,2022-09,0.42,62.605288058046675,5.1117333333333335,3679.960000000001,1.2,69.51583333333333,52.5,16.0,324.0,23.2165,1135.4948,0.2590147940616542
Contra Costa,2022-10,0.126,68.1501240694789,4.764258064516129,3544.6400000000003,2.2,64.26516129032258,52.0,19.0,79.0,3.3,200.8287,0.6043678528105264
Contra Costa,2022-11,1.518,66.61333333333333,3.6711333333333336,2643.18,0.2,53.13066666666666,51.0,14.0,31.0,160.1855,2.7854,0.8633826468721805
Contra Costa,2022-12,9.762,87.62320355951057,3.8518709677419354,2865.7200000000003,0.4,48.891612903225806,56.0,18.0,1.0,190.1874,3.4468,0.6043678528105264
Contra Costa,2023-01,8.722,76.8967741935484,4.797935483870968,3569.6400000000003,3.2,49.005806451612905,37.0,14.0,1.0,19.8095,0.0,0.5205044034672534
Contra Costa,2023-02,3.176,73.36428571428571,4.9435,3322.06,2.0,47.92142857142857,48.5,9.5,130.0,128.2349,4.3797,0.6072551373784623
Contra Costa,2023-03,6.374,76.5941935483871,5.662387096774194,4213.12,2.2,51.541668520578426,34.0,11.5,3.0,1127.4933,263.0,0.6072551373784623
Contra Costa,2023-04,0.2259999999999999,64.84666666666666,5.717333333333333,4116.3,2.6,58.50933333333334,44.0,19.0,22.0,5051.0719,478.8265,0.4337536695560444
Contra Costa,2023-05,0.844,75.10967741935484,5.932645161290322,4413.9,2.0,63.435483870967744,54.0,17.0,93.0,1357.5335,182.9976,0.8675073391120889
Contra Costa,2023-06,0.088,70.63333333333334,6.512600000000001,4689.2,3.2,66.67575757575757,52.0,15.0,613.0,2141.5307,6088.3805,0.5205044034672534
Contra Costa,2023-07,0.064,64.31612903225806,6.1899999999999995,4605.46,2.0,69.61900921658986,50.0,12.5,885.0,822.4033,3565.1164,0.5205044034672534
Contra Costa,2023-08,0.088,65.91557242251739,5.869476280834915,4092.1,2.6,70.75702629438872,54.0,12.0,98172.0,1189.7802,280.2317,0.9542580730232978
Contra Costa,2023-09,0.104,70.64,5.709866666666667,4111.14,2.6,67.724,53.0,19.0,4023.0,2046.7391,220.3361,0.9542580730232978
Contra Costa,2023-10,0.204,62.09677419354839,4.1736129032258065,3105.24,1.2,63.30322580645161,46.0,15.0,154.0,11.9952,38.3017,1.5615132104017602
Contra Costa,2023-11,0.8960000000000001,64.66,3.5944666666666665,2588.18,0.0,55.584,56.0,17.0,143.0,73.9362,17.8525,2.9495249529811023
Contra Costa,2023-12,2.9159999999999995,82.33548387096775,3.4621935483870963,2575.68,0.0,51.88064516129032,54.0,14.0,44.0,276.5,141.2765,2.6892727512474757
Contra Costa,2024-01,3.916,85.87741935483871,4.027806451612903,2996.88,0.0,51.65834838709677,48.0,,0.0,,,2.0635220882843535
Contra Costa,2024-02,4.006,83.48827586206896,4.439586206896552,3089.76,0.6,52.37536551724138,39.0,,2.0,,,1.633621653225113
Contra Costa,2024-03,2.35,73.03838709677419,5.1254838709677415,3813.019999999999,2.2,55.48138248847927,28.0,,21.0,,,0.6878406960947844
Contra Costa,2024-04,1.182,66.83333333333334,4.994866666666667,3596.3599999999997,2.2,57.41833333333334,37.0,,17.0,,,1.1177411311540246
Contra Costa,2024-05,0.6799999999999999,64.4755376344086,6.279677419354838,4672.1,3.6,61.76370967741936,52.0,,206.0,,,0.6018606090829364
Contra Costa,2024-06,0.008,59.92666666666666,6.318466666666667,4549.68,4.2,67.96733333333334,60.5,,17529.0,,,0.6018606090829364
Contra Costa,2024-07,0.068,55.49193548387097,6.063225806451613,4511.36,2.8,71.31483870967742,54.0,,3116.0,,,0.6878406960947844
Contra Costa,2024-08,0.5479999999999999,61.91303225806452,6.011096774193549,4472.0199999999995,2.4,70.27612903225807,53.0,,911.0,,,0.5158805220710884
Contra Costa,2024-09,0.612,62.56666666666666,5.3244,3833.82,2.0,68.276,52.0,,615.0,,,0.1719601740236961
Contra Costa,2024-10,0.546,56.083533841019936,4.356709677419355,3241.32,0.8,64.69096774193548,49.0,,5166.0,,,1.2037212181658727
Contra Costa,2024-11,1.912,66.80666666666666,4.348466666666667,3130.9,1.0,55.65133333333333,40.0,,21158.0,,,2.321462349319898
Contra Costa,2024-12,2.212,83.58322580645161,3.7999849462365582,2804.26,0.4,51.811075268817206,54.0,,7.0,,,2.2354822623080493
Fresno,2001-01,1.5642857142857145,80.29677419354839,4.013357910906298,2967.128571428572,0.4285714285714285,47.75501645819618,114.5,58.0,,18077.0509,36543.63,0.3689941588224658
Fresno,2001-02,1.2914285714285716,77.5136253331742,4.7828786251342645,3108.6,1.0,49.81141245972073,86.0,20.0,,42439.2841,45532.6519,0.0
Fresno,2001-03,0.9957142857142856,71.87004608294932,4.7379723502304145,3524.8285714285716,0.7142857142857143,57.33115207373272,68.0,40.0,,138455.3561,67811.0935,0.0
Fresno,2001-04,0.7071428571428572,60.74458874458875,5.330587991718426,3722.871428571428,0.2857142857142857,60.00753209109731,52.5,31.5,,92001.9361,29471.3377,0.1229980529408219
Fresno,2001-05,0.3928571428571428,38.89278033794163,6.083133640552996,4525.828571428571,1.2857142857142858,69.77176651305683,56.5,47.0,,111242.7386,90223.1172,0.1229980529408219
Fresno,2001-06,0.0,36.781444991789826,6.194714285714285,4460.242857142857,1.2857142857142858,73.62666666666667,47.0,33.0,,43903.9317,1063.2554,0.0
Fresno,2001-07,0.07,48.61518374099019,5.204331797235023,3872.085714285714,0.0,76.9442396313364,53.0,35.0,,25008.5078,436.73,0.4919922117632878
Fresno,2001-08,0.0,48.40092165898618,4.9802764976958525,3705.171428571429,0.0,76.61382488479262,53.0,36.0,,8556.8098,1202.553,0.7379883176449317
Fresno,2001-09,0.0028571428571428,48.61049208955613,5.039407224958949,3043.557142857143,0.1428571428571428,73.62328407224959,60.0,46.5,,4125.004,3098.2578,0.6149902647041098
Fresno,2001-10,0.1771428571428571,56.35944700460829,3.9669585253456217,2951.5285714285715,0.0,67.26060225647545,70.5,56.0,,2284.2348,3975.05,2.090966899993973
Fresno,2001-11,1.3785714285714286,80.9952380952381,3.665380952380952,2639.214285714286,0.2857142857142857,60.02904761904762,127.0,61.5,,2020.622,5466.0025,1.9679688470531511
Fresno,2001-12,1.5785714285714287,88.47772657450078,4.48705069124424,3338.2285714285713,0.7142857142857143,51.946667848280754,89.0,23.0,,4217.1127,882.0,0.2459961058816439
Fresno,2002-01,0.5742857142857144,87.48847926267281,3.759609148318826,2726.9714285714285,0.1428571428571428,50.04086021505376,118.0,45.0,,25805.4429,2563.5,0.843615398150313
Fresno,2002-02,0.1271428571428571,74.93817132116003,4.0383082706766915,2379.457142857143,0.5714285714285714,51.71954112616707,86.0,57.5,,29663.1981,1759.3987,0.2410329709000894
Fresno,2002-03,0.8085714285714286,63.723502304147466,5.250184331797235,3906.3,1.7142857142857142,54.72814132104455,60.0,25.0,,84084.0178,6951.9348,0.7230989127002683
Fresno,2002-04,0.2014285714285714,57.92857142857143,5.87152380952381,4227.357142857143,0.7142857142857143,62.68809523809524,38.0,30.0,,62797.8476,2769.5649,0.6025824272502236
Fresno,2002-05,0.3085714285714286,44.929646697388634,6.2299078341013825,4635.042857142857,1.0,66.34855606758832,44.0,23.0,,44938.9478,9736.4326,0.6025824272502236
Fresno,2002-06,0.0,42.60952380952381,6.28752380952381,4526.614285714286,1.2857142857142858,73.42726190476189,44.0,31.0,,27228.4364,3228.7026,1.5667143108505814
Fresno,2002-07,0.0,44.86175115207373,5.196036866359448,3865.942857142857,0.0,77.886267281106,55.0,41.0,,18597.2077,2633.8064,0.7230989127002683
Fresno,2002-08,0.0,48.21198156682028,4.630552995391705,3445.3571428571427,0.0,75.37199180747567,69.0,50.0,,13401.4768,5050.7062,1.4461978254005363
Fresno,2002-09,0.0,45.58095238095238,4.481238095238095,3226.2571428571428,0.0,71.67043956043956,58.0,56.5,,2175.9451,2437.655,0.7230989127002683
Fresno,2002-10,0.0,55.262672811059915,3.776543778801844,2809.628571428572,0.2857142857142857,63.83087557603687,73.0,59.0,,793.9139,17207.7119,0.4820659418001788
Fresno,2002-11,0.9957142857142856,74.60706075533662,3.4411904761904757,2477.542857142857,0.4285714285714285,56.84571428571429,143.5,64.0,,1129.833,5074.255,0.3615494563501341
Fresno,2002-12,1.6442857142857144,85.3963133640553,4.090783410138249,3043.542857142857,1.0,51.60599078341014,84.0,35.0,,5724.4683,2407.4,0.4820659418001788
Fresno,2003-01,0.3785714285714285,94.64516129032258,3.099539170506912,2305.9,0.0,52.29400921658986,105.0,39.0,,23748.998,7713.8356,0.4721474327573527
Fresno,2003-02,1.49,78.84693877551021,4.001428571428571,2688.942857142857,0.1428571428571428,52.66887755102041,88.0,21.5,,50855.6277,16511.588,0.1180368581893381
Fresno,2003-03,0.7771428571428572,67.45399650405213,5.058709677419354,3763.5,2.0,57.16866359447005,58.0,29.0,,103737.8833,5855.1778,0.4721474327573527
Fresno,2003-04,1.457142857142857,64.13809523809525,5.613047619047619,4041.414285714286,0.4285714285714285,60.1552380952381,35.0,15.0,,60453.839,716.04,0.590184290946691
Fresno,2003-05,0.7085714285714285,52.824884792626726,5.8109216589861745,4323.3,0.5714285714285714,66.51290322580645,50.0,36.0,,40854.7392,4932.3377,0.8262580073253674
Fresno,2003-06,0.0,45.51534391534392,5.742047619047619,4134.457142857143,0.0,73.8176026272578,50.0,34.5,,12266.7407,6819.0124,0.8262580073253674
Fresno,2003-07,0.0,41.00295698924731,5.045259408602151,3737.9625,0.0,77.97118486352358,56.0,40.0,,18057.0409,7743.562,0.7082211491360292
Fresno,2003-08,0.0,49.37903225806451,5.24641129032258,3903.3625,0.0,78.11421809256662,50.0,43.0,,42610.0346,6459.6693,2.242700305597426
Fresno,2003-09,0.0,47.2,4.6370000000000005,3338.625,0.0,74.85541666666666,56.0,63.0,,7130.2569,1435.2464,1.4164422982720584
Fresno,2003-10,0.0725,48.50418734491315,4.009620669056153,2946.175,0.375,68.05283870967742,66.0,60.0,,2884.3817,47923.8394,3.0689583129227933
Fresno,2003-11,0.3225,68.97500000000001,3.661375,2636.2125,0.0,59.20361842105263,103.5,52.0,,472.3594,16004.8165,2.360737163786764
Fresno,2003-12,1.75125,80.93075639599554,4.433834816462737,3264.1875,0.5,52.103951612903224,81.5,26.5,,4253.066,456.186,3.659142603869484
Fresno,2004-01,0.6625,86.26728110599079,3.7730414746543777,2456.35,0.25,49.51013824884792,93.0,31.0,,18872.9205,3727.8808,2.3227859494677916
Fresno,2004-02,2.1125000000000003,75.49712643678161,4.616151477832513,3079.55,0.625,51.35114942528736,65.0,15.0,,38235.1754,1150.042,1.1613929747338958
Fresno,2004-03,0.5599999999999999,65.56451612903226,4.6564112903225805,3464.4125,0.25,58.98427419354839,66.0,37.0,,101107.7636,723.7337,1.974368057047623
Fresno,2004-04,0.02125,46.47600574712643,5.885474137931034,4216.2875,1.75,62.72791666666666,50.0,35.0,,49069.5915,7181.3616,0.6968357848403375
Fresno,2004-05,0.035,43.222446236559136,6.171633064516129,4438.0,0.875,67.4132056451613,39.0,31.0,,28766.3259,5296.4577,1.5098108671540644
Fresno,2004-06,0.0,43.71607142857143,5.907395833333333,4215.025,0.125,72.25979166666667,50.0,31.0,,15708.5175,11211.9247,1.045253677260506
Fresno,2004-07,0.0,46.09677419354839,5.08,3779.425,0.0,76.02056451612903,53.0,36.0,,8737.4687,78148.1141,0.8129750823137272
Fresno,2004-08,0.0,47.08467741935484,4.963346774193549,3692.5875,0.0,75.04153225806452,53.0,52.0,,12183.3919,65930.9736,1.1613929747338958
Fresno,2004-09,0.0,41.641666666666666,4.625875,3330.6375,0.125,70.55583333333334,56.0,42.0,,6143.7587,13105.8516,1.7420894621008438
Fresno,2004-10,1.96,64.04032258064515,3.9888306451612903,2967.8125,0.25,64.53145161290323,60.0,42.0,,6661.1398,2362.6832,0.8129750823137272
Fresno,2004-11,0.61125,79.05,3.675125,2646.05,1.125,56.032916666666665,101.0,44.0,,2160.7601,8828.9935,0.8129750823137272
Fresno,2004-12,2.4,87.03367452440034,4.121693548387096,3054.1125,0.75,49.88619623655914,87.5,16.0,,2734.2653,2300.0,1.045253677260506
Fresno,2005-01,2.3725,89.91760752688172,4.047177419354838,3011.2875,0.875,50.512768817204304,77.0,17.5,,41515.4405,1251.6729,1.2607883365617156
Fresno,2005-02,2.2725,82.70089285714286,3.872767857142857,2602.55,0.0,54.011607142857144,77.0,23.5,,94302.9094,5290.5801,0.687702729033663
Fresno,2005-03,1.91875,75.08064516129032,4.283346774193548,3186.6,0.375,58.19395161290322,62.0,20.0,,195478.6568,8165.9088,1.0315540935504943
Fresno,2005-04,0.9125,59.858333333333334,5.299625,3815.65,1.0,59.529583333333335,36.5,15.0,,71021.611,8325.766,1.0315540935504943
Fresno,2005-05,1.09,55.09677419354839,5.681733870967742,4227.325,0.5,66.7375,39.0,18.0,,86823.211,24312.6935,1.0315540935504943
Fresno,2005-06,0.0,45.479166666666664,6.163083333333333,4437.5,1.0,71.02708333333334,44.0,34.0,,46442.8885,158964.9033,1.4900225795729367
Fresno,2005-07,0.0,42.78225806451613,5.073709677419355,3774.7625,0.0,77.63024193548387,56.0,50.0,,19770.5676,135335.0386,1.375405458067326
Fresno,2005-08,0.0,43.774193548387096,4.733145161290322,3521.775,0.0,75.95040322580645,56.0,44.0,,19839.3097,50068.6333,1.833873944089768
Fresno,2005-09,0.23625,49.24166666666667,4.4050416666666665,3171.7875,0.0,70.26125,54.0,46.5,,26950.4151,17661.73,3.3238965236627047
Fresno,2005-10,0.06625,55.83064516129032,4.182701612903226,3111.7125,0.375,64.70604838709677,58.0,46.0,,8159.015,10190.0062,5.0431533462468625
Fresno,2005-11,0.7,63.7625,3.665625,2639.3,0.625,58.00625,89.5,46.5,,3979.2679,57824.011,10.888626543032998
Fresno,2005-12,1.52625,83.21580334987593,4.002674731182796,2922.9125,0.25,53.28374460068009,110.5,29.0,,11029.0131,102.9558,8.94013547743762
Fresno,2006-01,2.93875,83.92906212664278,3.776996714456392,2758.7,0.0,51.242831541218635,88.0,33.0,,92552.3182,4529.7162,5.883271370417554
Fresno,2006-02,0.5325,70.00686813186813,3.864401455026455,2587.0125,0.5,52.38839285714286,84.5,33.5,,84277.9346,14159.1496,6.109551038510537
Fresno,2006-03,3.2624999999999997,75.13709677419355,4.791048387096774,3564.3375,0.0,53.44475806451613,53.0,14.0,,301213.3703,22576.5666,3.9598941916272
Fresno,2006-04,2.2825,71.64404761904763,5.014541666666666,3610.1625,0.375,59.84166666666667,38.5,12.0,,246403.1501,11366.1924,8.938046889672822
Fresno,2006-05,0.8037500000000001,49.58978494623656,5.363508064516129,3990.5375,0.875,69.05282258064516,56.0,44.0,,94480.7836,53376.4302,4.073034025673691
Fresno,2006-06,0.1075,43.35,5.613083333333334,4041.4,0.125,74.32375,50.0,47.0,,519668.251,144175.856,7.240949378975451
Fresno,2006-07,0.00125,40.95790461624026,4.866733870967742,3620.6875,0.0,78.28185483870968,58.0,44.0,,359312.966,158415.7412,5.656991702324571
Fresno,2006-08,0.0,46.516129032258064,4.514233870967741,3358.5625,0.0,75.34112903225807,56.0,37.0,0.0,112982.8908,156775.7542,10.182585064184227
Fresno,2006-09,0.00125,44.8375,4.285791666666666,3085.575,0.0,71.17708333333334,62.0,58.0,0.0,80525.2145,18115.5357,6.675250208742995
Fresno,2006-10,0.315,56.266129032258064,3.640685483870968,2708.6125,0.125,63.775,62.0,35.0,2004.48,21487.1846,15512.5572,5.430712034231588
Fresno,2006-11,0.31375,71.72083333333333,3.8501666666666665,2772.325,0.125,58.379583333333336,88.0,44.5,98.1,6044.5023,9845.2947,6.109551038510537
Fresno,2006-12,0.82125,71.85954301075269,4.065493279569893,3008.0875,1.125,49.848234149054505,100.5,50.5,126.65,11001.3873,71.9232,4.978152698045623
Fresno,2007-01,0.42125,64.8204898446834,3.7795161290322583,2812.15,1.0,44.8826900921659,141.0,49.0,314.05,41852.1624,5059.9727,7.47823777001182
Fresno,2007-02,1.25125,73.05357142857143,4.415223214285714,2966.8125,0.25,51.433482142857144,75.0,21.5,39.2,70876.6081,8013.2314,4.911081520604777
Fresno,2007-03,0.4775,58.37096774193549,4.500725806451613,3348.275,0.5,57.237096774193546,67.0,17.0,1057.65,216184.1863,25114.7926,7.255006791802511
Fresno,2007-04,0.5537500000000001,51.8125,5.7035833333333334,4106.4625,1.75,61.66875,65.5,29.5,433.45,59611.468,30353.5007,3.6833111404535823
Fresno,2007-05,0.05875,39.568548387096776,6.1023387096774195,4540.55,1.125,68.37459677419355,67.0,33.0,2250.22,89660.7472,98490.3824,3.013618205825659
Fresno,2007-06,0.0,38.21666666666667,5.9575,4289.5625,0.75,73.31125,66.0,26.0,2999.75,226652.028,170614.268,2.7903872276163506
Fresno,2007-07,0.0,44.439516129032256,5.199395161290322,3868.175,0.125,77.10282258064515,65.0,24.0,618.45,146909.9698,145445.5231,2.4555407603023887
Fresno,2007-08,0.03375,43.04422043010753,4.732822580645161,3521.025,0.0,77.00040322580645,69.0,37.0,793.54,69305.0622,74453.435,3.236849184034967
Fresno,2007-09,0.0825,50.5375,4.800125,3456.3,0.0,72.90625,67.5,42.5,227.87,16065.5968,27142.5448,2.3439252711977345
Fresno,2007-10,0.51,56.461424731182795,4.271491935483871,3177.8875,0.5,63.941303763440864,70.0,34.5,170.81,8982.2624,5460.7302,1.7858478256744643
Fresno,2007-11,0.135,64.5125,3.619791666666667,2606.2875,0.0,58.22541666666667,122.5,58.5,170.10000000000002,21854.4987,991.173,3.013618205825659
Fresno,2007-12,1.18625,73.95161290322581,4.120040322580645,3065.35,0.375,48.85927419354839,98.0,19.0,12.9,20857.3808,2143.1332,2.678771738511697
Fresno,2008-01,2.9,79.1008064516129,4.787258064516129,3561.675,1.75,48.575,64.0,27.0,9.35,121920.6498,2622.3757,0.9894132779261896
Fresno,2008-02,1.11375,72.73706896551724,4.5762931034482754,3185.1375,1.25,50.29870689655172,78.0,39.0,17.64,86988.4343,9112.3342,0.8794784692677242
Fresno,2008-03,0.06,56.44758064516129,5.502016129032258,4093.5625,2.0,55.67620967741935,56.0,21.0,788.5899999999999,125636.5355,17661.2347,2.96823983377857
Fresno,2008-04,0.0699999999999999,45.4375,5.976666666666667,4303.3,2.125,60.2575,60.5,31.0,93.02,89395.234,24886.8289,1.8688917471939144
Fresno,2008-05,0.245,44.33870967741935,5.984032258064516,4452.0875,2.375,67.49475806451613,67.0,35.5,2227.11,81742.9332,146104.1918,1.5390873212185174
Fresno,2008-06,0.0025,35.09166666666667,5.968,4297.025,2.125,72.8075,69.0,34.5,5394.53,437454.0212,106468.9145,1.5390873212185174
Fresno,2008-07,0.00375,43.346774193548384,5.137016129032258,3821.8125,0.0,77.97177419354838,83.0,31.0,2363.84,56196.8859,224707.2089,3.6278486857293624
Fresno,2008-08,0.0,40.600940860215054,4.668145161290322,3473.05,0.0,78.21129032258065,63.0,43.0,3746.72,18776.4981,81130.4964,2.7483702164616384
Fresno,2008-09,0.00125,43.35416666666667,4.011875,2888.5375,0.0,73.16708333333334,76.0,53.5,183.95,18624.0566,24935.7495,3.298044259753966
Fresno,2008-10,0.085,45.83467741935484,4.221895161290322,3140.75,1.5,64.77016129032259,70.0,53.0,321.3,46175.9473,8246.8708,6.15634928487407
Fresno,2008-11,0.86,70.58166666666666,3.347875,2410.2,0.125,58.9475,95.5,38.5,28.07,27955.5604,2620.448,3.407979068412431
Fresno,2008-12,0.97375,84.22177419354838,3.4739112903225804,2584.725,0.25,50.821774193548386,94.0,18.5,0.12,6869.018,2023.4201,6.486153710849466
Fresno,2009-01,1.0925,79.19166666666666,3.0795967741935484,2291.3125,0.0,49.111693548387095,102.0,33.0,4.26,151204.0544,1923.6854,6.619799930112276
Fresno,2009-02,1.445,76.11607142857143,4.362410714285714,2931.6375,0.875,50.65580357142857,51.5,13.0,974.6,88447.7413,10504.747,5.7516294474746
Fresno,2009-03,0.3175,60.32661290322581,5.2128629032258065,3878.3375,1.25,55.88588709677419,42.0,22.0,73.48,139205.3476,38233.2595,3.90676717186954
Fresno,2009-04,0.69375,47.1625,5.713166666666666,4113.575,2.125,61.44208333333333,46.5,19.0,96.1,105405.7563,24582.5724,5.643108137144891
Fresno,2009-05,0.15,43.358870967741936,5.954395161290322,4430.25,1.125,70.80403225806452,58.0,26.5,749.4,91642.7531,107886.4651,4.2323311028586685
Fresno,2009-06,0.12375,45.016666666666666,5.4318333333333335,3910.95,0.0,74.40083333333334,49.0,28.5,760.89,81668.0312,110830.8082,5.3175442061557625
Fresno,2009-07,0.0,35.788306451612904,5.296572580645162,3940.5625,0.0,79.23346774193548,57.0,26.0,855.8,25222.5838,106654.1839,3.364160620220993
Fresno,2009-08,0.0,39.0106182795699,4.894354838709678,3641.2625,0.0,77.60645161290323,62.0,50.0,3573.09,22757.0654,58520.7173,4.666416344177506
Fresno,2009-09,0.03375,40.2014367816092,4.6345833333333335,3336.85,0.0,74.96544540229884,60.0,49.5,373.43,22921.8844,10569.4118,3.364160620220993
Fresno,2009-10,1.0125,54.96198421526564,4.845174120234604,3433.9125,1.75,64.92564149560117,61.0,29.5,83.85,48130.3252,8059.4982,4.340852413188378
Fresno,2009-11,0.195,65.15416666666667,3.7188333333333334,2677.475,0.625,55.96083333333333,82.5,40.0,14.11,24670.9251,3408.345,2.3874688272536075
Fresno,2009-12,1.535,81.90793010752688,3.6133870967741935,2688.3125,0.75,49.31975806451613,100.0,25.0,7.22,20983.1619,1073.3329,3.4726819305507024
Fresno,2010-01,1.89,86.96895161290323,3.911612903225807,2910.4875,0.75,49.76854838709677,73.0,25.0,1.0,126467.4481,2102.1743,3.6472781650329007
Fresno,2010-02,2.37375,84.95535714285714,3.539196428571429,2377.9375,0.125,53.0,62.5,28.0,1.14,132295.4368,14307.4792,1.5018204208959005
Fresno,2010-03,0.548888888888889,64.2252944188428,4.665642601126472,3164.6,0.4444444444444444,55.583666154633896,55.0,21.5,49.120000000000005,279693.35,26056.5735,1.9309119697233
Fresno,2010-04,1.968888888888889,63.72592592592592,4.999740740740741,3599.8222222222225,0.6666666666666666,58.98111111111112,54.0,26.0,7.62,134717.9345,27413.7192,2.2527306313438507
Fresno,2010-05,0.1866666666666666,46.056750298685785,5.692856630824373,4222.711111111112,1.7777777777777777,65.1794504181601,51.0,22.0,239.91,102820.0589,110642.4427,2.1454577441370004
Fresno,2010-06,0.1466666666666666,38.53333333333333,6.355444444444444,4575.922222222222,1.3333333333333333,73.19925925925925,51.0,27.5,4627.65,55329.1682,111353.7418,5.363644360342501
Fresno,2010-07,0.2299999999999999,40.10227001194743,5.1450179211469536,3827.866666666667,0.0,78.89569892473119,61.0,36.0,1492.28,32430.7171,158206.1989,7.187283442858952
Fresno,2010-08,0.3855555555555555,42.62893514840122,4.5929032258064515,3416.9777777777776,0.0,76.75304659498208,58.0,42.0,1306.87,28663.0807,35220.7786,10.298197171857602
Fresno,2010-09,0.55,43.8397190293742,4.385333333333333,3157.511111111111,0.0,72.11703703703704,59.0,52.5,529.63,34622.1259,24273.7494,12.12183625437405
Fresno,2010-10,0.9300000000000002,58.38351254480287,3.9094982078853047,2908.711111111111,0.2222222222222222,67.2752688172043,64.0,22.0,171.18,24250.3753,8458.742,13.730929562476804
Fresno,2010-11,1.5622222222222222,71.05555555555556,3.4932222222222222,2515.266666666667,0.0,56.54259259259259,82.5,24.5,176.02,13486.3413,9974.7518,9.76183273582335
Fresno,2010-12,3.8988888888888886,84.89859020310634,3.7592614097968937,2715.3222222222225,0.5555555555555556,52.96455675029869,80.0,24.0,0.05,23800.6408,1488.0951,7.723647878893201
Fresno,2011-01,1.2000000000000002,89.69622942870996,2.8519713261648745,2101.7555555555555,0.1111111111111111,49.5509949326412,84.0,21.0,3.0,143715.0731,7600.0607,6.594299547120525
Fresno,2011-02,1.2633333333333332,69.9404761904762,3.9815079365079367,2675.644444444444,0.6666666666666666,50.18134920634921,63.0,26.0,7.53,79238.4407,30074.7404,5.317983505742359
Fresno,2011-03,2.538888888888889,72.49665471923537,4.766415770609319,3546.0555555555557,0.5555555555555556,54.7763201911589,53.0,11.0,1256.9,245329.168,61285.2954,6.700659217235372
Fresno,2011-04,0.2944444444444444,56.82962962962963,5.460592592592593,3931.5444444444447,1.0,60.93185185185185,53.0,13.0,39.32,144830.1578,54264.7953,5.424343175857206
Fresno,2011-05,0.2188888888888888,46.98924731182795,5.803548387096774,4317.6,0.5555555555555556,66.40816009557945,57.0,16.5,2023.55,130262.2477,116616.4965,2.765351422986026
Fresno,2011-06,0.9811111111111112,47.13333333333333,5.3762592592592595,3870.711111111111,0.0,72.05333333333334,60.0,24.5,2127.4,168115.9354,196388.3191,4.7861851551681225
Fresno,2011-07,0.1077777777777777,42.94806125773868,5.1688530465949825,3845.5777777777776,0.0,77.50821900877519,64.0,29.0,2552.44,73836.6364,244792.8436,5.105264165512664
Fresno,2011-08,0.0111111111111111,42.6341614139167,4.39921146953405,3272.922222222222,0.0,76.35755077658304,62.0,33.0,672.31,32476.1706,167279.8512,5.956141526431442
Fresno,2011-09,0.0277777777777777,44.68148148148149,4.303703703703704,3098.511111111111,0.0,73.73111111111112,64.5,55.0,7016.86,29054.3664,31567.7873,9.253291299991703
Fresno,2011-10,0.56,59.63357228195938,3.81247311827957,2836.3333333333335,0.0,66.88602150537635,76.0,42.0,288.87,24992.2142,7150.8151,9.359650970106552
Fresno,2011-11,0.8644444444444445,74.98403575989784,3.749925925925926,2700.0444444444447,0.3333333333333333,56.51148148148148,76.5,28.0,86.08,12267.3424,738.3625,7.764255918383843
Fresno,2011-12,0.0288888888888888,64.65591397849462,3.4878494623655913,2594.911111111111,0.7777777777777778,47.50824372759857,140.0,56.5,137.02,25310.4008,1086.5663,9.146931629876857
Fresno,2012-01,0.7611111111111111,66.18207885304659,3.7568100358422942,2795.2555555555555,0.0,47.71397849462366,120.0,26.0,101.03,158963.2623,5146.2909,9.297401693183632
Fresno,2012-02,0.6011111111111112,62.19157088122605,4.598275862068966,3200.4777777777776,0.8888888888888888,51.02567049808429,67.0,24.0,39.63,134037.396,17107.6732,7.606965021695698
Fresno,2012-03,1.8233333333333333,59.52724014336918,5.024587813620071,3738.344444444445,0.8888888888888888,54.681720430107525,52.0,18.0,120.2,205632.1532,31521.4232,5.705223766271773
Fresno,2012-04,1.8888888888888888,57.80614344503234,5.350407407407407,3852.4333333333334,1.1111111111111112,61.00111111111111,51.5,11.0,34.54,183866.2839,52666.0702,4.648700846591816
Fresno,2012-05,0.1588888888888888,38.94910394265233,5.982795698924731,4451.044444444445,1.7777777777777777,69.5921146953405,56.0,28.0,1015.62,124125.0504,172372.6647,4.860005430527807
Fresno,2012-06,0.1,37.53251028806584,6.482865079365079,4624.177777777778,2.4444444444444446,73.02316872427984,50.5,31.0,763.0,78380.2162,297225.2195,2.6413072991998954
Fresno,2012-07,0.0,40.26647966339411,5.0139426523297494,3730.1666666666665,0.0,76.5219379557533,57.0,30.0,3050.13,54120.3301,273009.5298,2.6413072991998954
Fresno,2012-08,0.0088888888888888,37.37405017921147,4.720430107526882,3512.188888888889,0.0,77.34241338112307,57.0,42.0,498.71,41587.8109,119445.8986,3.486525634943862
Fresno,2012-09,0.0,39.13447293447294,4.050111111111111,2916.1111111111113,0.0,73.65777777777777,63.0,55.5,253.12,31480.083,32808.6672,2.5356550072318993
Fresno,2012-10,0.3544444444444444,55.037839221710186,4.011111111111111,2984.4444444444443,0.0,67.16129032258064,66.0,49.0,49.92,16670.1572,7407.916,2.324350423295908
Fresno,2012-11,0.64,69.01851851851852,3.689148148148148,2656.2444444444445,0.0,58.373703703703704,80.0,30.5,184.91,8481.8557,3710.0828,2.8526118831358867
Fresno,2012-12,1.4566666666666666,82.60116649304636,4.266029185867896,3136.266666666667,0.2222222222222222,52.75643881208398,67.0,18.5,3.3,30219.9047,3822.3747,2.4300027152639037
Fresno,2013-01,0.5455555555555556,75.36200716845877,3.3923655913978497,2524.0222222222224,0.0,46.07132616487455,107.0,42.0,16.85,163065.5769,3649.6765,2.516699348804043
Fresno,2013-02,0.4966666666666666,69.4126984126984,3.967063492063492,2665.7555555555555,0.0,49.1281746031746,77.0,31.0,8.4,79885.1563,12073.9475,2.936149240271384
Fresno,2013-03,0.6655555555555556,60.70250896057347,4.5584229390681,3391.3999999999996,0.7777777777777778,56.87132616487455,60.0,25.0,21.75,236557.9871,59606.0782,2.516699348804043
Fresno,2013-04,0.0866666666666666,48.16394210302256,6.227554278416347,4464.555555555556,3.0,63.0388122605364,54.0,27.0,491.73,143853.788,176596.2603,3.9847739689397352
Fresno,2013-05,0.1622222222222222,42.731933777095065,6.172186379928315,4592.144444444445,1.0,68.90896057347669,56.0,27.0,1718.85,137424.9555,234969.3813,4.718811279007582
Fresno,2013-06,0.1166666666666666,40.51610981610982,5.792444444444445,4170.5888888888885,0.2222222222222222,74.34333333333333,55.0,29.0,1347.06,78959.8898,307819.3988,3.1458741860050545
Fresno,2013-07,0.1044444444444444,37.099152818507655,4.836666666666667,3598.6555555555556,0.0,78.57813620071686,63.0,34.0,606.09,45638.3365,221088.6888,2.936149240271384
Fresno,2013-08,0.03,41.912195887168075,4.884014336917563,3633.655555555555,0.0,77.16536439665472,56.0,35.0,549.0,47079.0859,113724.0446,1.7826620387361976
Fresno,2013-09,0.0355555555555555,44.87037037037037,4.986000000000001,3589.7000000000003,0.1111111111111111,73.31296296296296,55.0,48.5,51.7,29283.078,58348.8815,1.6777995658693623
Fresno,2013-10,0.1011111111111111,45.21078025916736,3.925960849186656,2847.4666666666667,0.4444444444444444,63.91895505927763,64.0,52.0,263.89,9969.3831,22687.945,1.8875245116030328
Fresno,2013-11,0.4266666666666666,58.93461047254151,3.469222222222222,2497.911111111111,0.5555555555555556,56.91851851851852,85.0,56.0,125.07,13710.7117,21226.118,2.6215618216708787
Fresno,2013-12,0.1611111111111111,58.59139784946236,3.2170609318996415,2393.422222222222,0.0,47.46410991636798,131.0,56.0,33.5,22982.6086,13620.1921,2.3069744030703734
Fresno,2014-01,0.1722222222222222,54.88530465949821,3.162731979291119,2265.1000000000004,0.0,48.32900621879117,139.0,66.0,164.37,160833.831,7064.5434,1.1418807606586785
Fresno,2014-02,1.2755555555555556,64.39126984126985,4.603587301587301,2744.133333333333,0.4444444444444444,53.37047619047619,61.5,23.5,46.35,135909.1758,62134.7097,1.3494954444148015
Fresno,2014-03,0.7866666666666666,55.448028673835125,4.915412186379928,3657.022222222222,0.3333333333333333,58.53082437275985,52.0,21.0,320.45,179657.0149,81072.6198,1.24568810253674
Fresno,2014-04,0.4522222222222222,48.45555555555555,5.249259259259259,3779.6222222222223,0.4444444444444444,63.48074074074074,54.0,23.0,226.95,121203.1101,136050.2088,0.8304587350244933
Fresno,2014-05,0.0555555555555555,34.913978494623656,5.909318996415771,4396.377777777778,1.5555555555555556,69.19462365591397,50.0,28.0,82.68,97374.3482,168758.3934,1.3494954444148015
Fresno,2014-06,0.0033333333333333,31.91111111111111,5.520555555555556,3974.5777777777776,0.2222222222222222,75.14703703703704,52.5,29.5,570.38,88515.2048,404217.3011,1.557110128170925
Fresno,2014-07,0.0211111111111111,37.70824372759856,5.04584229390681,3754.211111111111,0.0,79.41924731182796,56.0,35.0,2410.89,69754.9647,197009.3854,2.0761468375612333
Fresno,2014-08,0.0133333333333333,39.27956989247312,4.758351254480287,3540.1222222222223,0.0,79.07916471871592,58.0,43.0,953.73,80364.694,100384.4346,1.557110128170925
Fresno,2014-09,0.0344444444444444,44.353439153439155,4.516555555555556,3251.9333333333334,0.0,75.96962962962964,61.5,51.0,56.88,19162.1043,23342.7206,1.7647248119270482
Fresno,2014-10,0.5977777777777777,45.11827956989247,4.313118279569892,3208.644444444444,0.1111111111111111,68.35483870967742,60.0,50.0,53.14,7926.7378,23392.9901,1.8685321538051096
Fresno,2014-11,0.3666666666666667,72.87407407407407,3.3101481481481483,2383.233333333333,0.0,58.77407407407408,79.5,34.0,0.28,14425.4227,27847.0579,1.3494954444148015
Fresno,2014-12,2.4388888888888887,83.4763605652371,4.184301075268817,3099.788888888889,1.3333333333333333,55.0294623655914,66.0,19.0,2.13,45082.3108,4464.7575,0.9342660769025548
Fresno,2015-01,0.1577777777777777,82.4610513739546,2.9289868578255676,2169.7555555555555,0.0,50.00296296296296,99.0,35.0,3.81,194310.0184,10657.3425,1.5417727920271844
Fresno,2015-02,0.741111111111111,71.35397413286302,3.951507936507936,2655.5666666666666,0.4444444444444444,55.046031746031744,76.5,29.0,7003.18,140086.8661,34473.235,0.8222788224144985
Fresno,2015-03,0.0622222222222222,52.34958183990442,4.473906810035842,3328.8,0.1111111111111111,59.54551971326165,53.0,23.0,119.86,120108.005,146658.7115,2.1584819088380582
Fresno,2015-04,0.51,41.86704980842912,5.357353767560664,3840.022222222222,0.6666666666666666,63.130051085568326,52.0,24.0,180.96,140373.7349,132117.5946,2.775191025648932
Fresno,2015-05,0.3111111111111111,44.94360812425329,5.110817204301075,3786.1,0.0,68.40600955794504,52.0,22.0,1088.7,156262.4681,141004.2734,1.33620308642356
Fresno,2015-06,0.03,33.53703703703704,5.041,3629.444444444444,0.0,76.48920817369093,57.0,31.0,1420.29,245740.3488,429281.5842,1.644557644828997
Fresno,2015-07,0.1755555555555555,38.74551971326164,5.303405017921147,3945.444444444444,0.1111111111111111,79.62165471923537,57.0,29.0,4247.64,151063.3257,214341.7742,2.5696213200453077
Fresno,2015-08,0.0055555555555555,38.08960573476703,4.96078853046595,3690.511111111111,0.0,78.98944030879515,63.0,44.0,114.28,59559.3166,101195.1332,2.4668364672434953
Fresno,2015-09,0.0233333333333333,34.42962962962963,4.424296296296296,3185.511111111111,0.0,74.37429629629631,62.0,52.0,1470.82,28969.725,31445.6162,3.083545584054369
Fresno,2015-10,0.3511111111111111,51.46693033411609,3.9968458781362006,2973.5,0.1111111111111111,69.78660049627791,63.0,38.0,762.8499999999999,10487.9536,32345.6883,5.653166904099677
Fresno,2015-11,1.412222222222222,69.77037037037036,3.7960370370370367,2733.133333333333,0.5555555555555556,56.54481481481482,75.0,26.5,37.23,12875.9891,6931.0255,2.67240617284712
Fresno,2015-12,1.5355555555555556,76.21505376344086,3.825483870967742,2846.1222222222223,0.0,49.696774193548386,83.0,26.0,5.14,32769.0109,42718.3819,2.1584819088380582
Fresno,2016-01,3.265555555555556,82.0394265232975,3.751935483870968,2791.488888888889,0.1111111111111111,50.7450752688172,64.0,19.0,4.21,160482.3391,16128.6886,2.956121975708832
Fresno,2016-02,0.1333333333333333,70.11877394636015,3.620153256704981,2519.6222222222223,0.4444444444444444,53.18469449485784,76.0,31.0,10.66,168366.428,72962.7547,1.8348343297503096
Fresno,2016-03,1.74,64.91887694145758,4.6033333333333335,3424.8222222222225,0.3333333333333333,58.31024065540195,52.0,16.0,7.9,219877.3712,112225.3158,1.9367695702919936
Fresno,2016-04,0.9277777777777776,51.19633461047254,5.249,3779.2,1.3333333333333333,64.09061728395062,51.5,23.0,346.94,155001.3279,114999.461,3.1599924567922
Fresno,2016-05,0.8255555555555555,46.47491039426523,5.145197132616488,3828.133333333333,0.0,70.46457127102288,44.0,29.0,4647.79,156596.3898,211586.7844,1.7328990892086256
Fresno,2016-06,0.0144444444444444,31.585185185185185,5.427037037037037,3907.511111111111,0.0,76.61,52.0,36.5,2157.98,131670.8452,453164.208,3.771603900042303
Fresno,2016-07,0.0011111111111111,31.16188769414576,4.981863799283154,3706.477777777778,0.0,79.37275985663082,55.0,45.0,138911.81,62439.0921,238244.3298,4.281280102750722
Fresno,2016-08,0.0,34.72401433691756,4.455161290322581,3314.744444444444,0.0,79.42759856630825,61.0,61.0,7499.48,36921.2528,86595.7216,6.82966111629282
Fresno,2016-09,0.0022222222222222,35.2962962962963,4.15362962962963,2990.5333333333333,0.0,73.79555555555555,58.0,58.5,1517.28,16750.6469,24896.0037,8.256754483876394
Fresno,2016-10,0.5955555555555556,51.04152121470129,4.3492831541218635,3114.5222222222224,0.3333333333333333,66.98369839373424,53.0,45.0,164.53,11888.0531,4309.2843,13.65932223258564
Fresno,2016-11,1.008888888888889,71.52962962962962,3.5250740740740745,2538.188888888889,0.2222222222222222,60.27095516569201,79.0,39.0,4.85,7513.9527,18132.6123,8.97030116766818
Fresno,2016-12,1.4844444444444445,77.70250896057347,3.5836559139784945,2666.1777777777775,0.0,52.5621027479092,88.0,30.0,11.52,33206.4116,26629.4986,5.198697267625877
Fresno,2017-01,3.755555555555555,82.21453910486169,4.17862558588365,3039.733333333333,0.4444444444444444,49.98311104218362,55.0,11.0,1.03,119527.4415,5438.9381,4.645179011061585
Fresno,2017-02,2.232222222222222,76.57348754126532,4.77202380952381,3206.8,0.6666666666666666,53.82232142857143,45.5,12.5,2.97,174449.8683,47404.7867,2.2216073531164104
Fresno,2017-03,0.8655555555555555,64.24014336917563,4.614372759856631,3433.2,1.4444444444444444,58.12335722819594,55.0,26.0,4.680000000000001,213245.0609,62142.8166,2.827500267602704
Fresno,2017-04,0.7755555555555556,51.65555555555555,5.834185185185185,4200.522222222222,2.111111111111111,62.723481481481485,41.5,24.0,4600.24,144485.6051,153123.0682,3.332411029674615
Fresno,2017-05,0.13,42.17921146953405,5.56931899641577,4143.766666666666,0.8888888888888888,70.54920281794585,51.0,35.0,12843.83,140752.1933,195211.7638,5.049107620719114
Fresno,2017-06,0.0088888888888888,37.30166028097062,5.629333333333333,4053.1444444444446,0.0,76.72333333333333,51.5,37.5,3585.27,107747.2488,402577.5828,5.150089773133496
Fresno,2017-07,0.0288888888888888,31.32043010752688,5.018458781362007,3733.9666666666662,0.1111111111111111,79.58100358422939,57.0,42.0,57193.61,76434.7936,263493.3839,5.856964840034172
Fresno,2017-08,0.03,37.943249701314215,4.733799283154122,3521.7111111111108,0.0,79.6347670250896,65.0,53.0,909.27,58921.6692,121958.6265,9.391340174537552
Fresno,2017-09,0.15,41.282886334610474,4.662777777777778,3357.3222222222225,0.0,75.37,58.0,46.0,2225.26,33224.8376,46543.9249,11.51196537523958
Fresno,2017-10,0.1355555555555555,42.029151732377535,4.193799283154122,3120.3777777777777,0.1111111111111111,65.71182795698924,70.0,60.0,369.04,22556.2058,13910.3735,13.32964411869846
Fresno,2017-11,0.2966666666666666,65.76048166392994,3.861296296296296,2779.9555555555553,0.1111111111111111,60.99925925925926,70.0,38.5,220.06,8448.7107,9362.9883,9.896250936609464
Fresno,2017-12,0.0555555555555555,56.9820788530466,3.2241577060931896,2398.777777777778,0.4444444444444444,51.29283154121864,150.0,61.0,247.79,17098.1768,26927.5094,11.00705461316767
Fresno,2018-01,1.1011111111111112,79.93821100202587,3.438952210274791,2547.277777777778,0.0,52.49441523961237,83.0,31.0,19.3,189453.4151,85788.6189,10.124186681983256
Fresno,2018-02,0.2111111111111111,52.31746031746032,4.296230158730158,2887.144444444444,0.0,52.118650793650794,59.5,33.5,89.3,146449.1851,52993.4636,4.510776244447986
Fresno,2018-03,2.7933333333333334,65.40764635603345,4.237383512544803,3152.4444444444443,0.5555555555555556,55.4494623655914,39.0,13.0,4.98,229205.2139,65958.4367,3.508381523459545
Fresno,2018-04,0.4288888888888889,50.24444444444444,5.013407407407407,3609.711111111111,0.5555555555555556,63.44851851851851,44.0,19.0,1223.97,164844.7526,170273.0031,4.310297300250298
Fresno,2018-05,0.0388888888888888,44.03512544802867,5.274853046594981,3805.3555555555554,0.1111111111111111,69.51868279569892,45.0,30.0,2647.09,203512.407,159835.116,4.009578883953766
Fresno,2018-06,0.0611111111111111,36.605165318575274,5.218914431673053,3740.133333333333,0.5555555555555556,74.93800766283525,53.0,39.5,8294.07,207566.2473,384927.1758,4.210057828151454
Fresno,2018-07,0.0022222222222222,35.89670986122599,4.905376344086021,3649.655555555555,0.0,80.27168458781362,59.0,50.0,887.07,130610.852,282663.928,4.10981835605261
Fresno,2018-08,0.0022222222222222,38.96057347670251,4.586200716845878,3411.9333333333334,0.0,78.45770609318997,80.0,57.0,1749.75,55537.9236,91619.9438,5.513170965436427
Fresno,2018-09,0.0677777777777777,38.6925925925926,3.9990370370370374,2879.2,0.0,74.11851851851851,56.5,56.5,987.64,24038.2866,49672.3807,4.711255188645675
Fresno,2018-10,0.1966666666666666,48.7921146953405,3.827956989247312,2848.0555555555557,0.1111111111111111,67.3931899641577,57.0,51.0,338.12,24341.7037,1956.0344,7.618199879512154
Fresno,2018-11,1.5722222222222222,57.78888888888889,3.289740740740741,2368.688888888889,0.0,58.36592592592592,85.0,60.5,66.3,7189.656,2902.023,6.014368325930648
Fresno,2018-12,0.7766666666666667,82.05376344086022,3.3881720430107527,2520.5555555555557,0.1111111111111111,53.10537634408602,83.0,28.0,3.44,22390.2748,66653.9658,6.114607798029493
Fresno,2019-01,1.4244444444444444,77.57446545544433,3.893476702508961,2896.644444444444,0.1111111111111111,51.730824372759855,64.0,22.0,3.61,196579.2843,13456.8593,5.373535338458094
Fresno,2019-02,2.376666666666667,74.14906832298136,5.0845634920634915,3416.811111111111,1.4444444444444444,50.79206349206349,51.5,14.0,1.23,149009.4309,36763.2842,4.975495683757495
Fresno,2019-03,1.3333333333333333,64.5358422939068,4.617921146953405,3435.777777777778,0.6666666666666666,56.36451612903225,38.0,11.0,2.41,257372.954,89326.7272,3.283827151279946
Fresno,2019-04,0.2955555555555555,51.3559670781893,5.094851851851852,3668.3555555555554,1.4444444444444444,64.37888888888888,44.0,20.5,181.32,172109.4032,100092.8337,3.1843172376047963
Fresno,2019-05,1.7011111111111112,56.95221027479093,5.005376344086021,3724.1444444444446,0.1111111111111111,68.33870967741935,42.0,23.0,369.4,352096.6507,204882.3123,3.980396547005995
Fresno,2019-06,0.0,39.06168582375479,5.412555555555556,3896.8888888888887,0.4444444444444444,76.9695061728395,48.5,33.0,4358.04,521797.0428,298330.978,5.274025424782944
Fresno,2019-07,0.0,36.68100358422939,4.892401433691756,3640.011111111111,0.0,80.13917838433969,52.0,41.0,1456.41,210181.5932,264278.8026,4.6769659427320445
Fresno,2019-08,0.0088888888888888,40.33775388291517,4.785516129032258,3545.866666666667,0.0,80.43024193548388,52.0,50.0,1176.4,80301.211,133917.939,4.577456029056894
Fresno,2019-09,0.0511111111111111,42.82222222222222,4.624259259259259,3329.5666666666666,0.0,76.25974658869397,46.0,42.5,982.83,29160.9179,58890.9118,5.871084906833843
Fresno,2019-10,0.0077777777777777,39.935483870967744,4.017921146953404,2989.1777777777775,0.2222222222222222,66.17992831541218,61.0,57.0,374.22,37065.0573,18034.2663,6.667164216235042
Fresno,2019-11,0.6211111111111111,54.224074074074075,3.345685185185185,2298.9444444444443,0.3333333333333333,58.693333333333335,84.0,59.0,84.73,10189.8678,9633.4549,7.164713784610791
Fresno,2019-12,1.5233333333333334,84.26478494623656,4.027849462365592,2268.366666666667,0.0,53.825806451612905,60.0,21.0,5.27,43028.563,36776.2983,7.164713784610791
Fresno,2020-01,0.3375,85.1131421744325,3.4962089093702,2264.1375,0.0,50.65717357910906,70.0,24.0,0.0,181237.7328,9968.5781,4.560537667562581
Fresno,2020-02,0.03,55.45785440613027,4.1188615216201425,2330.975,0.25,52.882895457033385,67.0,40.0,0.0,135333.1086,30514.795,4.362253421146816
Fresno,2020-03,2.04875,67.04119915848527,4.35273667601683,3145.7875,0.375,57.845284011220194,34.0,10.0,0.1,237322.6645,34212.193,5.849385269265049
Fresno,2020-04,1.07375,58.99166666666667,5.050916666666667,3636.6375,0.375,63.11,41.5,16.5,0.0,175865.7431,164818.7026,3.1725479426522303
Fresno,2020-05,0.21875,41.689516129032256,5.430241935483871,4040.2875,0.625,71.92204301075269,36.0,25.0,10.26,366470.5874,246382.739,2.181126710573408
Fresno,2020-06,0.10375,38.18405172413793,5.448326149425287,3907.475,0.375,77.99998563218391,51.5,42.5,1.1,303169.4387,298151.7989,3.073405819444348
Fresno,2020-07,0.0275,36.504536290322584,4.8002973790322585,3496.3875,0.0,81.32665994623656,55.0,52.0,792.6,195968.6367,306433.7556,2.6768373266128194
Fresno,2020-08,0.0825,40.628155648115325,4.557177419354839,3362.4750000000004,0.0,80.77139565503622,69.0,62.0,0.3,60685.9801,171927.1896,3.668258558691641
Fresno,2020-09,0.1125,46.088095238095235,3.923208333333333,2824.9875,0.0,76.56601190476191,162.0,92.0,0.0,22863.8667,47438.3297,3.370832189067994
Fresno,2020-10,0.1124999999999999,46.66935483870968,3.4637903225806452,2577.0375,0.0,69.125,132.0,81.0,0.0,15661.6316,9115.5572,4.06482705152317
Fresno,2020-11,0.46125,61.2125,3.56175,2564.475,0.0,56.7,88.0,44.0,0.0,6969.139,18231.0584,4.163969174731052
Fresno,2020-12,0.6375,70.99915994623656,3.544717741935484,2637.075,0.0,50.27661290322581,91.0,31.0,0.0,24063.5236,46393.6311,3.370832189067994
Fresno,2021-01,3.08875,73.59245110985349,3.919959677419355,2916.4875,0.125,49.9008064516129,77.0,31.0,0.0,164406.4295,4890.9999,3.3739329936907456
Fresno,2021-02,0.1275,62.44044642857143,4.56563988095238,2997.15,0.5,52.31309523809524,61.0,24.0,15.3,103797.7226,44796.9102,2.778533053627673
Fresno,2021-03,0.97625,56.62903225806451,4.587580645161291,3413.1499999999996,0.375,55.093951612903226,54.0,21.0,1.1,185511.6047,47403.8635,3.870099610409972
Fresno,2021-04,0.11,43.85,4.845541666666667,3488.6,0.0,63.76708333333333,55.0,31.0,195.37,142349.6881,157481.0498,3.572399640378436
Fresno,2021-05,0.01375,35.310483870967744,5.9198790322580646,4404.225,1.5,70.7608870967742,52.0,37.0,1713.1,198574.064,173380.6631,2.877766376971518
Fresno,2021-06,0.00125,35.96939655172414,5.467375,3936.5,0.25,78.24852011494252,55.0,38.5,1313.85,204918.6462,383312.3336,3.2746996703469
Fresno,2021-07,0.00875,33.20900537634409,4.905645161290323,3649.7,0.0,82.67983784065629,56.0,49.0,648.9300000000001,115199.5046,226863.474,2.3815997602522905
Fresno,2021-08,0.0025,37.05241935483871,4.493306451612903,3343.0,0.0,80.33385560675883,75.0,61.0,47.04,35965.462,112593.0639,3.2746996703469
Fresno,2021-09,0.025,39.06824712643678,4.3220833333333335,3111.9625,0.25,76.61220238095238,70.0,63.5,167.46,16886.2549,19167.5312,3.870099610409972
Fresno,2021-10,1.1575,52.07258064516129,4.396532258064516,3271.0125,1.625,66.71572580645162,63.0,51.0,154.87,16430.5118,10084.5916,3.870099610409972
Fresno,2021-11,0.2275,78.79583333333333,3.3352500000000003,2401.5375,0.0,60.180416666666666,87.5,32.5,3.3899999999999997,7990.8422,18539.6482,4.167799580441509
Fresno,2021-12,2.23,87.6286078098472,3.9248535653650256,2820.9875,0.5,52.926421901528016,71.0,19.0,0.0,33011.0289,19653.6396,3.2746996703469
Fresno,2022-01,0.05,79.90423387096774,2.9251137672811063,2152.1875,0.0,50.58145161290322,96.0,49.0,690.0,167410.9823,29069.2893,2.5722938232299897
Fresno,2022-02,0.1825,53.54773351648352,3.8813839285714287,2608.2,0.375,51.54107142857143,83.0,39.5,4324.0,62316.4589,30262.8869,2.6712282010465276
Fresno,2022-03,0.95,54.07661290322581,4.576854838709678,3405.2875,0.5,58.071774193548386,55.0,32.0,20.0,172513.7373,61075.305,3.8584407348449847
Fresno,2022-04,0.2725,46.49094827586207,5.55025,3995.95,0.875,64.06291666666667,38.5,23.0,230457.0,147471.9339,31088.483,4.155243868294599
Fresno,2022-05,0.0,36.05241935483871,6.386854838709677,4751.9625,1.625,70.56934139784946,49.0,32.0,1519.0,196890.0269,88632.7529,3.660571979211909
Fresno,2022-06,0.0287499999999999,32.50416666666666,5.969833333333334,4298.1875,0.625,78.19092948717949,51.5,33.0,1095.0,98198.5537,101398.0388,3.8584407348449847
Fresno,2022-07,0.0,35.02711345939933,5.170645161290323,3846.8875,0.0,83.04650537634409,54.0,40.0,825.0,110186.9126,40384.3199,3.660571979211909
Fresno,2022-08,0.03125,36.5163283277716,4.7726612903225805,3550.9249999999997,0.0,82.16129032258064,55.0,51.0,416.0,34102.5898,10270.5903,4.550981379560751
Fresno,2022-09,0.19,41.9288576445904,4.5015718390804595,3227.4,0.0,79.81107466063348,57.0,54.0,1162.0,13578.1964,7576.6445,3.2648344679457564
Fresno,2022-10,0.0025,46.22578725038402,3.852137096774194,2865.7375,0.25,71.72704493087558,61.0,70.0,156.0,15372.8633,10214.654,4.155243868294599
Fresno,2022-11,0.51875,65.625,3.459083333333333,2490.6125,0.0,56.34366071428572,84.0,50.0,6.0,4892.4757,5029.7497,4.155243868294599
Fresno,2022-12,3.17375,89.7981950844854,3.702338709677419,2754.65,1.0,51.402371916508535,68.0,24.0,0.0,22574.2266,3073.5351,3.660571979211909
Fresno,2023-01,2.735,82.0184331797235,4.391717741935484,3189.275,0.875,50.98378024193549,53.0,17.0,12.0,117189.4483,21016.9805,2.9599255677383898
Fresno,2023-02,2.3071428571428574,70.13265306122449,4.630255102040816,3111.5714285714284,0.8571428571428571,49.148979591836735,58.5,23.0,3.0,53063.1484,42183.8809,2.7625971965558307
Fresno,2023-03,2.8428571428571425,74.9268817204301,5.234930875576036,3895.057142857143,1.0,53.280279675830286,28.0,8.0,4.0,164312.2026,35938.9686,2.8612613821471102
Fresno,2023-04,0.0042857142857142,53.89047619047619,5.014,3610.071428571429,0.4285714285714285,60.90761904761905,45.0,23.0,300.0,93922.4825,34674.6537,2.4666046397819916
Fresno,2023-05,0.3614285714285715,52.175115207373274,4.982488479262672,3706.828571428571,0.0,69.4852534562212,49.0,27.0,410.0,172097.5194,36345.1146,2.8612613821471102
Fresno,2023-06,0.0142857142857142,46.63809523809523,5.118761904761905,3685.5,0.0,75.31666666666668,53.0,35.5,2115.0,150273.5797,64060.9856,2.269276268599432
Fresno,2023-07,0.1614285714285714,35.47124824684432,4.540875576036866,3378.1428571428573,0.0,81.27605781315458,55.0,43.0,2456.0,93058.2991,40254.0084,3.255918124512229
Fresno,2023-08,0.4142857142857142,44.425027808676305,4.368202764976958,3249.942857142857,0.0,80.74301075268816,55.0,47.0,14812.0,87691.2388,7939.7394,4.933209279563983
Fresno,2023-09,0.1614285714285714,51.542857142857144,4.184285714285714,3012.557142857143,0.0,77.45182266009853,53.5,54.0,247.0,47532.254,7112.9212,5.327866021929102
Fresno,2023-10,0.1171428571428571,53.30875576036866,3.8392165898617514,2856.157142857143,0.2857142857142857,70.49288786482335,62.0,56.0,215.0,20642.4119,1146.0242,7.103821362572135
Fresno,2023-11,0.27,58.857142857142854,3.5145238095238094,2530.4714285714285,0.2857142857142857,59.8555900621118,72.5,51.0,62.0,4830.2725,10860.1387,9.27443344558029
Fresno,2023-12,1.5714285714285714,75.95852534562212,3.2435023041474653,2413.2714285714287,0.0,54.41935483870968,83.0,41.0,16.0,20619.044,9015.5192,9.965082744719249
Fresno,2024-01,1.4228571428571428,84.75576036866359,3.60705069124424,2683.628571428572,0.0,53.04654377880184,62.0,19.0,71.0,,,9.035424694107151
Fresno,2024-02,3.152857142857143,81.24630541871922,4.055467980295567,2822.6857142857143,0.4285714285714285,54.377832512315265,54.0,17.0,10.0,,,6.315081775451237
Fresno,2024-03,1.2914285714285714,69.0552995391705,4.45963133640553,3317.9285714285716,0.4285714285714285,58.26543778801844,33.0,19.0,8.0,,,5.246375628836413
Fresno,2024-04,0.9185714285714288,61.42380952380953,4.80347619047619,3458.2714285714287,0.2857142857142857,62.82285714285714,52.0,24.0,811.0,,,6.023616462738103
Fresno,2024-05,0.2857142857142857,43.976958525345616,5.199400921658985,3868.442857142857,0.2857142857142857,70.29354838709678,51.0,32.0,4187.0,,,5.82930625426268
Fresno,2024-06,0.0114285714285714,37.114285714285714,5.200285714285714,3744.071428571429,0.2857142857142857,78.84904761904762,57.5,42.5,13759.0,,,6.995167505115217
Fresno,2024-07,0.0014285714285714,37.594470046082954,4.655760368663595,3463.5714285714284,0.0,85.11706455077787,61.0,44.0,3429.0,,,8.06387365173004
Fresno,2024-08,0.0042857142857142,39.52995391705069,4.685115207373272,3485.7571428571428,0.0,81.06021505376344,58.0,51.0,650.0,,,9.618355319533425
Fresno,2024-09,0.04,43.8,4.168523809523809,3001.2428571428572,0.0,79.09754578754578,60.0,64.0,18793.0,,,9.132579798344866
Fresno,2024-10,0.04,46.01382488479263,4.113732718894009,3060.4857142857145,0.5714285714285714,72.74654377880184,65.0,69.0,1228.0,,,10.784216570385958
Fresno,2024-11,1.3814285714285717,65.43333333333332,4.017761904761905,2892.4857142857145,0.4285714285714285,59.45333333333333,64.0,32.0,509.0,,,10.687061466148249
Fresno,2024-12,0.8114285714285715,86.17972350230414,3.4627188940092166,2576.328571428571,0.0,54.05253456221198,83.0,31.0,81.0,,,11.65861250852536
Kern,2001-01,1.6733333333333336,77.61290322580645,3.779731182795699,2812.0333333333333,0.0,50.72434017595308,94.0,55.0,,4999.4906,2400.0,4.877515245930231
Kern,2001-02,2.345,76.7744708994709,4.248809523809524,2854.9166666666665,0.0,52.80423280423281,61.5,18.0,,19053.3901,1309.0714,3.5472838152219857
Kern,2001-03,0.965,69.57601038190582,4.451720430107527,3312.2333333333336,1.1666666666666667,61.65817204301075,58.0,26.0,,50235.901,19337.8758,1.7736419076109928
Kern,2001-04,0.5833333333333334,59.01360153256704,4.9255,3546.25,0.8333333333333334,66.07444444444444,54.0,24.5,,124639.9641,13734.1495,1.7736419076109928
Kern,2001-05,0.0,37.735697070819434,4.956989247311828,3687.9,1.0,78.61253966895792,60.0,45.0,,67651.383,4065.4283,4.7297117536293145
Kern,2001-06,0.0,35.08409961685824,5.15211111111111,3709.8000000000006,1.0,80.85888888888888,54.0,39.5,,110881.3617,22373.7743,5.912139692036643
Kern,2001-07,0.0,43.12033123223335,5.133440860215054,3819.0833333333335,1.6666666666666667,83.20430107526882,55.0,31.0,,14049.9885,60193.7264,6.355550168939392
Kern,2001-08,0.0,42.413978494623656,4.467150537634409,3323.7666666666664,1.1666666666666667,82.95698924731182,57.0,48.0,,2107.9995,18770.5478,20.840292414429168
Kern,2001-09,0.0016666666666666,43.16886973180076,4.0873888888888885,2841.2833333333333,0.3333333333333333,79.02120689655173,62.5,53.0,,186.03,6839.1136,22.31832733743833
Kern,2001-10,0.0916666666666666,52.58064516129033,3.643655913978495,2710.733333333333,0.5,71.30591397849462,71.0,58.0,,166.8083,47.0,33.107982275405206
Kern,2001-11,0.9783333333333334,80.2,3.3176666666666663,2388.4666666666667,0.1666666666666666,61.09944444444444,114.0,35.0,,616.0,0.0,21.874916860535578
Kern,2001-12,0.6633333333333334,84.74450677886863,3.77922159887798,2714.5,0.0,51.92251051893408,95.0,26.0,,103.25,0.0,13.006707322480615
Kern,2002-01,0.4983333333333333,84.63978494623656,3.583118279569893,2665.6666666666665,0.0,50.0247311827957,120.0,31.0,,794.8495,10455.9826,11.382317641583784
Kern,2002-02,0.2016666666666666,68.86904761904762,3.888214285714286,2612.7999999999997,0.1666666666666666,53.48095238095238,113.0,58.0,,5208.7197,3358.97,5.186878925278687
Kern,2002-03,0.535,55.399147200593255,5.0828494623655915,3781.8333333333335,1.3333333333333333,59.01123655913978,63.0,33.0,,22578.0665,31021.9,6.915838567038249
Kern,2002-04,0.705,52.84444444444444,5.673611111111111,4084.7666666666664,2.0,68.06134502923977,61.0,34.5,,51165.907,6865.635,7.78031838791803
Kern,2002-05,0.0883333333333333,42.0336917562724,5.115698924731183,3806.2666666666664,1.1666666666666667,73.87905465949821,62.0,41.0,,51796.8057,682.0,12.246797462463563
Kern,2002-06,0.0,39.36590038314176,5.331722222222222,3838.7833333333338,2.1666666666666665,79.82083333333334,66.5,51.0,,34322.5368,839.0111,25.21399477566028
Kern,2002-07,0.0016666666666666,38.82795698924731,5.006827956989247,3724.883333333333,1.3333333333333333,84.42129032258065,70.0,47.5,,11812.0984,9208.4348,20.171195820528222
Kern,2002-08,0.0,39.69892473118279,4.333064516129032,3223.683333333333,1.0,82.33225806451614,86.0,57.0,,5430.1932,19171.148,16.857356507155732
Kern,2002-09,0.0,37.75185185185185,4.164888888888889,2998.9166666666665,0.5,79.56972222222223,74.0,53.0,,3467.6678,465.85,10.517837820704004
Kern,2002-10,0.0,52.55137395459976,3.7486021505376343,2789.066666666667,0.5,70.34005376344086,96.0,59.0,,6283.9851,604.11,12.390877432610196
Kern,2002-11,1.0233333333333332,73.86496989600438,3.3505000000000003,2412.4333333333334,0.1666666666666666,62.29722222222222,153.5,58.5,,9176.6206,11782.5,8.64479820879781
Kern,2002-12,1.105,77.7204301075269,3.8218279569892473,2843.816666666667,0.3333333333333333,55.56032258064516,84.0,29.5,,1265.2101,50538.0,5.907278776011838
Kern,2003-01,0.16,88.57367582636401,3.1698924731182796,2358.45,0.0,53.37161290322581,125.0,40.0,,3652.2064,115785.5,8.680166659199857
Kern,2003-02,1.5066666666666666,73.71141975308642,4.11297619047619,2763.9833333333336,0.3333333333333333,54.36857142857143,77.0,22.0,,32187.4182,29350.5,4.620088705703149
Kern,2003-03,0.5116666666666666,63.026881720430104,4.491827956989248,3341.7166666666667,0.1666666666666666,61.71379928315413,68.0,24.0,,39483.2284,1.0,5.180099457909592
Kern,2003-04,1.2016666666666669,59.87222222222223,5.459277777777778,3930.6,1.6666666666666667,66.745,57.5,19.0,,47640.651,277.6806,6.300120962322476
Kern,2003-05,0.465,49.69892473118279,5.02989247311828,3742.05,1.1666666666666667,71.65424731182796,68.0,38.0,,52951.4177,940.5097,7.8401505308901935
Kern,2003-06,0.015,41.75555555555555,5.413444444444444,3897.7333333333336,2.6666666666666665,80.34777777777778,66.0,51.0,,27852.9493,15735.5175,9.38018009945791
Kern,2003-07,0.0,39.852764976958525,3.9730806451612906,2433.65,0.8333333333333334,82.05129032258064,72.0,45.0,,16340.2825,65401.94,17.220330630348105
Kern,2003-08,0.0,47.75414746543779,3.7265414746543777,2735.96,0.8,81.37241935483871,72.0,49.0,,11315.1236,134582.0025,21.000403207741588
Kern,2003-09,0.0,46.526666666666664,3.516533333333333,2531.84,0.2,79.28466666666667,76.5,68.0,,7003.9935,141622.5188,19.880381703328705
Kern,2003-10,0.172,50.14666666666667,3.33369247311828,2458.48,0.2,70.33686318131257,84.0,72.0,,18277.3341,54310.5473,24.64047309708346
Kern,2003-11,0.298,74.00333333333333,3.097376190476191,2191.62,0.0,58.91784615384616,92.5,46.0,,3184.3763,47128.575,27.300524170064065
Kern,2003-12,1.344,78.1032258064516,3.779096774193549,2811.5,0.0,53.847741935483874,87.0,37.0,,1228.8456,3503.2466,20.580395143586756
Kern,2004-01,0.662,87.01290322580645,3.165290322580645,2354.46,0.0,51.4941935483871,111.0,32.0,,1020.4747,23669.8125,17.112682942729556
Kern,2004-02,1.916,71.70344827586207,3.976620689655172,2767.9,0.0,53.14068965517241,64.0,21.0,,13059.7142,1325.4367,11.815900127122788
Kern,2004-03,0.298,66.09032258064516,3.8785161290322585,2885.34,0.2,62.99922580645161,72.5,40.0,,33966.65,1613.9955,14.396384062931212
Kern,2004-04,0.02,46.88666666666667,4.553333333333333,3278.2200000000003,0.2,68.514,57.0,37.0,,80952.46,11057.3349,12.902419679042124
Kern,2004-05,0.0,43.148387096774194,5.081290322580645,3780.42,1.4,72.80838709677418,53.0,35.0,,68996.8273,11774.97,16.84105305474972
Kern,2004-06,0.0,43.513333333333335,4.832133333333333,3479.34,1.4,78.51666666666668,60.0,41.0,,18669.6368,40888.8997,18.74246227060856
Kern,2004-07,0.0,40.95483870967742,4.444322580645162,3306.7,1.0,82.06349146110057,61.0,42.0,,10369.1535,15795.8858,19.828981822527897
Kern,2004-08,0.0,43.980645161290326,4.093999999999999,3045.9800000000005,1.4,82.28862625139043,55.0,49.0,,3883.0506,13888.7723,18.878277214598477
Kern,2004-09,0.0,39.986666666666665,3.9336,2832.04,0.6,75.68977777777778,61.0,51.0,,6865.2655,8402.2647,19.14990710257831
Kern,2004-10,1.164,64.71612903225807,3.605225806451613,2682.46,0.2,68.93096774193548,72.0,45.5,,10663.5306,1126.717,17.248497886719473
Kern,2004-11,0.144,76.73333333333333,3.3457999999999997,2408.88,0.0,59.54466666666666,90.0,26.0,,4226.0023,143.8,20.23642665449765
Kern,2004-12,0.972,82.66451612903226,3.9332903225806457,2926.6,1.2,52.347741935483874,90.0,39.5,,559.2127,100.0,11.951715071112703
Kern,2005-01,1.616,89.67096774193548,3.508709677419355,2610.32,0.2,53.50334101382489,73.0,18.0,,1426.8174,2063.6866,13.408244229854112
Kern,2005-02,0.8600000000000001,81.81455026455026,3.2582142857142857,2189.58,0.0,55.89301587301587,89.0,33.0,,21064.8944,4447.21,8.01865586295197
Kern,2005-03,0.524,72.60548387096773,3.844687237026648,2717.46,0.0,60.44167741935483,63.0,31.0,,154678.9619,27472.7796,10.384816609396813
Kern,2005-04,0.5,57.08,4.7394,3412.46,0.6,64.51933333333334,61.5,19.0,,88296.4703,44502.0683,9.727549735384358
Kern,2005-05,0.76,54.85806451612903,4.519483870967742,3362.7,0.6,72.24645161290323,58.0,31.0,,94873.7006,57689.5729,8.675922736964425
Kern,2005-06,0.0,45.88712643678161,4.805200000000001,3459.88,1.2,76.32333333333334,56.5,37.5,,53690.6613,90124.0408,11.567896982619237
Kern,2005-07,0.0,42.277419354838706,4.04574193548387,3009.96,0.4,84.0741935483871,73.0,49.0,,22682.8959,79102.8821,9.464642985779374
Kern,2005-08,0.0,40.10322580645162,4.013290322580645,2985.98,0.8,83.02967741935484,68.0,41.0,,8171.311,69935.0529,14.985684727484008
Kern,2005-09,0.006,47.233333333333334,3.764066666666667,2710.2,0.6,75.59133333333332,64.0,44.5,,11911.5856,11092.0219,25.50195471168331
Kern,2005-10,0.8160000000000001,59.1847072879331,3.4828100358422938,2526.7799999999997,0.2,68.12972520908005,65.0,57.0,,19199.2037,8683.9037,28.131022207733142
Kern,2005-11,0.134,64.59333333333333,3.0679333333333334,2208.98,0.0,61.33266666666666,98.0,44.0,,11007.7388,2262.6096,33.783517324240265
Kern,2005-12,0.9,77.84250648869114,3.208258064516129,2387.04,0.0,55.51741935483871,93.0,30.0,,3389.7167,2397.5907,24.1874209636584
Kern,2006-01,1.916,80.38709677419355,3.71658064516129,2765.24,0.0,52.986451612903224,84.0,42.0,,23966.537,5956.9209,11.217178599152849
Kern,2006-02,0.18,64.32142857142858,3.827928571428571,2572.4800000000005,0.2,54.74428571428571,79.0,32.0,,30454.2931,8899.1873,7.393140440350741
Kern,2006-03,2.122,71.98709677419355,4.353677419354839,3239.18,0.2,56.15806451612902,53.0,15.0,,137837.5362,9958.5191,13.129197678553902
Kern,2006-04,1.338,68.52285714285713,4.776466666666667,3439.4800000000005,0.8,63.36800000000001,46.5,16.0,,213146.2438,27164.1321,7.393140440350741
Kern,2006-05,0.114,49.36573971078977,4.524129032258065,3366.0800000000004,0.6,74.47290322580645,63.0,44.0,,86961.3414,72595.0132,7.393140440350741
Kern,2006-06,0.0,44.15333333333333,4.345066666666666,3128.38,0.8,79.87066666666666,58.5,45.0,,52626.3078,211023.1552,8.66781982661811
Kern,2006-07,0.0,43.63498759305211,4.038967741935484,3005.1400000000003,0.6,84.89070489844683,68.0,46.0,,29422.9584,141972.328,9.177691581125057
Kern,2006-08,0.0,44.50266479663394,4.068115007012623,2899.5,0.6,79.48510518934081,65.0,54.0,0.0,2925.1262,60688.6319,15.296152635208433
Kern,2006-09,0.018,43.086666666666666,3.767666666666667,2712.6,0.4,76.104,76.0,66.0,0.0,8136.4222,13553.0806,16.315896144222325
Kern,2006-10,0.2339999999999999,58.819354838709685,3.458451612903226,2573.1400000000003,0.2,67.42129032258065,67.0,42.0,84.95,11049.5398,8550.1894,14.40387706482127
Kern,2006-11,0.074,72.64666666666668,3.1214666666666666,2247.74,0.0,61.029999999999994,83.5,41.0,33.38,3278.0071,1277.2966,9.81503127425874
Kern,2006-12,0.486,67.36774193548388,3.5813548387096774,2664.62,0.2,52.30193548387096,96.0,31.0,137.24,2635.7261,1092.5218,9.560095397005268
Kern,2007-01,0.436,63.45161290322581,3.515741935483871,2615.84,0.2,47.59741935483871,100.0,37.0,525.6,22554.1986,2100.5223,11.07955995473564
Kern,2007-02,1.014,68.82857142857144,4.115142857142858,2765.2799999999997,0.2,54.40428571428572,85.0,26.5,40.3,24699.8493,10160.9217,12.946901520140525
Kern,2007-03,0.436,54.98064516129032,4.154967741935484,3091.52,0.4,61.17290322580645,71.0,31.0,569.6,93093.5307,13579.2982,17.80198959019322
Kern,2007-04,0.548,51.333333333333336,4.636266666666666,3338.1,0.4,66.02799999999999,58.5,29.5,83.75,114896.3307,61975.8577,12.573433207059548
Kern,2007-05,0.2319999999999999,37.39354838709677,4.860516129032258,3616.14,1.0,73.42193548387097,63.0,43.0,985.35,67472.0156,244913.3,12.19996489397857
Kern,2007-06,0.0,38.54666666666667,4.395466666666666,3164.46,0.6,79.01771428571428,67.0,41.0,2492.3,30956.0189,257479.2833,15.4366902740137
Kern,2007-07,0.0,43.21290322580645,4.0929677419354835,3045.3,0.6,83.0725376344086,64.0,44.0,681.55,16569.1937,126018.3586,13.818327583996137
Kern,2007-08,0.002,41.54838709677419,3.770129032258065,2804.9199999999996,0.4,80.24193548387096,69.0,53.0,135.69,5286.2337,66386.882,23.404014286407868
Kern,2007-09,0.104,50.559999999999995,4.060466666666667,2923.58,0.4,75.34133333333334,69.5,45.0,109.15,14353.7527,32799.1911,16.059137462481996
Kern,2007-10,0.088,56.76129032258065,3.7603870967741937,2797.6,0.2,65.78709677419354,69.0,42.0,363.45,13649.6181,8700.6585,15.68566914940102
Kern,2007-11,0.1679999999999999,66.97333333333333,3.113666666666666,2241.92,0.0,60.05133333333333,146.5,50.5,10.16,17858.9452,9252.8782,14.191795897077112
Kern,2007-12,0.5519999999999999,71.89032258064516,3.4321935483870964,2553.5199999999995,0.2,50.45161290322581,86.0,24.0,4.1,5181.6902,10727.5514,8.216302887781486
Kern,2008-01,1.154,73.04516129032258,4.4467741935483875,3308.22,1.2,50.04838709677419,74.0,34.0,5.85,39550.6256,4721.3829,14.419663533037529
Kern,2008-02,1.094,69.51724137931035,4.132344827586207,2876.02,0.4,52.118620689655174,85.0,29.0,9.83,26403.028,9404.1551,15.275067301946532
Kern,2008-03,0.074,54.16129032258065,4.309096774193549,3205.96,0.2,58.634838709677425,68.0,31.0,769.86,69646.1346,51845.9859,7.576433381765479
Kern,2008-04,0.132,46.473333333333336,4.5318,3262.5,0.2,63.86800000000001,66.0,40.0,24.47,92278.8071,60948.0766,11.120248995817075
Kern,2008-05,0.044,42.954616240266965,4.9314838709677415,3668.92,1.4,70.82451612903226,69.0,44.0,270.23,62207.6213,121542.5918,7.698633920181051
Kern,2008-06,0.02,34.839999999999996,4.4318,3190.8599999999997,0.4,75.208,68.0,46.0,221.77,38518.1281,224681.6556,6.232227459194186
Kern,2008-07,0.022,42.15483870967742,4.032193548387097,3000.06,0.4,80.82064516129033,74.0,45.5,766.6899999999999,16476.6576,174253.9192,4.521419921376173
Kern,2008-08,0.004,38.61290322580645,3.842129032258065,2858.42,0.4,79.61225806451613,64.0,55.5,3027.23,7511.995,46103.5566,6.843230151272047
Kern,2008-09,0.036,42.45333333333333,3.4507999999999996,2484.94,0.2,75.57000000000001,71.5,71.0,216.5,10319.6325,25445.8554,10.142644688492496
Kern,2008-10,0.024,45.79354838709678,3.5786451612903223,2662.18,0.0,67.02129032258065,78.0,76.0,493.71,10233.4796,16726.9663,6.47662853602533
Kern,2008-11,0.936,74.88,3.0682,2208.96,0.0,60.522666666666666,131.5,63.5,112.85,11529.0012,1337.6562,6.110026920778613
Kern,2008-12,0.742,82.43870967741935,3.1369677419354836,2333.92,0.2,52.54516129032258,97.0,44.0,2.0,3117.99,740.9402,5.621224767116324
Kern,2009-01,0.542,78.58064516129033,3.104967741935484,2310.1400000000003,0.0,50.59548387096774,142.0,39.0,5.1,35124.5616,3824.1559,3.7343233707207366
Kern,2009-02,1.436,71.15,4.173071428571428,2804.32,0.2,52.317142857142855,64.0,19.0,948.1,20037.2186,9790.4361,3.8547854149375342
Kern,2009-03,0.246,57.07096774193549,4.403032258064516,3275.8,0.4,57.39741935483871,65.0,30.0,49.11,44632.8603,17371.7241,3.132013149636747
Kern,2009-04,0.27,46.053333333333335,5.088266666666667,3663.62,1.4,63.136,59.0,37.0,39.2,88494.3989,31940.582,3.7343233707207366
Kern,2009-05,0.148,43.62358175750835,4.477032258064516,3330.94,0.4,72.38,61.0,39.0,572.8,69666.383,127915.9667,4.216171547587929
Kern,2009-06,0.042,45.38,4.9302,3549.76,1.6,75.966,56.0,34.0,348.49,38806.4218,275086.1305,7.830032874091867
Kern,2009-07,0.0,37.33548387096774,3.836903225806452,2854.54,0.0,81.61474972191323,68.0,40.0,306.63,12167.7966,150305.4595,9.155115360476644
Kern,2009-08,0.006,40.75483870967742,3.391161290322581,2523.18,0.0,78.76322580645162,68.0,46.0,2037.68,5755.3052,69516.2448,9.636963537343837
Kern,2009-09,0.1,43.279999999999994,3.3974666666666664,2446.3,0.2,76.342,68.0,55.0,389.15,9544.2415,33375.4342,8.311881050959059
Kern,2009-10,0.198,55.03945409429279,3.5564516129032255,2645.7,0.6,66.30903225806452,68.0,52.0,79.73,11101.8395,8611.125,6.986798564574281
Kern,2009-11,0.246,66.66,3.040133333333334,2189.0,0.0,59.022666666666666,93.5,46.0,89.17,340.8887,7.0,6.3844883434902915
Kern,2009-12,1.414,79.05827956989246,2.9781956989247313,2201.26,0.0,53.0449247311828,105.0,26.0,2.26,3259.8352,9.0,4.9389438128887155
Kern,2010-01,1.628,85.67670250896057,2.936258064516129,2002.88,0.0,52.41598566308244,82.0,25.0,0.02,30092.2557,2663.3497,12.001506723814437
Kern,2010-02,1.92,81.03095238095239,3.4353571428571428,2195.9,0.0,54.72928571428571,63.0,20.0,0.24,48920.8724,10619.0295,5.703686363792999
Kern,2010-03,0.53,65.67784946236559,4.043679569892474,2990.42,0.0,57.16548387096774,56.0,23.0,0.8300000000000001,150424.0092,25800.0838,8.199049147952437
Kern,2010-04,1.0699999999999998,63.32666666666667,4.5385333333333335,3267.96,0.4,61.72533333333333,57.0,22.5,2.7,160371.9922,42222.0171,6.535473958512811
Kern,2010-05,0.402,48.58709677419355,4.8426451612903225,3602.6800000000003,0.0,68.37548387096774,53.0,24.0,19.96,86689.1253,104158.806,6.060166761530061
Kern,2010-06,0.0,43.93015384615385,4.40942962962963,3119.0600000000004,0.4,76.83066666666666,54.5,33.0,1262.79,44953.3694,135461.225,7.961395549461061
Kern,2010-07,0.018,43.41935483870968,4.090516129032258,3043.3599999999997,1.0,80.72645161290322,65.0,36.5,412.65,17460.0395,99433.4335,10.33793153437481
Kern,2010-08,0.0,43.23870967741935,3.966645161290322,2951.04,0.8,78.84064516129033,60.0,42.0,2203.93,11575.8366,66057.4264,24.715974243102995
Kern,2010-09,0.0,49.2,3.456733333333333,2488.74,0.4,73.77866666666667,63.5,54.0,267.25,7898.1668,31438.9048,33.74681098577525
Kern,2010-10,0.3319999999999999,63.07319243604004,3.656967741935484,2720.88,0.2,69.26709677419356,62.0,33.0,474.31,14089.3821,31320.1037,52.521445266593865
Kern,2010-11,0.764,72.36,3.4884,2511.4,0.0,58.47066666666666,83.5,35.0,8.23,7172.5558,39557.3749,33.98446458426662
Kern,2010-12,4.914,82.6078853046595,3.2770967741935486,2438.3599999999997,0.4,54.69935483870968,77.0,27.0,1.11,5079.4154,32007.5145,25.547761837822808
Kern,2011-01,0.658,88.6258064516129,2.936,2184.76,0.0,50.11354838709677,91.0,36.5,2.15,73863.0957,19141.8488,25.540499346186756
Kern,2011-02,0.726,67.4857142857143,3.8972142857142855,2618.8599999999997,0.4,51.287857142857135,58.0,32.0,8.21,21391.2438,14216.4982,12.358306135251658
Kern,2011-03,1.962,71.71075268817205,4.082718279569892,3020.26,0.4,55.45423655913978,56.0,24.0,1245.13,97616.7147,25040.3512,14.241476593956673
Kern,2011-04,0.192,58.99228385807096,4.509020289855073,3111.56,0.0,64.20631884057971,56.5,24.0,25.04,128888.7861,71654.1379,15.889250745323556
Kern,2011-05,0.6,50.04516129032258,4.949032258064516,3681.78,0.6,68.45290322580645,58.0,28.0,282.47,82416.7052,105881.3643,19.655591662733585
Kern,2011-06,0.206,51.70410256410256,4.388199999999999,3159.3599999999997,0.6,73.75133333333333,61.5,34.0,2103.21,68285.5886,228987.8476,19.302497201726396
Kern,2011-07,0.064,49.438709677419354,4.019677419354839,2990.7,0.0,79.00774193548386,59.0,38.0,1183.98,45498.3877,147992.6297,28.60065134158241
Kern,2011-08,0.002,47.08387096774194,3.6011612903225805,2679.3599999999997,0.2,78.48589543937709,62.0,44.0,170.3,12985.2351,99934.2222,35.78023871539527
Kern,2011-09,0.038,50.20666666666666,3.611866666666667,2600.48,0.2,76.15066666666667,69.5,55.0,9219.92,12023.6196,92976.7106,39.07578701812905
Kern,2011-10,0.4779999999999999,64.31666666666666,3.212903225806452,2390.6,0.2,68.2,75.0,54.0,199.71,17732.1394,28005.2138,38.369598096114665
Kern,2011-11,1.122,77.9,3.419666666666666,2462.06,0.0,58.07066666666667,73.5,33.5,14.03,8403.106,7480.2752,29.77763287827304
Kern,2011-12,0.0339999999999999,67.71612903225807,3.019483870967742,2246.84,0.0,48.95651612903226,147.0,58.5,4.98,4017.2459,4237.1065,23.30423442647455
Kern,2012-01,0.166,66.6442396313364,3.3549700460829492,2454.54,0.2,49.53649769585253,107.0,57.0,34.480000000000004,45245.8254,3685.8735,22.65934248194553
Kern,2012-02,0.278,57.822068965517246,4.3397327586206895,2925.7200000000003,0.2,53.30375172413793,59.0,27.0,2.5500000000000003,32507.2905,12619.7471,27.68177406299531
Kern,2012-03,1.136,57.851612903225806,4.743677419354839,3529.3,1.2,57.79677419354839,55.0,22.0,88.5,95226.2427,36977.8657,20.790530730857235
Kern,2012-04,1.53,58.51022988505747,4.7212000000000005,3399.12,0.8,63.85133333333333,62.0,28.0,10.25,177419.5592,71748.971,16.7025050253516
Kern,2012-05,0.006,43.34838709677419,4.614258064516129,3433.0800000000004,0.6,72.20967741935485,62.0,41.0,14.81,106607.305,150648.1392,13.548885195390108
Kern,2012-06,0.0,43.175,4.767583333333333,3093.8,0.6,75.4185,59.5,43.5,269.79,69841.8253,248922.1065,16.352102822022545
Kern,2012-07,0.0,39.35483870967742,4.764274193548387,2835.62,0.8,78.575,61.0,32.0,1858.79,36115.6057,151544.8893,16.468903556465563
Kern,2012-08,0.0,37.86290322580645,4.014677419354839,2389.1400000000003,0.0,80.09516129032258,64.0,44.0,375.28,11069.1054,101532.9879,19.03851971421196
Kern,2012-09,0.008,41.075,3.791916666666667,2184.0800000000004,0.0,75.06,64.0,55.0,178.3,11945.5259,63786.3863,17.753711635338764
Kern,2012-10,0.0,55.80924317617866,3.6667741935483873,2078.38,0.0,68.07993176178661,67.0,38.5,22.8,18095.2756,51476.0048,16.819305759794617
Kern,2012-11,0.15,67.93148148148148,3.3573055555555555,1889.54,0.0,60.53666666666666,80.0,38.0,22.41,7231.1772,25220.3005,17.28650869756669
Kern,2012-12,1.05,78.70188172043011,3.429193548387097,2041.06,0.0,55.26693548387097,68.0,23.0,0.3,10391.2462,21879.3012,11.44647197541578
Kern,2013-01,0.666,72.26612903225806,3.32741935483871,1980.28,0.0,48.95887096774193,91.0,54.0,15.75,43230.9114,19384.353,14.215068203434962
Kern,2013-02,0.286,62.089285714285715,3.8950892857142856,2094.08,0.0,52.17410714285714,70.5,44.0,2.19,16687.2241,24677.5406,11.903674999624398
Kern,2013-03,0.526,56.66935483870968,4.244274193548387,2526.04,0.2,59.6,65.0,36.0,14.95,124808.8965,61165.7268,11.788105339433873
Kern,2013-04,0.044,45.375,4.856083333333333,2797.3599999999997,1.2,65.995,63.5,30.5,31.6,115834.2423,117261.072,14.908486164578129
Kern,2013-05,0.116,41.23214285714286,4.673735599078341,2703.2,0.4,72.19979838709678,67.0,34.0,606.71,89356.9469,205308.5005,21.380387135247705
Kern,2013-06,0.008,42.14885057471264,4.673916666666667,2692.3,0.6,77.6125,70.5,43.0,597.76,94381.8256,339065.7649,15.833043446102357
Kern,2013-07,0.0,35.38709677419355,4.721129032258064,2809.94,1.0,81.66935483870968,65.0,32.5,149.37,30477.1804,258698.3758,16.410891747054997
Kern,2013-08,0.0,38.94569892473118,4.059459677419355,2389.06,0.2,78.6258064516129,77.0,42.5,189.66,12563.7422,164755.6408,15.6019041257213
Kern,2013-09,0.032,47.830913490623104,3.672015003024803,2458.7,0.4,74.43831578947368,66.5,42.0,184.4,11860.9177,94138.5653,14.908486164578129
Kern,2013-10,0.086,49.70322580645161,3.555612903225806,2645.08,0.4,64.55741935483871,59.0,30.0,12.62,19785.3873,57509.2041,18.26000631010345
Kern,2013-11,0.5700000000000001,61.25333333333333,3.075066666666667,2214.2200000000003,0.0,58.85466666666666,79.0,19.0,61.95,6742.9015,38223.4935,20.686969174104537
Kern,2013-12,0.148,60.98064516129032,3.1109032258064517,2314.46,0.0,50.45870967741935,124.0,19.0,8.25,4499.8272,5068.3718,15.833043446102357
Kern,2014-01,0.036,50.927096774193544,3.454838709677419,2570.2,0.6,51.91935483870968,139.0,81.0,34.23,48523.4067,13796.9046,14.201064163614584
Kern,2014-02,0.598,63.07857142857142,3.7708571428571434,2534.34,0.0,56.27857142857143,66.0,42.5,3.81,28006.513,37656.1105,12.483193498661208
Kern,2014-03,0.486,54.20279569892473,4.412660215053764,3263.2200000000003,0.4,61.69675268817205,56.0,37.0,2.95,163725.5886,69615.909,7.100532081807292
Kern,2014-04,0.296,48.98,4.4688,3217.64,0.2,67.05,57.5,33.0,118.85,126913.5794,126353.7249,6.871482659813508
Kern,2014-05,0.702,38.25806451612903,4.710387096774193,3504.4800000000005,0.4,71.76451612903226,56.0,40.0,34.79,128676.8998,178524.5328,8.016729769782426
Kern,2014-06,0.07,34.24666666666667,4.5134,3249.6,1.0,77.14,70.0,47.0,37.2,75660.0291,257698.4928,6.527908526822832
Kern,2014-07,0.0,39.825806451612905,4.376064516129032,3255.84,1.2,80.38516129032259,61.0,31.0,164.17,47462.0686,196807.0057,6.871482659813508
Kern,2014-08,0.0,39.722580645161294,4.249161290322581,3161.76,0.6,79.25612903225806,58.0,30.0,190.62000000000003,21015.6037,110898.4838,9.047452168754452
Kern,2014-09,0.0139999999999999,45.093333333333334,3.714066666666666,2674.2,0.0,76.32519047619049,60.0,32.0,32.87,13473.5626,68094.8499,7.673155636791751
Kern,2014-10,0.336,50.43252688172043,3.482198924731182,2470.34,0.4,69.18098924731183,60.0,21.0,14.15,17833.2357,38291.6512,7.673155636791751
Kern,2014-11,0.086,71.04231884057971,3.017513043478261,2062.88,0.0,60.442811594202894,83.0,13.0,1.26,9569.4081,3292.9428,9.276501590748236
Kern,2014-12,1.7259999999999998,80.55471264367816,3.384516129032258,2518.02,0.0,55.56916129032258,69.0,6.0,0.5,5674.2379,37382.5756,10.87984754470472
Kern,2015-01,0.264,82.58125960061444,2.8679139784946237,1835.04,0.0,51.54154838709677,110.0,6.0,3.58,47648.3959,43448.0147,7.380752586953783
Kern,2015-02,0.6659999999999999,70.7420634920635,3.354714285714286,2254.3599999999997,0.2,56.862142857142864,84.5,9.0,7000.93,58598.2726,53812.2885,5.563951950165158
Kern,2015-03,0.2259999999999999,54.89654377880184,3.3867995391705064,2473.1400000000003,0.0,62.76027649769585,57.0,18.0,6.0,147423.3704,99588.1473,6.245252188960893
Kern,2015-04,0.12,44.766666666666666,4.466333333333333,3215.82,0.6,66.66933333333334,54.5,25.0,65.61,124772.2254,110741.6081,6.35880222876018
Kern,2015-05,0.392,47.43225806451613,5.3035483870967735,3945.82,2.2,70.73354838709677,47.0,22.0,58.370000000000005,170186.4725,251381.5309,5.109751790968003
Kern,2015-06,0.058,39.92666666666666,4.314066666666667,3106.12,0.6,78.04866666666666,56.0,28.0,1828.33,106632.3052,272909.3737,7.2672025471544925
Kern,2015-07,0.4800000000000001,43.59933259176863,4.799225806451613,3570.2,1.0,80.64860215053764,54.0,39.0,726.6700000000001,42714.2596,193320.1482,8.85690310434454
Kern,2015-08,0.158,42.84516129032258,3.8821290322580646,2888.4,0.2,80.60322580645162,61.0,60.0,2517.48,15485.2572,92109.1582,11.355003979928895
Kern,2015-09,0.048,41.586666666666666,3.771333333333333,2715.34,0.6,75.8632380952381,56.0,34.5,20.07,14413.4946,41461.2273,15.669905492301874
Kern,2015-10,0.6759999999999999,58.145969595847234,3.4216129032258067,2546.06,0.0,71.32129032258065,57.0,18.0,52.620000000000005,16820.0189,59731.6906,16.805405890294765
Kern,2015-11,0.626,67.88,3.4121333333333332,2456.34,0.2,58.11266666666667,78.5,9.5,5.3,8093.8753,26557.1742,16.23765569129832
Kern,2015-12,0.592,72.63133640552995,3.55194930875576,2589.7,0.2,51.12543778801843,78.0,10.0,4.57,6167.1317,142875.9974,16.351205731097608
Kern,2016-01,2.145,80.76612903225806,3.4658870967741935,2578.8250000000003,0.0,51.450806451612905,63.0,6.0,3.26,27250.6272,95088.0342,13.205387798221675
Kern,2016-02,0.3175,70.39655172413794,3.425948275862069,2384.425,0.0,54.27672413793103,75.0,7.0,1.63,39578.5708,121295.6956,12.979654673465747
Kern,2016-03,1.0225,61.556451612903224,4.455564516129032,3315.025,0.5,59.81693548387097,44.0,15.0,102.95,134452.9972,119521.9757,9.70652436450482
Kern,2016-04,1.245,53.31178160919541,4.574999999999999,3294.0,0.75,65.32916666666667,44.0,21.0,115.88,148789.9585,134855.4753,9.819390926882784
Kern,2016-05,0.455,48.365207373271886,5.069789746543779,3690.825,1.0,70.89366359447004,42.0,22.0,224.45,145934.5841,152569.5153,9.367924677370931
Kern,2016-06,0.1025,37.90833333333333,4.356333333333334,3136.4,0.75,77.53833333333333,55.0,34.5,284.99,82069.6974,435080.1651,13.318254360599637
Kern,2016-07,0.0075,35.78225806451613,4.411693548387097,3282.2749999999996,1.0,79.31129032258065,56.0,39.5,200.3,47121.453,200489.8005,17.15571748145038
Kern,2016-08,0.0575,36.87903225806451,3.899596774193548,2901.275,0.75,78.7733870967742,68.0,42.0,46266.62,17374.7828,148985.6999,29.79677246778224
Kern,2016-09,0.0,39.84166666666667,4.058583333333333,2922.15,0.75,73.85416666666667,61.5,44.0,19.89,23383.3939,29862.8385,36.45589964808206
Kern,2016-10,0.0974999999999999,56.85373563218391,3.5791935483870967,2576.675,0.5,67.48387096774194,59.0,28.0,23.38,21741.7086,39232.0511,46.61389026209873
Kern,2016-11,0.0475,70.545,2.9266833333333335,2026.525,0.0,61.04716666666667,81.5,15.5,2.87,6147.1854,52951.1133,34.65003465003465
Kern,2016-12,0.755,79.43548387096774,2.9345967741935484,2182.85,0.25,52.61532258064516,83.0,9.0,2.12,24853.0299,23319.3041,21.783246538946862
Kern,2017-01,1.4325,81.9,3.3467803970223327,2381.1,0.25,51.29441687344913,55.0,8.5,1.75,24799.4672,22640.3631,11.758000199326098
Kern,2017-02,1.26,77.80872252747253,3.7675,2531.675,0.25,55.339285714285715,43.0,10.0,1.6,62874.3581,48206.4539,11.534038290767509
Kern,2017-03,0.39,67.67849462365592,4.201370967741935,3125.825,0.5,59.075,57.0,12.0,3.33,111001.2478,46356.1699,10.52620970225384
Kern,2017-04,0.1075,52.6,4.778083333333333,3440.125,0.0,64.05416666666667,51.0,19.5,13.25,126354.6578,98001.3465,8.51055252522651
Kern,2017-05,0.025,46.92741935483871,5.043790322580645,3752.7,1.5,71.65241935483871,47.0,26.0,275.44,133059.8788,172156.0883,10.974133519371025
Kern,2017-06,0.0,42.47109858532272,4.308916666666667,3102.35,0.0,79.46166666666667,57.5,32.5,2418.48,82529.5813,282623.5955,19.484686044597535
Kern,2017-07,0.0,36.822580645161295,4.124435483870968,3068.475,0.25,83.78951612903225,60.0,39.0,81693.5,55603.2004,219119.6566,21.38836226734557
Kern,2017-08,0.06,42.53333333333333,3.988709677419355,2967.575,0.75,82.575,63.0,49.0,593.23,19260.5491,147029.7595,37.62560063784352
Kern,2017-09,0.3575,47.18045977011494,4.13225,2975.05,1.0,77.89281609195402,57.0,31.5,533.85,15866.9651,69706.0722,40.87304831194311
Kern,2017-10,0.05,47.25806451612903,3.667983870967742,2728.975,0.5,68.08870967741936,72.0,64.0,97.9,15994.1192,48636.8403,49.27161988289031
Kern,2017-11,0.0824999999999999,69.4433908045977,3.1843333333333335,2292.525,0.0,61.78666666666667,71.5,48.0,107.9,9304.4276,23633.8756,53.078972328386385
Kern,2017-12,0.105,60.92741935483871,3.036612903225807,2259.325,0.0,51.14924731182795,126.0,67.0,27.25,4630.0665,12725.4791,37.73758159212281
Kern,2018-01,1.3625,79.94360797711744,3.2492964404894327,2379.2,0.0,53.0138765294772,86.0,37.0,6.99,50620.4516,54504.1991,36.773896088746184
Kern,2018-02,0.225,55.50892857142857,4.121607142857143,2769.475,0.25,53.12655423280423,63.5,48.5,36.379999999999995,19234.808,29994.9644,22.997572478460608
Kern,2018-03,1.955,65.12903225806451,4.3640322580645154,3247.05,0.25,56.527849462365594,45.0,12.0,7.79,111059.8826,75066.5327,18.7757958882118
Kern,2018-04,0.3275,48.03189655172414,4.796166666666666,3453.3999999999996,0.25,65.4949712643678,54.0,33.0,1120.75,124815.2601,88703.8197,18.886895272165717
Kern,2018-05,0.005,46.115591397849464,5.647383512544803,3607.525,3.25,73.38929983932765,53.0,39.0,155.57,116433.7638,98814.5974,27.330448452663333
Kern,2018-06,0.0075,40.05,4.94475,3560.025,1.5,78.26955128205128,57.0,51.0,395.13,87976.8155,263895.4049,24.775162621723265
Kern,2018-07,0.0,40.516129032258064,4.415,3284.4,1.5,81.60352292020373,65.0,51.0,1635.09,81613.6489,309062.6933,29.88573428360339
Kern,2018-08,0.0,40.58842165898618,4.151929922135706,3045.15,0.5,80.26455188304465,69.0,60.0,526.06,31154.9167,162702.3084,29.88573428360339
Kern,2018-09,0.0,43.16666666666667,3.6405833333333337,2621.0499999999997,0.0,75.6225,59.0,67.5,201.75,17597.4228,48642.5571,25.10846077358501
Kern,2018-10,0.416,47.61964809384164,3.7629794721407626,2625.26,0.2,67.2364027370479,54.0,54.0,157.16,18968.3089,32262.3037,33.99641148989829
Kern,2018-11,0.712,52.27030425963488,3.4177176470588235,2267.7200000000003,0.4,57.839725490196074,81.5,62.5,32.980000000000004,6483.5943,8054.5855,31.44112565895822
Kern,2018-12,0.534,74.69032258064516,3.4969032258064514,2601.8,0.2,52.02554360812426,77.0,25.0,2.73,2665.809,30715.5865,28.330342908248575
Kern,2019-01,1.118,69.28645161290322,4.039729032258064,2654.16,1.0,50.67177419354839,64.0,19.0,1.23,21756.8864,22754.84,34.651717136046614
Kern,2019-02,0.922,66.14285714285714,5.505357142857143,2959.7799999999997,2.4,50.09553571428572,42.5,9.5,0.5,29523.7281,18679.5132,30.458197227862627
Kern,2019-03,1.498,60.759946236559145,4.360674731182796,3188.94,1.4,55.65403225806452,45.0,19.0,0.03,91846.1562,55724.4799,39.61772755363291
Kern,2019-04,0.638,48.486666666666665,4.914133333333334,3538.4199999999996,1.8,65.47102564102565,43.0,22.0,79.81,144478.1546,129223.5451,25.16111944910391
Kern,2019-05,2.3240000000000003,54.25806451612904,4.999225806451613,3719.4,2.4,69.38322580645162,52.0,26.0,884.07,184693.7893,175639.1291,29.906418292575264
Kern,2019-06,0.022,39.46666666666667,4.4752,3222.16,1.0,78.15599999999999,54.0,40.0,2117.35,156641.749,270735.2589,22.843647920896977
Kern,2019-07,0.012,35.774193548387096,4.404580645161291,3277.0199999999995,0.6,81.88129032258065,56.0,41.0,1401.5800000000002,77152.7326,293565.9427,23.50578264324181
Kern,2019-08,0.0,37.49032258064515,4.338903225806452,3228.44,0.6,83.93096774193548,55.0,52.0,906.93,42723.0259,128665.9841,31.009976163149993
Kern,2019-09,0.044,41.35333333333334,4.4632,3213.46,0.8,79.086,54.5,59.0,465.8,14710.7098,57499.9088,28.913216209058003
Kern,2019-10,0.032,38.53698924731183,3.7804516129032257,2812.48,0.6,66.56333036707453,62.0,72.0,45.2,15006.084,18346.2727,40.5005738500927
Kern,2019-11,4.542,53.48,3.414,2458.16,0.2,57.68728735632184,88.0,68.5,64.13,16687.6383,4555.0602,37.410611812483445
Kern,2019-12,1.93,75.35483870967741,3.685290322580645,2741.88,0.2,51.81161290322581,53.0,17.0,0.01,5620.5786,8429.0492,29.685706718460317
Kern,2020-01,0.534,78.3225806451613,3.371032258064516,2508.08,0.2,49.325806451612905,72.0,19.0,0.0,14413.7334,13840.3089,27.715881420020985
Kern,2020-02,0.49,49.93152709359606,4.04848275862069,2817.6,1.0,51.96896551724139,63.0,32.0,0.0,31648.5166,30169.4791,33.105080585025064
Kern,2020-03,1.496,61.6258064516129,5.095096774193548,3790.92,1.8,57.48129032258064,34.0,12.0,0.0,88948.686,165737.0218,28.815717984307533
Kern,2020-04,2.5,58.94047619047619,4.8848,3516.9199999999996,0.6,63.727333333333334,49.5,19.0,0.0,117053.8973,144423.6236,20.236992782872463
Kern,2020-05,0.156,39.9741935483871,5.176387096774194,3851.16,1.2,74.61032258064516,46.0,36.0,0.0,130843.2912,118653.4004,16.82749943358417
Kern,2020-06,0.118,36.56666666666667,5.140666666666666,3701.08,1.2,80.272,54.0,42.5,0.1,118342.4972,229950.3111,19.687074500729192
Kern,2020-07,0.188,31.93200992555831,4.783684863523574,3483.8599999999997,1.4,84.19483870967743,57.0,43.0,0.1,51766.9208,384479.7147,17.157450402870133
Kern,2020-08,0.008,35.994962656920386,4.174301075268817,2940.92,0.2,84.40129032258065,71.0,56.0,2005.0,20089.1783,196967.266,21.55679666001632
Kern,2020-09,0.03,42.406666666666666,3.2912666666666666,2369.84,0.0,78.54666666666667,116.0,81.5,0.0,28546.8421,96887.3189,22.87660053716018
Kern,2020-10,0.082,44.309677419354834,3.0973548387096774,2304.4199999999996,0.0,71.39612903225807,81.0,84.0,0.0,22255.0212,37703.6733,29.47561992287946
Kern,2020-11,0.532,56.260000000000005,3.4582,2489.74,0.4,57.9,91.0,51.5,0.0,7091.6851,11298.874,26.836012168591747
Kern,2020-12,0.4559999999999999,58.10215053763441,3.3745397849462364,2493.8399999999997,0.2,50.18883870967742,88.0,44.0,0.0,5691.4692,2153.8496,25.846159260733856
Kern,2021-01,0.74,62.0516129032258,4.153354838709677,3090.08,1.8,49.54709677419355,93.0,34.0,0.0,38625.217,7468.6083,31.19660475114369
Kern,2021-02,0.014,50.778571428571425,4.144714285714286,2784.94,0.2,54.598214285714285,62.5,35.0,14.3,22230.3333,18020.3354,27.228132061952262
Kern,2021-03,0.408,47.443329625509826,5.062516129032258,3766.68,1.8,58.46370967741935,53.0,25.0,1.4900000000000002,60302.8983,37230.0549,26.78719065204211
Kern,2021-04,0.16,37.593333333333334,5.0942,3667.96,2.2,67.70916666666668,56.0,40.0,36.46,119091.4415,79979.2854,16.97624428154109
Kern,2021-05,0.01,32.41935483870968,5.256967741935483,3911.06,2.0,75.72258064516129,56.0,44.0,99.58,95803.8034,151576.5952,23.259659372760844
Kern,2021-06,0.0,32.20666666666666,5.175666666666666,3726.54,2.2,82.49722222222222,56.0,41.0,957.67,72759.2653,211525.1631,24.692718954968857
Kern,2021-07,0.19,29.556912442396317,4.663741935483871,3469.5199999999995,1.0,86.48064516129031,59.0,42.0,556.76,70453.2262,274244.0459,30.755663341233532
Kern,2021-08,0.0339999999999999,31.614623655913977,4.741483870967742,3527.8199999999997,1.0,85.32924059139785,82.0,63.0,695.63,19301.3982,197383.4784,26.456484594609492
Kern,2021-09,0.002,34.306666666666665,4.166733333333333,3000.1800000000003,0.4,81.38147058823529,79.5,67.0,77.28,9946.8562,56174.7535,26.236013889654412
Kern,2021-10,0.616,43.895256166982925,4.521707779886148,2939.8,1.6,73.13440860215053,65.0,58.0,14.35,12509.456,18467.8386,27.558838119384884
Kern,2021-11,0.04,63.733333333333334,3.052666666666666,2197.775,0.25,60.17476190476191,100.5,44.5,0.97,14403.2838,6875.7152,25.90530783222179
Kern,2021-12,1.9925,75.29032258064515,3.7706451612903225,2805.3999999999996,1.0,52.63655913978494,80.0,28.0,0.0,4934.0381,2454.5348,24.03130684010362
Kern,2022-01,0.045,69.54032258064515,3.2697580645161293,2432.9,0.75,50.82043010752688,96.0,44.0,24.0,24332.6409,10663.7651,21.084628427350275
Kern,2022-02,0.155,45.669642857142854,4.166428571428572,2800.075,0.75,52.64285714285714,69.0,45.5,4329.0,10812.018,7616.9282,20.974812654291163
Kern,2022-03,0.91,46.20967741935484,4.625887096774194,3441.375,1.0,60.00430107526881,55.0,35.0,382.0,56452.1905,37853.8444,16.911629051103866
Kern,2022-04,0.225,39.925,5.201583333333334,3745.075,1.25,67.3,55.5,35.5,267.0,119062.9746,71675.4541,21.194444200409393
Kern,2022-05,0.0,33.145161290322584,5.3183870967741935,3957.05,1.0,73.85591397849463,53.0,51.0,1540.0,134003.672,89037.7724,25.037996257478454
Kern,2022-06,0.0475,31.558333333333337,4.91225,3536.925,1.0,78.67444444444443,52.5,44.5,5423.0,106689.8485,71871.9507,23.061312342414368
Kern,2022-07,0.0025,31.163709677419355,4.464032258064517,3321.15,0.25,81.26881720430107,53.0,45.0,819.0,52915.6037,63856.3239,19.766839150640884
Kern,2022-08,0.0125,32.693548387096776,4.071612903225807,3029.2,0.0,84.3959677419355,57.0,57.0,6091.0,13875.6141,17969.663,21.85333883876409
Kern,2022-09,0.5175000000000001,39.41091954022989,3.518416666666667,2533.15,0.0,80.53,65.0,60.0,55196.0,12477.528,21459.7661,27.014680172542544
Kern,2022-10,0.34,42.33064516129032,2.9715322580645163,2210.7,0.0,70.83790322580646,66.0,69.0,77113.0,18097.1818,12600.6727,20.425733788995583
Kern,2022-11,0.6425000000000001,56.83333333333333,3.070666666666667,2211.025,0.0,56.659166666666664,96.0,52.5,43.0,9722.1932,7008.6749,25.037996257478454
Kern,2022-12,1.8525,78.4274193548387,3.173467741935484,2361.075,0.0,50.83951612903226,75.0,31.0,13.0,4644.5654,400.7011,22.29260193100055
Kern,2023-01,2.11,73.04838709677419,3.8237903225806456,2844.625,0.0,50.545967741935485,58.0,19.0,19.0,26665.099,2639.231,24.79691328023488
Kern,2023-02,2.5374999999999996,59.401785714285715,4.091160714285714,2749.3,0.75,49.691964285714285,53.0,29.5,10.0,22368.6115,31719.4152,17.63336055483369
Kern,2023-03,2.0325,65.44354838709677,4.450322580645161,3310.825,0.0,54.21451612903226,30.0,15.0,13.0,50714.0248,16312.7463,18.955862596446217
Kern,2023-04,0.0025,48.266666666666666,4.075333333333333,2934.2,0.5,61.373333333333335,51.5,34.0,176.0,79391.6915,52345.6013,14.988356471608636
Kern,2023-05,0.1875,45.41935483870968,4.4131451612903225,3283.5,0.25,71.30887096774194,48.0,40.0,1008.0,140056.8024,45893.6799,17.41294354789827
Kern,2023-06,0.4525,44.34166666666667,4.109,2958.65,0.0,77.50666666666666,55.0,41.0,2354.0,143884.1164,57790.1849,21.04982416233272
Kern,2023-07,0.215,33.08064516129032,3.446612903225806,2564.075,0.0,84.72258064516129,59.0,52.0,124127.0,121591.185,37168.6302,22.04170069354211
Kern,2023-08,1.22,41.51084538375973,3.661935483870968,2724.175,0.0,83.66854838709678,60.0,49.0,391484.0,47803.7943,20522.3132,26.450040832250533
Kern,2023-09,0.0625,48.075,3.52125,2535.25,0.0,78.71083333333334,58.5,57.0,1258.0,17109.0911,16660.0975,28.323585391201615
Kern,2023-10,0.3225,49.37903225806451,3.0420967741935483,2263.25,0.0,71.18467741935484,61.0,57.0,3385.0,14199.364,8974.3246,37.14026566861846
Kern,2023-11,0.1775,51.22959770114942,2.973666666666667,2141.325,0.0,60.36666666666666,67.5,53.5,780.0,9280.4071,5805.0697,50.0346605743406
Kern,2023-12,0.9125,69.56451612903226,2.71,2016.25,0.0,54.41129032258064,84.0,51.0,4152.0,7049.6117,5767.0829,52.679664657565645
Kern,2024-01,1.4325,76.16129032258064,3.143870967741935,2338.925,0.0,53.1293817204301,64.0,26.0,65.0,,,48.11046685656877
Kern,2024-02,2.39,73.33620689655172,3.6789655172413793,2560.65,0.25,56.35465517241379,47.0,22.0,3.0,,,31.34799650382761
Kern,2024-03,1.05,61.30645161290323,4.130564516129032,3073.525,0.0,60.380913978494625,36.0,22.0,15.0,,,23.402150167787973
Kern,2024-04,0.7124999999999999,53.13333333333333,4.234333333333334,3048.85,0.25,67.725,46.5,30.0,1046.0,,,30.259524403000267
Kern,2024-05,0.1425,38.37903225806451,4.13,3072.55,0.25,76.43824278438031,48.0,37.0,8083.0,,,28.51796904167651
Kern,2024-06,0.175,34.333333333333336,3.962833333333333,2853.1,0.0,82.30421568627452,57.5,48.5,32876.0,,,35.3753432768888
Kern,2024-07,0.2575,33.693548387096776,3.5932713884992986,2455.625,0.0,86.9207997311828,68.0,52.0,69267.0,,,34.28687117606145
Kern,2024-08,0.01,35.314516129032256,3.5908870967741935,2671.7250000000004,0.0,85.01479663394109,57.0,58.0,105346.0,,,36.79035700796435
Kern,2024-09,0.0025,38.55833333333334,3.3114166666666667,2384.275,0.0,82.44592105263158,58.0,63.0,358241.0,,,38.42306515920537
Kern,2024-10,0.015,41.75806451612903,2.9763709677419357,2214.725,0.0,75.43285229202037,62.0,70.0,6532.0,,,42.341564722183826
Kern,2024-11,0.8525,56.75833333333333,3.0130833333333333,2169.675,0.0,61.98833333333334,66.0,42.0,20823.0,,,36.02842653738521
Kern,2024-12,0.4049999999999999,71.20967741935485,2.785322580645161,2072.3,0.0,55.082258064516125,91.0,44.0,8393.0,,,36.68150979788161
Los Angeles,2001-01,4.098333333333334,61.03924731182796,2.7228494623655912,2025.8666666666663,0.0,51.615591397849464,96.0,23.0,,678.7113,223.625,0.1142734380535119
Los Angeles,2001-02,7.078333333333333,70.19069664902999,2.9793893298059966,1991.35,0.0,52.49338624338625,66.0,17.5,,341.0448,230.625,0.0519424718425054
Los Angeles,2001-03,1.19,75.90304659498207,3.0481182795698927,2268.0333333333333,0.0,58.61505376344086,85.0,22.0,,550.2039,456.4113,0.0207769887370021
Los Angeles,2001-04,1.538333333333333,69.57222222222222,3.412555555555555,2456.9500000000003,0.0,60.937222222222225,61.0,20.0,,462.0653,561.5,0.0519424718425054
Los Angeles,2001-05,0.0766666666666666,75.05376344086021,3.431236559139785,2552.733333333333,0.0,68.0763440860215,85.0,31.0,,769.1122,917.75,0.0623309662110065
Los Angeles,2001-06,0.0166666666666666,68.4756038647343,3.390777777777778,2441.483333333333,0.0,71.93555555555555,74.0,29.5,,717.5481,627.6978,0.0519424718425054
Los Angeles,2001-07,0.01,73.05376344086021,3.3851612903225807,2518.5333333333333,0.0,73.66021505376345,72.0,24.0,,993.7726,398.0,0.1038849436850108
Los Angeles,2001-08,0.055,70.79569892473118,3.206559139784946,2386.116666666667,0.0,73.79247311827957,74.0,29.0,,610.1104,395.1816,0.0623309662110065
Los Angeles,2001-09,0.1999999999999999,70.05019157088122,3.0078333333333336,2114.016666666667,0.0,71.66222222222223,73.0,32.0,,680.3117,417.5333,0.0831079549480087
Los Angeles,2001-10,0.115,74.9032258064516,2.684247311827957,1996.8,0.0,67.80194572452638,94.0,40.0,,3063.8864,336.4842,0.0831079549480087
Los Angeles,2001-11,1.1383333333333334,71.22222222222223,2.606777777777778,1876.9,0.0,61.471666666666664,99.0,19.0,,755.691,259.5,0.0623309662110065
Los Angeles,2001-12,1.335,61.984070091596976,2.74505376344086,2042.3166666666664,0.0,52.80322580645161,87.0,15.0,,328.6503,31.5242,0.0727194605795076
Los Angeles,2002-01,1.1483333333333332,57.757168458781365,2.9715716845878135,2198.7999999999997,0.0,52.97898924731182,82.0,20.0,,238.332,40.75,0.0927269799348088
Los Angeles,2002-02,0.335,55.78348324514991,3.175492857142857,2097.7000000000003,0.0,53.80342857142857,83.5,20.0,,304.3226,327.3986,0.0824239821642745
Los Angeles,2002-03,0.6033333333333334,64.75877946055921,3.6961712465153327,2681.2166666666667,0.1666666666666666,57.64746415770609,60.0,18.0,,323.4122,112.5,0.1030299777053431
Los Angeles,2002-04,0.1483333333333333,74.28333333333333,3.625277777777778,2610.516666666667,0.0,62.45333333333334,63.5,20.0,,422.389,180.045,0.0515149888526715
Los Angeles,2002-05,0.33,72.73118279569893,3.7421505376344086,2784.2000000000003,0.0,66.06881720430107,70.0,29.0,,1223.2394,1281.817,0.0824239821642745
Los Angeles,2002-06,0.015,75.60555555555555,3.7025,2665.8333333333335,0.0,71.59166666666665,70.0,31.0,,481.6346,1414.706,0.0927269799348088
Los Angeles,2002-07,0.0,73.19206525769373,3.576505376344086,2660.8666666666663,0.0,73.82956989247312,70.0,31.0,,476.0397,492.9375,0.0927269799348088
Los Angeles,2002-08,0.0,72.73200992555832,3.141989247311828,2337.366666666667,0.0,72.44462365591399,82.0,37.0,,734.644,1550.5,0.0927269799348088
Los Angeles,2002-09,0.0,65.47911877394635,2.904166666666667,2090.9333333333334,0.0,71.20356725146199,75.5,37.0,,1029.5959,220.0,0.0412119910821372
Los Angeles,2002-10,0.03,76.26881720430107,2.78,2068.3666666666663,0.0,64.69741935483871,94.0,35.0,,609.4951,736.0,0.0721209843937401
Los Angeles,2002-11,2.3466666666666667,57.03333333333333,2.9025555555555553,2089.8333333333335,0.0,59.94,74.5,25.0,,447.1312,749.0,0.0618179866232058
Los Angeles,2002-12,4.058333333333334,70.0752688172043,2.9219354838709677,2173.7166666666667,0.0,56.35956989247311,86.0,18.0,,496.9074,34.0,0.1030299777053431
Los Angeles,2003-01,0.0466666666666666,56.18618080446038,2.9516666666666667,2196.1,0.0,55.79298088410992,90.0,22.0,,273.2453,160.6947,0.102384064125187
Los Angeles,2003-02,5.8066666666666675,67.46428571428571,3.3451785714285713,2248.25,0.0,56.118452380952384,65.0,19.0,,365.7974,128.3125,0.0614304384751122
Los Angeles,2003-03,4.3,65.71451612903226,3.532043010752688,2628.0,0.1666666666666666,58.854838709677416,66.0,17.0,,493.3009,279.875,0.0614304384751122
Los Angeles,2003-04,1.58,71.31666666666666,3.828944444444444,2756.9166666666665,0.0,61.15555555555556,52.0,13.0,,909.2081,444.0,0.0716688448876309
Los Angeles,2003-05,1.6083333333333334,75.08109318996416,3.71355958781362,2664.6,0.0,66.0931899641577,80.0,25.0,,703.215,522.0,0.0511920320625935
Los Angeles,2003-06,0.0,81.70666666666666,3.746933333333333,2248.2000000000003,0.0,70.65933333333332,71.5,29.0,,276.6138,170.0,0.0819072513001496
Los Angeles,2003-07,0.1166666666666666,72.63612279881563,3.6086717267552184,2527.25,0.0,76.29730881599953,74.0,36.0,,1474.7581,1525.9842,0.1228608769502244
Los Angeles,2003-08,0.0,60.98924731182796,3.429784946236559,2551.75,0.0,75.5826164874552,65.0,25.0,,4497.7891,480.8968,0.0819072513001496
Los Angeles,2003-09,0.0016666666666666,72.37777777777778,3.189833333333333,2122.266666666667,0.0,73.57388888888889,89.5,35.0,,1099.5716,805.9842,0.0921456577126683
Los Angeles,2003-10,0.2433333333333333,63.94569892473118,2.951328725038403,2130.483333333333,0.0,68.87201612903225,90.0,42.0,,2070.7484,260.5,0.1330992833627431
Los Angeles,2003-11,0.6183333333333334,61.73888888888889,3.1189649122807013,2022.0333333333335,0.1666666666666666,59.67812865497075,70.0,19.0,,340.6239,25.0,0.1433376897752618
Los Angeles,2003-12,1.9166666666666667,58.963620071684595,2.998514336917563,2221.616666666667,0.0,54.373279569892475,80.0,19.0,,460.5357,397.0605,0.0511920320625935
Los Angeles,2004-01,0.3033333333333333,61.655913978494624,3.05994623655914,2276.733333333333,0.0,52.83440860215054,98.0,22.0,,292.6698,211.6634,0.1327443161691869
Los Angeles,2004-02,4.926666666666667,62.94252873563219,3.427816091954023,2385.85,0.0,53.38218390804598,66.0,12.0,,259.6103,334.2105,0.0816888099502688
Los Angeles,2004-03,0.945,68.39247311827957,3.398978494623656,2528.483333333333,0.0,61.95860215053764,77.0,26.0,,545.1056,333.0,0.0816888099502688
Los Angeles,2004-04,0.5566666666666666,69.29444444444444,3.5396666666666667,2548.516666666667,0.0,64.93388888888889,68.0,27.5,,1141.6356,904.9049,0.1837998223881049
Los Angeles,2004-05,0.105,62.2221198156682,5.626146953405018,4124.05,1.5,69.25698924731184,63.0,29.0,,607.428,480.25,0.1327443161691869
Los Angeles,2004-06,0.0033333333333333,75.89999999999999,3.974444444444444,2861.366666666667,0.0,72.23722222222221,74.0,29.0,,1056.5718,1506.3572,0.1225332149254033
Los Angeles,2004-07,0.0,67.10215053763442,3.650268817204301,2715.883333333333,0.0,74.74080459770114,69.0,26.0,,765.0366,966.3572,0.1123221136816197
Los Angeles,2004-08,0.0,71.37160025300443,3.592258064516129,2672.683333333333,0.0,75.02903225806452,71.0,29.0,,2401.4636,1203.657,0.1633776199005377
Los Angeles,2004-09,0.0,62.4078835978836,3.4261111111111107,2466.75,0.0,72.50222222222222,73.0,32.5,,850.6505,316.0,0.2144331261194558
Los Angeles,2004-10,5.16,75.56989247311829,3.1841397849462365,2368.8333333333335,0.0,66.48387096774194,70.0,25.0,,729.5534,335.1563,0.1225332149254033
Los Angeles,2004-11,1.2033333333333334,65.31944444444444,2.9471527777777777,1985.2333333333331,0.0,59.20652777777778,68.5,17.5,,837.6769,62.1788,0.1225332149254033
Los Angeles,2004-12,4.316666666666667,60.064516129032256,3.14858064516129,1951.9333333333336,0.0,54.427096774193544,77.0,19.0,,389.2846,175.8734,0.0612666074627016
Los Angeles,2005-01,7.376666666666666,69.41290322580645,3.1488387096774195,1952.15,0.0,55.20451612903226,62.0,13.0,,536.3797,242.962,0.1737109345821991
Los Angeles,2005-02,9.113333333333332,72.08571428571429,3.471,1943.8333333333333,0.0,56.64642857142858,60.0,13.5,,315.3276,353.9121,0.1124011929649523
Los Angeles,2005-03,1.83,72.38064516129032,3.338967741935484,2069.9,0.0,60.62903225806451,56.0,16.0,,542.9435,300.6096,0.1226194832344935
Los Angeles,2005-04,1.0057142857142858,63.877888198757766,4.22688364389234,2830.8857142857146,1.0,61.55657142857143,60.0,19.0,,882.7816,1033.9044,0.1226194832344935
Los Angeles,2005-05,0.45,69.51810401579986,4.057695852534563,3019.157142857143,0.1428571428571428,67.536142198815,61.0,20.0,,1442.1823,840.4201,0.163492644312658
Los Angeles,2005-06,0.0,68.1952380952381,4.449190476190476,3203.3142857142857,1.1428571428571428,70.22571428571429,61.0,23.0,,1115.6186,1005.3017,0.081746322156329
Los Angeles,2005-07,0.0,67.08507621410847,4.166912442396313,3099.942857142857,1.0,75.24884792626729,73.0,29.0,,763.2963,577.9943,0.1124011929649523
Los Angeles,2005-08,0.0,66.45161290322581,3.7807834101382487,2812.7571428571428,0.2857142857142857,75.46405529953917,72.0,27.0,,400.3844,996.0559,0.2145840956603636
Los Angeles,2005-09,0.2971428571428571,64.1952380952381,3.5156190476190474,2531.2571428571428,0.1428571428571428,70.50714285714285,71.0,22.5,,426.3772,730.8978,0.2963304178166926
Los Angeles,2005-10,1.2542857142857142,67.00460829493088,3.423548387096774,2547.1142857142863,0.4285714285714285,65.64147465437789,70.0,23.0,,359.3103,555.0761,0.3065487080862338
Los Angeles,2005-11,0.0485714285714285,56.65714285714286,3.1593809523809524,2274.985714285714,0.4285714285714285,60.44285714285714,72.5,28.0,,548.9365,483.3548,0.3065487080862338
Los Angeles,2005-12,0.6357142857142858,65.89400921658986,3.1041013824884796,2309.285714285714,0.7142857142857143,55.03179723502304,86.0,25.0,,217.1725,64.1554,0.2963304178166926
Los Angeles,2006-01,0.9385714285714286,59.14746543778802,3.789585253456221,2819.2571428571428,1.0,53.39677419354838,65.0,15.0,,172.3902,99.7676,0.1848437377252205
Los Angeles,2006-02,1.762857142857143,55.51020408163265,3.4959183673469387,2349.2999999999997,0.5714285714285714,54.76734693877551,74.5,20.5,,166.3257,91.0897,0.1643055446446404
Los Angeles,2006-03,3.251428571428572,72.52534562211981,3.902995391705069,2903.7714285714287,1.2857142857142858,55.42534562211982,54.0,11.0,,404.7214,507.7565,0.2156510273460906
Los Angeles,2006-04,2.814285714285714,72.71428571428571,3.8179523809523808,2749.042857142857,1.1428571428571428,60.43714285714286,51.0,16.0,,783.8596,557.6227,0.1026909654029002
Los Angeles,2006-05,0.66,71.91244239631337,4.018940092165899,2989.914285714286,0.8571428571428571,67.51981566820277,71.0,31.0,,1135.3858,1934.6078,0.1026909654029002
Los Angeles,2006-06,0.0,64.99795918367347,4.180714285714286,3009.8571428571427,0.8571428571428571,72.59619047619047,70.0,28.0,,860.171,7420.9009,0.1951128342655105
Los Angeles,2006-07,0.0,57.264173912056485,4.1729953917050695,3104.6,1.1428571428571428,76.65347328895716,67.0,31.0,,1388.6407,1016.7589,0.1951128342655105
Los Angeles,2006-08,0.0,60.35483870967742,3.874746543778802,2882.6428571428573,0.7142857142857143,74.78571428571429,67.0,25.0,0.0,753.453,292.7895,0.1643055446446404
Los Angeles,2006-09,0.0857142857142857,58.43809523809524,3.552857142857143,2558.328571428571,0.2857142857142857,71.9283116883117,69.5,30.5,0.0,898.1382,756.6281,0.2156510273460906
Los Angeles,2006-10,0.0842857142857143,62.064516129032256,3.470322580645161,2582.0714285714284,0.5714285714285714,65.12764976958525,60.0,23.0,2.9,308.3643,430.3274,0.1129600619431903
Los Angeles,2006-11,0.1228571428571428,60.63333333333333,3.156904761904762,2273.014285714286,0.7142857142857143,60.46142857142858,75.5,25.5,7.77,419.8705,415.8134,0.2156510273460906
Los Angeles,2006-12,0.4925,53.29361079109063,3.765309619815669,2560.25,0.5,52.26834197388633,69.0,19.0,4.24,351.0429,189.4328,0.1540364481043504
Los Angeles,2007-01,0.2725,50.885685483870965,4.2454435483870965,2850.7,1.0,49.783239247311826,70.0,28.0,112.8,268.1299,106.307,0.1958690394860644
Los Angeles,2007-02,1.16625,63.61607142857143,4.375580357142857,2549.2000000000003,1.25,54.137946428571425,60.5,14.0,5.2,601.5265,343.2196,0.1855601426710083
Los Angeles,2007-03,0.205,54.76209677419355,4.19875,3124.2,0.75,58.73991935483871,67.0,43.0,4.3999999999999995,355.0764,642.1499,0.1855601426710083
Los Angeles,2007-04,0.6625,64.4407738095238,4.6189583333333335,3325.75,1.625,62.035,63.0,50.0,14.8,1076.1186,692.7403,0.1546334522258403
Los Angeles,2007-05,0.2649999999999999,64.66964658151915,4.729959677419354,3519.05,1.375,67.42540322580645,69.0,44.0,9.75,2018.1623,947.7483,0.1649423490408963
Los Angeles,2007-06,0.0,60.50603448275862,4.741416666666667,3413.8125,1.375,71.78916666666666,66.0,30.0,25.25,382.534,892.6198,0.1340156585957282
Los Angeles,2007-07,0.0,59.68812569521691,4.702217741935484,3498.35,1.5,76.49567741935483,65.0,25.0,487.8,796.396,595.7512,0.1237067617806722
Los Angeles,2007-08,0.41875,56.475806451612904,4.315685483870968,3210.8375,1.0,76.62613213399504,66.0,25.5,15.1,607.9586,232.7344,0.1133978649656162
Los Angeles,2007-09,0.45125,58.64,4.169766666666667,2951.9875,0.5,73.88534893267652,59.0,20.5,77.45,596.5765,175.7336,0.0824711745204481
Los Angeles,2007-10,0.2457142857142857,54.42396313364055,4.291889400921659,3193.285714285714,1.5714285714285714,63.80046082949309,64.0,25.0,341.6,437.2338,155.5325,0.1133978649656162
Los Angeles,2007-11,0.55,60.26190476190476,3.494380952380953,2515.9285714285716,0.2857142857142857,59.532380952380954,98.5,28.0,0.2,476.99,151.2885,0.1443245554107843
Los Angeles,2007-12,1.08,58.023041474654384,4.28,3184.171428571429,1.2857142857142858,51.338074050532335,64.0,16.0,0.0,596.3507,436.3661,0.1752512458559523
Los Angeles,2008-01,5.267142857142857,63.55760368663594,4.496543778801843,3345.1857142857143,1.7142857142857142,50.44331797235024,64.0,27.0,1.25,232.6409,104.555,0.1540808782856591
Los Angeles,2008-02,0.9014285714285716,63.4771287825475,4.3000492610837435,2992.828571428571,1.7142857142857142,52.6192118226601,69.0,30.0,1.15,333.7383,220.9336,0.2259852881523001
Los Angeles,2008-03,0.0928571428571428,54.626728110599075,4.615391705069124,3433.785714285714,2.142857142857143,57.28018433179723,69.0,33.0,1.0,454.7342,310.9813,0.2568014638094319
Los Angeles,2008-04,0.0271428571428571,54.85238095238095,4.720714285714286,3399.0,1.7142857142857142,61.69428571428572,70.5,41.0,8.41,795.5424,469.7579,0.1232647026285273
Los Angeles,2008-05,0.4742857142857142,62.700333704115685,4.804516129032258,3574.8857142857146,1.5714285714285714,65.98341013824884,72.0,42.0,9.62,1234.8847,499.6155,0.1335367611809046
Los Angeles,2008-06,0.02,58.82998430141287,4.574666666666666,3293.657142857143,0.7142857142857143,71.75904761904762,85.5,52.0,23.96,2619.9411,417.1048,0.2054411710475455
Los Angeles,2008-07,0.0,63.1889400921659,4.4391705069124425,3302.7428571428572,0.7142857142857143,75.39447004608294,91.0,46.0,23.12,3369.1898,943.7131,0.2362573467046774
Los Angeles,2008-08,0.0014285714285714,63.10599078341014,4.235622119815668,3151.1857142857143,0.5714285714285714,75.0004608294931,68.0,43.0,5.46,2770.1325,409.2792,0.2465294052570546
Los Angeles,2008-09,0.0242857142857142,62.01428571428572,3.678,2648.0714285714284,0.0,72.26761904761905,71.0,45.5,200.13,559.4968,218.7231,0.2465294052570546
Los Angeles,2008-10,0.0285714285714285,45.18674566600834,4.051527320605662,2914.285714285714,1.0,65.1907395216151,65.0,49.0,445.5,295.6117,83.8086,0.1746249953904137
Los Angeles,2008-11,1.0628571428571427,57.87222222222223,3.9442777777777778,2434.2999999999997,0.7142857142857143,59.98833333333334,71.5,42.0,7.4,319.4995,268.3996,0.2157132295999228
Los Angeles,2008-12,1.2971428571428572,63.867831541218635,4.0143010752688175,2559.871428571428,1.1428571428571428,48.94011865035225,63.0,33.0,1.0,353.4262,112.4158,0.2670735223618092
Los Angeles,2009-01,0.1785714285714285,49.364849833147936,4.015268817204301,2560.7571428571428,1.0,35.123118279569894,64.0,40.0,1.0,9.4045,0.0,0.2043443611173549
Los Angeles,2009-02,2.672857142857143,64.37896825396825,4.190892857142857,2414.1142857142854,0.2857142857142857,53.13503086419754,60.5,28.5,0.0,176.5156,98.6821,0.1123893986145452
Los Angeles,2009-03,0.972857142857143,61.51612903225807,4.536075268817204,2892.657142857143,1.0,58.61344086021506,66.0,39.0,0.1,356.0832,165.3067,0.2145615791732227
Los Angeles,2009-04,0.1242857142857143,57.524242424242416,4.944268398268398,3356.2285714285713,1.8571428571428572,61.02606060606061,65.5,43.5,5.2,709.5621,105.6795,0.1634754888938839
Los Angeles,2009-05,0.0942857142857142,65.44980965738328,4.738387096774194,3525.414285714286,1.4285714285714286,68.14239631336406,85.0,44.0,83.14999999999999,961.4235,431.5079,0.1634754888938839
Los Angeles,2009-06,0.0342857142857142,67.88201058201058,4.71252380952381,3393.0,2.0,68.9904761904762,67.5,36.0,51.02,3721.6853,6754.1869,0.1226066166704129
Los Angeles,2009-07,0.0,56.83410138248848,4.477096774193549,3330.8857142857146,0.4285714285714285,74.23778801843319,77.0,44.0,17.27,2249.1719,27510.9542,0.1430410527821485
Los Angeles,2009-08,0.0,55.4046559669474,4.140599078341014,3080.8571428571427,0.2857142857142857,72.94725038402457,84.0,42.0,2024.22,1338.352,22885.8975,0.1839099250056194
Los Angeles,2009-09,0.01,56.07619047619048,3.9457142857142857,2840.828571428571,0.5714285714285714,72.07142857142857,82.0,45.5,376.91,353.4085,5612.59,0.1226066166704129
Los Angeles,2009-10,0.4971428571428571,56.87112135176652,4.033238518989353,2976.0142857142855,0.8571428571428571,64.32354070660521,68.0,43.0,7.22,251.829,120.0974,0.1123893986145452
Los Angeles,2009-11,0.0114285714285714,51.214285714285715,3.6948571428571424,2660.4714285714285,0.1428571428571428,41.76047619047619,76.5,46.5,2.47,304.1338,88.6914,0.2145615791732227
Los Angeles,2009-12,2.565714285714286,61.73271889400922,3.6030875576036863,2680.7714285714287,1.0,35.183133640552995,69.0,33.0,1.21,209.7523,90.9337,0.2247787972290904
Los Angeles,2010-01,5.408571428571428,61.35492142266336,3.471476190476191,2565.585714285714,0.4285714285714285,48.77821812596006,71.0,29.0,0.01,172.5965,74.4351,0.1323455738397187
Los Angeles,2010-02,31.738571428571426,68.49097331240189,3.632142857142857,2440.8857142857146,0.5714285714285714,53.684183673469384,63.5,29.0,0.1,233.7633,182.3556,0.1221651450828172
Los Angeles,2010-03,1.7871428571428571,58.00921658986175,4.06,3020.914285714286,1.4285714285714286,56.71981566820276,59.0,32.0,0.1,526.2769,375.8283,0.1018042875690144
Los Angeles,2010-04,50.98428571428571,63.71575091575091,4.266571428571429,3071.8142857142857,1.4285714285714286,59.635238095238094,63.5,31.0,1.5699999999999998,445.1387,1790.3472,0.0916238588121129
Los Angeles,2010-05,77.77714285714285,60.97235023041475,4.504381720430108,3153.671428571429,2.0,64.21513056835637,64.0,33.0,9.86,1221.9256,4991.5038,0.1018042875690144
Los Angeles,2010-06,109.80714285714284,66.44499178981938,4.292451559934318,3080.371428571428,0.7142857142857143,70.5855829228243,77.0,37.0,14.03,2826.2402,14961.1814,0.2036085751380288
Los Angeles,2010-07,11.074285714285711,64.38429172510519,4.270921658986175,3177.7,0.4285714285714285,72.69296043222629,76.0,36.0,15.06,1388.1801,14039.6586,0.1934281463811273
Los Angeles,2010-08,0.03,56.622119815668206,4.047695852534562,3011.5714285714284,0.2857142857142857,71.863133640553,74.0,38.0,91.4,1439.3648,8584.7418,0.2341498614087331
Los Angeles,2010-09,0.0257142857142857,59.722197342887,3.4992380952380953,2519.671428571429,0.2857142857142857,68.25419727891156,75.5,38.0,9.82,315.1633,213.7939,0.2748715764363388
Los Angeles,2010-10,1.384285714285714,70.68204883733249,3.2882027649769583,2446.4714285714285,0.5714285714285714,65.60766497922862,69.0,31.0,1.8,255.3216,152.7936,0.3359541489777475
Los Angeles,2010-11,0.8957142857142857,57.96629072681704,3.992172161172161,2815.2428571428572,0.8571428571428571,56.44571428571429,64.0,29.5,3.37,292.8889,134.0643,0.3257737202208461
Los Angeles,2010-12,7.8914285714285715,73.06824665350011,3.132857142857143,2331.2,0.5714285714285714,52.22239631336406,72.0,28.0,1.11,240.5797,105.6351,0.3868562927622547
Los Angeles,2011-01,0.6571428571428571,57.55852534562212,3.380276497695853,2515.1142857142854,0.7142857142857143,51.8164581961817,71.0,33.0,0.1,0.0,0.0,0.2328094984655829
Los Angeles,2011-02,2.6942857142857144,63.35034013605442,4.05564935064935,2666.171428571429,1.1428571428571428,52.17057823129252,65.5,25.5,2.01,2.0627,0.0,0.2328094984655829
Los Angeles,2011-03,2.4825,68.55376344086022,4.19616935483871,2769.5875,1.125,56.10349462365591,64.0,25.0,0.1,8.7886,0.0,0.1720765858223874
Los Angeles,2011-04,0.27375,64.03936781609195,4.549625,3275.65,1.875,61.97125,63.5,30.5,21.52,12.2918,2.125,0.1720765858223874
Los Angeles,2011-05,0.35875,63.782267334074895,4.7795521313364056,3524.4375,1.75,65.16167914746543,63.0,33.0,9.2,47.147,0.0,0.2935424111087785
Los Angeles,2011-06,0.14875,66.46282654127482,4.425066091954023,3170.625,1.125,69.12936892130858,77.0,33.5,424.0,47.8681,0.0,0.3441531716447748
Los Angeles,2011-07,0.12,60.96447719688543,4.167842046718576,3082.05,0.375,74.18606785317019,74.0,37.0,289.89,129.9902,58.178,0.313786715323177
Los Angeles,2011-08,0.085,56.1255376344086,3.8772405913978494,2871.6125,0.125,73.90962365591398,81.0,46.0,83.36,123.0104,43.2011,0.3036645632159778
Los Angeles,2011-09,0.2618181818181818,60.36114033892145,3.2472421607378124,2237.7272727272725,0.0,71.95669301712779,84.5,44.5,1183.34,41.9326,1.1678,0.27329810689438
Los Angeles,2011-10,0.9272727272727272,55.31964809384164,3.305307917888563,2459.2090909090907,0.3636363636363636,66.28709677419354,82.0,34.0,7.26,25.6775,1.2421,0.3036645632159778
Los Angeles,2011-11,1.210909090909091,59.38234064785789,3.559810867293626,2556.0636363636363,0.9090909090909092,57.257774294670845,74.0,28.5,0.02,20.9324,2.1246,0.2429316505727822
Los Angeles,2011-12,0.770909090909091,45.92729716520039,3.7918071847507338,2776.218181818182,1.181818181818182,50.136180351906155,82.0,37.0,2.22,6.9428,0.468,0.313786715323177
Los Angeles,2012-01,1.0609090909090908,45.22806226032032,3.9884164222873904,2967.3272727272724,1.7272727272727273,52.47172182656054,75.0,34.0,2.14,128.5673,186.5142,0.3721761511735267
Los Angeles,2012-02,0.3636363636363636,55.76101656963726,4.230816300940439,2912.4363636363637,1.2727272727272727,53.690645768025085,64.0,23.0,2.23,119.6692,2290.5369,0.3621173362769449
Los Angeles,2012-03,2.0072727272727273,59.693548387096776,4.251994134897361,3163.2272727272725,1.0,56.1407624633431,64.0,27.0,2.74,657.5752,2165.1622,0.2615291873111269
Los Angeles,2012-04,1.6009090909090908,58.401310184068805,4.2298944618599785,3015.381818181818,1.0909090909090908,61.17462904911181,62.0,30.0,1.82,618.858,2521.2561,0.2715880022077087
Los Angeles,2012-05,0.0372727272727272,61.171358748778104,4.192528836754644,3101.1636363636367,0.8181818181818182,67.75329423264907,74.0,40.0,8.19,1770.723,4813.8932,0.3319408915871995
Los Angeles,2012-06,0.0118181818181818,59.714524555903864,4.132878787878788,2975.7272727272725,0.1818181818181818,71.35454545454546,81.5,36.0,205.64,945.3684,6701.3513,0.3721761511735267
Los Angeles,2012-07,0.0918181818181818,57.305299539170505,3.7202932551319647,2768.0454545454545,0.0,73.69706744868034,78.0,36.0,1142.75,1203.5529,2739.6183,0.3118232617940359
Los Angeles,2012-08,0.2690909090909091,51.96549364613881,3.6048308895405663,2673.009090909091,0.0909090909090909,76.01472140762463,75.0,39.0,37.8,384.9468,1528.0306,0.2112351128282178
Los Angeles,2012-09,0.1772727272727272,48.176839826839824,3.488151515151515,2511.527272727273,0.2727272727272727,74.00878787878789,76.5,40.0,73.1,253.6627,531.5176,0.1709998532418906
Los Angeles,2012-10,0.3281818181818182,54.982404692082106,3.69891495601173,2751.927272727273,0.8181818181818182,67.4058651026393,66.0,36.0,2.8,203.5829,130.8416,0.2816468171042905
Los Angeles,2012-11,1.201818181818182,59.66363636363636,3.291090909090909,2369.690909090909,0.5454545454545454,59.94878787878788,73.5,35.5,2.45,138.3464,2478.8265,0.2212939277247997
Los Angeles,2012-12,15.496363636363638,68.78123167155425,3.488269794721408,2595.2090909090907,0.7272727272727273,54.74193548387097,74.0,27.0,0.3,182.3427,131.7045,0.201176297931636
Los Angeles,2013-01,1.079090909090909,45.68035190615836,4.317829912023461,3212.372727272727,1.5454545454545454,49.768328445747805,64.0,32.0,0.3,152.0851,256.3108,0.2999452899791078
Los Angeles,2013-02,0.3827272727272727,51.77597402597403,4.113116883116883,2763.9454545454546,0.9090909090909092,48.17922077922078,64.0,33.0,0.97,820.56,238.4156,0.2799489373138339
Los Angeles,2013-03,0.7254545454545455,59.124481747396096,4.003812316715543,2978.627272727273,0.8181818181818182,58.910351906158354,78.0,35.0,3.25,515.0158,515.3696,0.1899653503201016
Los Angeles,2013-04,0.0718181818181818,56.666704310182574,4.5044545454545455,3243.181818181818,1.0909090909090908,63.41787878787879,69.0,37.0,3.8,281.997,1805.6352,0.1799671739874646
Los Angeles,2013-05,0.4872727272727273,59.27844140130892,4.6218475073313785,3438.5545454545454,1.4545454545454546,68.29488320355951,71.0,35.0,97.12,795.2227,8595.6242,0.3899288769728401
Los Angeles,2013-06,0.0518181818181818,60.42380952380952,4.319484848484849,3110.0545454545454,1.2727272727272727,72.09612554112555,72.0,40.0,537.25,1360.6114,37286.6753,0.3199416426443817
Los Angeles,2013-07,0.0872727272727272,56.281919693210014,4.06316715542522,3023.218181818182,1.181818181818182,74.84780058651027,72.0,37.0,24.85,3203.0379,33327.4388,0.3699325243075663
Los Angeles,2013-08,0.02,51.87552948843272,3.7794428152492663,2811.781818181818,0.3636363636363636,73.71143695014662,73.0,36.0,112.89,438.1857,14499.5505,0.4199234059707509
Los Angeles,2013-09,0.0054545454545454,48.992026089852175,3.7905454545454544,2729.390909090909,0.3636363636363636,73.42878787878789,66.5,34.5,75.78,653.0242,5741.3481,0.269950760981197
Los Angeles,2013-10,0.1436363636363636,49.47077223851417,3.787466275659824,2810.1545454545453,0.7272727272727273,63.95697947214076,69.0,33.0,0.5,204.4413,67.2266,0.269950760981197
Los Angeles,2013-11,0.5990909090909091,50.5969696969697,3.5578560606060607,2536.081818181818,0.9090909090909092,58.87893939393939,68.5,29.0,8.9,139.3119,171.8618,0.2799489373138339
Los Angeles,2013-12,0.3090909090909091,41.65395894428153,3.94841642228739,2937.6727272727276,1.5454545454545454,52.030205278592376,72.0,25.0,1.0,102.7988,75.5163,0.1999635266527385
Los Angeles,2014-01,0.0309090909090909,38.87683284457478,3.4553665689149557,2570.7272727272725,1.181818181818182,53.10058651026393,93.0,37.0,1.7000000000000002,106.2196,210.8415,0.3581168425832758
Los Angeles,2014-02,1.5827272727272728,56.37337662337663,3.7098376623376623,2493.090909090909,0.5454545454545454,56.15422077922078,71.5,28.5,3.35,210.9762,147.0082,0.2287968716504262
Los Angeles,2014-03,0.51,57.12903225806451,4.107126099706744,3055.609090909091,1.181818181818182,60.3972238514174,68.0,31.0,1.3,624.2474,237.9185,0.2685876319374569
Los Angeles,2014-04,0.3072727272727272,50.403761755485895,4.421666666666666,3183.6454545454544,1.181818181818182,64.00242424242424,69.0,32.0,2.1,809.5355,5483.5645,0.3680645326550334
Los Angeles,2014-05,0.1454545454545454,52.947203209183186,4.432346041055719,3297.7454545454543,0.8181818181818182,68.62903225806451,70.0,34.0,13.82,754.5764,28485.3659,0.2984307021527299
Los Angeles,2014-06,0.0045454545454545,57.191582491582494,4.137333333333333,2978.7999999999997,0.8181818181818182,72.47807162534436,82.0,44.0,1.8,1316.5117,39105.4726,0.2586399418656992
Los Angeles,2014-07,0.0054545454545454,55.168105976337344,3.878064516129032,2885.409090909091,0.5454545454545454,76.00500076804914,73.0,45.0,3.6,3211.5135,34833.0343,0.4476460532290948
Los Angeles,2014-08,0.0454545454545454,54.25880006163654,3.826129032258065,2846.681818181818,0.1818181818181818,75.93750654487029,70.0,39.0,2.39,1948.6965,18240.7744,0.2785353220092145
Los Angeles,2014-09,0.0563636363636363,52.14219969047556,3.4443333333333332,2480.018181818182,0.0909090909090909,74.48843391902216,73.0,34.5,1.42,377.1986,201.432,0.3382214624397605
Los Angeles,2014-10,0.1881818181818182,52.987917888563054,3.04774193548387,2267.427272727273,0.1818181818181818,69.07372922776149,70.0,36.0,12.010000000000002,60.4059,105.2025,0.4078552929420642
Los Angeles,2014-11,0.5,47.152776533811014,3.8098181818181818,2742.8545454545456,1.0909090909090908,60.632100313479626,62.0,22.0,1.01,116.2727,135.5142,0.3382214624397605
Los Angeles,2014-12,3.8927272727272726,67.10608083055246,3.505601173020528,2608.054545454546,0.5454545454545454,55.80731115380726,71.0,16.0,0.5,89.3839,1154.7646,0.4178029830138218
Los Angeles,2015-01,1.0318181818181815,54.34838709677419,3.412140762463343,2358.4454545454546,0.5454545454545454,53.12243401759531,80.0,22.0,2.2,229.018,105.936,0.5742062588482215
Los Angeles,2015-02,0.656,57.878439153439146,3.627964285714286,2438.1400000000003,0.8,58.28684523809524,75.0,24.5,0.2,258.1183,163.7365,0.4356047480917542
Los Angeles,2015-03,0.8119999999999999,48.824491551459296,3.9051612903225807,2905.34,0.7,61.37129032258065,63.0,26.0,1.71,943.8831,1654.1774,0.386104208535873
Los Angeles,2015-04,0.302,48.97252873563218,4.447100000000001,3202.0,1.0,63.835931034482755,65.0,28.5,26.78,1141.5669,6363.221,0.4356047480917542
Los Angeles,2015-05,0.63,63.30645161290323,4.375064516129032,3254.6600000000003,1.0,66.11387096774193,67.0,26.0,3.73,2103.8167,31002.289,0.257402805690582
Los Angeles,2015-06,0.038,56.57161336364785,4.029585057471264,2889.1400000000003,0.7,72.80217649727767,74.0,35.0,7.2,1954.5642,44086.4678,0.4554049639141067
Los Angeles,2015-07,0.755,61.03634408602151,4.103516129032258,3053.09,0.5,76.0449205955335,69.0,31.0,6.17,4587.6791,42655.5078,0.811808848716451
Los Angeles,2015-08,0.016,53.62913371932727,3.8252580645161287,2845.94,0.4,77.37838530907358,73.0,43.0,34.08,2832.4663,17407.0745,0.386104208535873
Los Angeles,2015-09,1.0550000000000002,54.55494252873564,3.6245195402298847,2603.12,0.3,76.33817569786535,68.0,32.0,1.12,147.5897,367.989,0.4950053955588115
Los Angeles,2015-10,0.253,54.56362995921394,3.156967741935484,2348.74,0.1,71.17845878136201,64.0,29.0,2.7,106.1954,193.0179,0.4554049639141067
Los Angeles,2015-11,0.18,42.040919540229886,3.786,2725.9,1.4,58.405619047619055,60.0,17.0,1.41,60.3724,121.9093,0.3960043164470492
Los Angeles,2015-12,0.687,48.45483870967742,3.871064516129033,2880.15,1.3,52.29451612903226,67.0,19.0,1.46,425.2893,148.0976,0.4356047480917542
Los Angeles,2016-01,2.925,64.07278828327772,3.4376655913978498,2551.3900000000003,0.9,52.24525027808676,71.0,21.0,1.2400000000000002,196.046,310.7415,0.4939239939879571
Los Angeles,2016-02,0.435,42.795526918802786,4.1866206896551725,2913.96,1.3,56.32793103448275,69.0,22.0,0.6,1503.4955,1291.9475,0.5136809537474755
Los Angeles,2016-03,1.597,61.516559139784945,4.079806451612903,3035.34,1.0,59.79096774193548,62.0,25.0,1.2200000000000002,2046.832,1222.2163,0.5433163933867529
Los Angeles,2016-04,0.5469999999999999,53.342528735632186,3.9943,2875.81,0.7,64.20364367816092,62.5,28.0,1.63,2503.642,9322.3534,0.5334379135069938
Los Angeles,2016-05,0.2449999999999999,66.93693548387097,4.214922849462366,2887.49,1.3,66.93279032258064,62.0,29.0,2.71,2744.3248,49761.8551,0.4741670342284388
Los Angeles,2016-06,0.076,56.153642653642656,4.007518518518519,2596.77,0.8,72.93300194931774,82.0,39.0,9.51,2424.2616,94059.1474,0.6322227123045852
Los Angeles,2016-07,0.082,51.77936934758427,4.114100806451613,2981.54,0.4,76.3537446700037,74.0,43.0,2.75,2034.6455,85967.4422,0.6914935915831399
Los Angeles,2016-08,0.116,54.80930619559651,3.752870967741936,2792.16,0.2,75.66832795698924,77.0,37.0,3.25,1061.2408,39382.5311,0.6519796720641035
Los Angeles,2016-09,0.11,53.18835249042146,3.6439277504105094,2599.9,0.2,71.84593103448276,70.0,36.0,2.22,56.007,383.0899,0.7705214306212131
Los Angeles,2016-10,0.422,56.04296584682569,3.3831255760368664,2407.46,0.5,66.51722008580963,66.0,30.0,5.64,92.3824,217.0199,0.8100353501402497
Los Angeles,2016-11,0.916,46.768111798801456,3.226048717948718,2297.7200000000003,0.7,60.43155128205128,67.0,25.5,1.3,127.8446,353.673,0.5433163933867529
Los Angeles,2016-12,3.873,54.29247311827957,3.67625376344086,2727.41,1.9,53.58221505376345,69.0,21.0,2.11,138.4782,307.7556,0.5630733531462712
Los Angeles,2017-01,6.623,63.60813793103448,3.637741001112347,2611.65,0.9,52.15045205784205,68.0,11.0,0.0,45.8492,118.3169,0.6814805391874026
Los Angeles,2017-02,4.335,65.97057671957671,3.589945054945055,2381.1400000000003,0.6,54.9401923076923,58.0,14.5,0.0,114.2769,736.6379,0.5629621845461151
Los Angeles,2017-03,0.228,54.012903225806454,3.740774193548387,2782.9700000000003,0.5,58.29806451612903,61.0,23.0,1.28,1149.839,3907.9881,0.592591773206437
Los Angeles,2017-04,0.12,52.34867724867725,4.241483333333333,2700.67,1.7,62.37883333333333,59.5,28.0,2.19,1112.4678,1406.9016,0.5530856549926746
Los Angeles,2017-05,0.216,58.49596774193549,4.115604838709677,2449.62,1.1,66.06774193548387,65.0,31.0,27.62,1200.7436,20113.9528,0.5135795367789121
Los Angeles,2017-06,0.065,57.02864367114368,3.902957644110275,2706.91,0.4,72.10562030075188,70.5,38.5,28.69,1083.4959,6492.8484,0.5629621845461151
Los Angeles,2017-07,0.148,55.77423433444568,3.935935483870968,2928.2,0.3,76.70447311827957,76.0,45.0,567.88,5955.9713,7218.8149,0.7604927756149276
Los Angeles,2017-08,0.128,59.18231780167264,3.707527956989247,2752.41,0.3,76.39615053763441,76.0,44.0,335.36,1309.2207,445.2233,0.592591773206437
Los Angeles,2017-09,0.49,58.80198384629419,3.712255555555555,2654.3599999999997,0.2,73.5955119047619,70.0,35.0,0.01,475.299,348.7999,0.8098754233821306
Los Angeles,2017-10,0.7939999999999999,47.314848567779606,3.676129032258065,2735.13,1.0,65.97025089605735,71.0,42.0,2.8000000000000003,134.8258,493.2496,1.1654304873059929
Los Angeles,2017-11,0.621,57.3783684897478,3.3371816091954023,2395.59,0.6,62.00798850574713,66.5,27.0,99.83,148.5506,402.666,1.2543192532869585
Los Angeles,2017-12,0.458,32.582188940092166,3.95958064516129,2945.88,1.7,54.44032258064516,90.0,39.0,6.79,85.5102,376.406,1.1753070168594335
Los Angeles,2018-01,1.7718181818181815,48.30080970197766,3.466568914956012,2472.245454545455,1.0,55.43973607038124,70.0,25.0,4.59,202.81,230.8585,1.0001304130449489
Los Angeles,2018-02,0.1981818181818182,44.52429052429052,4.045584415584416,2718.690909090909,0.2727272727272727,55.48246753246753,61.0,19.5,1.04,173.1266,395.8281,0.9407167251412882
Los Angeles,2018-03,3.5063636363636363,59.362691430433365,3.838021505376344,2842.1545454545453,0.3636363636363636,57.070684261974584,59.0,16.0,0.01,485.8012,35548.3644,1.0793486635831622
Los Angeles,2018-04,0.1036363636363636,50.80597714719972,4.401121212121212,3168.909090909091,0.8181818181818182,63.406666666666666,68.0,30.0,1.25,1505.2531,4162.9552,0.7921825053821374
Los Angeles,2018-05,0.1763636363636363,60.366785605940215,4.28860606060606,3181.7363636363634,1.0,66.50006842619746,68.0,26.0,2.3600000000000003,2066.5394,1997.4167,0.6634528482575401
Los Angeles,2018-06,0.0354545454545454,54.89067398119123,4.312030303030303,3104.6636363636367,0.9090909090909092,71.72636363636364,75.0,34.5,8.14,2544.6072,20549.8892,0.6733551295748168
Los Angeles,2018-07,0.0075,48.54352483253299,4.4679121863799285,2919.308333333333,0.3333333333333333,77.67024275640598,66.0,40.0,1361.39,2678.1165,12062.3527,0.6733551295748168
Los Angeles,2018-08,0.0041666666666666,52.44835090135424,4.09502688172043,3046.75,0.5,77.43060406392324,74.0,40.0,3.5700000000000003,934.3156,2474.4115,0.8813030372376279
Los Angeles,2018-09,0.0,55.32672413793103,3.627805555555556,2611.9416666666666,0.0833333333333333,73.80014367816092,70.5,37.0,2.31,259.2677,304.6638,0.7525733801130305
Los Angeles,2018-10,0.3525,54.31659868990236,3.61505376344086,2689.508333333333,0.25,67.43037634408601,61.0,24.0,0.02,126.0167,238.3031,0.9308144438240116
Los Angeles,2018-11,1.05,46.15277777777778,3.8458888888888887,2769.0416666666665,1.0833333333333333,59.66833333333333,65.0,25.5,2.26,151.017,200.2914,1.0496418196313322
Los Angeles,2018-12,1.8633333333333333,58.696236559139784,3.6091129032258062,2685.266666666667,0.5,53.77930107526882,66.0,16.0,1.11,77.9297,260.3922,0.5941368790366031
Los Angeles,2019-01,4.9383333333333335,63.62918389853874,3.630188172043011,2700.875,0.5,52.129569892473114,66.0,13.0,0.23,101.266,429.8579,0.825603496261707
Los Angeles,2019-02,5.535,68.35782967032968,4.178244047619048,2807.7666666666664,0.8333333333333334,50.98869047619048,52.5,8.0,0.1,153.5099,180.1672,0.7460272556581691
Los Angeles,2019-03,2.1958333333333333,63.19341787439614,4.431989247311828,3297.475,1.1666666666666667,56.65860215053763,57.0,12.0,0.01,336.6438,2330.8304,0.9847559774687832
Los Angeles,2019-04,0.065,58.73321994027496,4.823888888888889,3473.2166666666667,2.0,63.274166666666666,59.0,19.0,24.76,604.4186,3582.3111,0.9549148872424564
Los Angeles,2019-05,0.9116666666666666,68.67460026532608,4.714049364613881,3444.7666666666664,2.4166666666666665,65.32826246334311,56.0,17.0,5.16,1300.2939,3544.0139,1.01459706769511
Los Angeles,2019-06,0.0416666666666666,63.40210611015209,4.268089506172839,3049.3416666666667,1.0833333333333333,71.53371794871795,63.0,25.0,65.17999999999999,1161.4596,666.0888,0.7957624060353803
Los Angeles,2019-07,0.0116666666666666,55.78073476702509,4.057284946236559,3018.6666666666665,0.4166666666666667,75.07623655913979,68.0,35.0,228.82,3566.9157,2690.7168,0.825603496261707
Los Angeles,2019-08,0.0041666666666666,52.63816895315782,3.9181989247311826,2915.2083333333335,0.0833333333333333,75.42827094517257,64.0,31.0,36.42,1376.7098,1051.0757,0.9549148872424564
Los Angeles,2019-09,0.0116666666666666,55.24570881226054,3.971372222222222,2822.5499999999997,0.5833333333333334,73.94159961685823,60.0,31.0,16.28,269.3126,869.8775,0.9847559774687832
Los Angeles,2019-10,0.0083333333333333,39.32408183214635,4.142991202346041,2825.6083333333336,1.5,65.40349462365592,68.0,33.0,17.169999999999998,197.2917,510.0526,1.1638025188267438
Los Angeles,2019-11,1.8458333333333332,50.3974921630094,3.494545454545454,2306.391666666667,0.8333333333333334,58.79444444444445,79.0,33.5,1.35,133.9046,326.351,1.0842262782232055
Los Angeles,2019-12,3.3216666666666668,64.51451612903226,3.744247311827957,2543.891666666667,0.8333333333333334,52.46344086021505,66.0,14.0,0.01,73.7234,185.3879,1.133961428600417
Los Angeles,2020-01,0.2316666666666666,59.2599109373303,3.9902932551319648,2721.4583333333335,1.0833333333333333,51.35630498533724,73.0,21.0,0.0,123.5563,351.5745,0.8288387968456192
Los Angeles,2020-02,0.1108333333333333,49.62738671986321,4.291003134796238,2737.6749999999997,1.5833333333333333,53.7269592476489,66.0,30.0,0.0,146.9055,801.718,0.918712883250566
Los Angeles,2020-03,3.2883333333333336,68.99099287808964,4.2428152492668625,2893.616666666667,1.0833333333333333,55.87184750733138,47.0,9.0,0.0,822.0326,2652.7971,0.7888947584434207
Los Angeles,2020-04,2.4366666666666665,66.24012855831037,4.349575757575757,2870.6416666666664,0.8333333333333334,60.17060606060606,55.5,15.5,0.0,740.6865,1799.3739,0.6590766336362756
Los Angeles,2020-05,0.1441666666666666,56.12609970674487,4.6911143695014665,3199.2833333333333,2.0,68.36568914956011,62.0,27.0,0.0,738.1611,4755.6271,0.6391046144351763
Los Angeles,2020-06,0.0675,57.26685906685907,4.745575757575758,3132.058333333333,1.4166666666666667,71.55878787878788,60.0,29.0,0.0,3799.6952,7739.4049,0.6990206720384742
Los Angeles,2020-07,0.0433333333333333,49.65689149560117,4.271143695014663,2912.941666666667,0.4166666666666667,74.18445747800587,62.0,32.0,0.1,4101.7755,7872.4128,0.7789087488428712
Los Angeles,2020-08,0.0116666666666666,49.97735699598881,4.125718475073314,2813.816666666667,0.5,75.83337772299905,69.0,32.0,0.0,2814.9834,5233.9398,0.9786289408538638
Los Angeles,2020-09,0.0058333333333333,45.884465343086035,3.278090909090909,2163.5416666666665,0.0,72.30575757575758,85.5,54.5,0.0,335.9224,307.9343,0.9986009600549628
Los Angeles,2020-10,0.015,48.25571847507331,3.400451612903226,2310.8250000000003,0.6666666666666666,68.30645161290323,83.0,50.0,0.0,245.4067,271.4923,1.2782092288703526
Los Angeles,2020-11,0.1291666666666666,46.93030303030303,3.5613939393939393,2350.4500000000003,1.0,58.61878787878788,78.0,32.0,0.0,161.9045,1202.4687,1.1783491328648563
Los Angeles,2020-12,1.1625,42.63042191941664,3.962642249103943,2858.058333333333,1.5,52.41803539426524,79.0,30.0,0.0,122.374,42.6304,1.048531008057711
Los Angeles,2021-01,1.689166666666667,47.02356630824372,4.263790322580645,3172.2166666666667,1.5,51.46532258064517,71.0,26.0,0.0,26.7982,843.5645,1.0534201391658295
Los Angeles,2021-02,0.0566666666666666,44.75892857142858,4.65389880952381,3127.6083333333336,1.8333333333333333,53.42261904761904,63.0,23.5,0.0,455.9918,758.3008,1.1236481484435517
Los Angeles,2021-03,1.0008333333333332,53.26881720430108,4.6376075268817205,3450.4666666666667,1.75,54.873387096774195,57.0,19.0,1.31,759.4854,1991.5497,1.1938761577212735
Los Angeles,2021-04,0.0591666666666666,52.80172413793104,4.692638888888889,3378.6416666666664,1.9166666666666667,62.3125,64.0,30.0,9.19,1089.3292,3119.8721,1.354397321784638
Los Angeles,2021-05,0.0108333333333333,57.76395781637717,4.711344086021506,3505.191666666667,1.5,67.30994623655914,65.0,33.0,4.14,1652.2398,10892.0855,1.0132898481499886
Los Angeles,2021-06,0.0508333333333333,53.24058908045978,4.4568055555555555,3208.9083333333333,1.1666666666666667,71.99673918992885,66.0,31.5,31.53,1913.9907,16359.7677,1.0935504301816708
Los Angeles,2021-07,0.0416666666666666,50.98924731182796,4.188709677419355,3116.2833333333333,0.4166666666666667,76.28912603510072,66.0,32.0,18.36,1863.7801,9743.2185,1.344364749030678
Los Angeles,2021-08,0.0083333333333333,50.09793906810035,4.209569892473119,3132.1416666666664,0.75,75.9273795300677,68.0,36.0,689.4399999999999,929.6287,817.1975,1.0734852846737502
Los Angeles,2021-09,0.0041666666666666,52.7874521072797,3.75825,2706.0333333333333,0.4166666666666667,72.93277777777777,69.0,36.0,29.39,431.1483,238.1466,1.1738110122133532
Los Angeles,2021-10,0.6849999999999999,51.44863671274962,3.930967741935484,2924.5416666666665,0.6666666666666666,64.35430107526882,61.0,25.0,0.5700000000000001,238.0187,100.7656,1.1838435849673137
Los Angeles,2021-11,0.015,48.22854406130268,3.5804444444444443,2577.991666666667,0.3333333333333333,60.205000000000005,82.0,32.0,0.71,155.4853,149.3609,1.7155699409272085
Los Angeles,2021-12,6.7025,68.88172043010753,3.599408602150538,2677.975,1.0833333333333333,52.77311827956989,72.0,19.0,0.0,108.4574,60.9541,1.2340064487371147
Los Angeles,2022-01,1.1741666666666668,47.93094178717093,3.8999193548387097,2901.566666666667,1.25,51.39704301075269,69.0,37.0,25.0,147.3088,80.8239,1.3080947437812516
Los Angeles,2022-02,0.7283333333333334,38.395282186948855,4.619434523809524,3104.225,1.0,52.531547619047615,67.0,40.5,335.0,273.1583,617.9421,0.9531853171739352
Los Angeles,2022-03,1.8475,48.94498207885305,4.572258064516129,3401.7999999999997,1.4166666666666667,57.0489247311828,60.0,34.0,139.0,916.8891,631.143,1.064728279821949
Los Angeles,2022-04,0.2483333333333333,52.682697666318354,4.993805555555556,3595.4833333333336,2.5,63.34305555555556,59.5,32.5,248.0,1203.461,52.7084,1.3385155517761649
Los Angeles,2022-05,0.0333333333333333,54.12297923618835,4.9228763440860215,3662.7833333333338,1.8333333333333333,67.70618279569892,63.0,37.0,1872.0,1443.1876,92.6849,1.3182350131128893
Los Angeles,2022-06,0.1958333333333333,51.24224137931034,4.478611111111111,3224.616666666667,0.9166666666666666,73.25305555555555,65.0,35.5,4723.0,1487.2382,160.8631,1.3892168984343525
Los Angeles,2022-07,0.0366666666666666,51.64608824619947,4.331962365591398,3223.0166666666664,0.4166666666666667,76.35618279569893,61.0,31.0,679.0,1244.2635,397.1622,1.379076629102715
Los Angeles,2022-08,0.0525,46.833233771405816,3.979274193548387,2960.8416666666667,0.0833333333333333,77.75544534529354,61.0,36.0,5879.0,443.1671,273.8671,1.6528639010569304
Los Angeles,2022-09,0.5516666666666666,52.42607515940849,3.653166666666667,2630.2833333333333,0.0833333333333333,76.13739583333334,61.5,32.5,55171.0,74.7737,127.9963,1.551461207740554
Los Angeles,2022-10,0.1625,55.88620071684588,3.459892473118279,2574.1666666666665,0.1666666666666666,69.8029569892473,64.0,38.0,77050.0,105.6045,123.4734,1.1762712424699628
Los Angeles,2022-11,1.1791666666666667,46.43888888888889,4.301666666666667,3097.15,1.6666666666666667,56.86805555555555,66.0,32.5,33.0,88.7209,25.9111,1.2269725891281509
Los Angeles,2022-12,2.685833333333333,65.18279569892472,3.589704301075269,2670.616666666667,1.3333333333333333,52.47741935483871,64.0,31.0,13.0,65.4881,55.7038,1.2168323197965132
Los Angeles,2023-01,5.363333333333333,65.44211469534049,4.306451612903226,3204.2166666666667,1.4166666666666667,51.0478494623656,64.0,33.0,7.0,77.6024,67.5439,1.1050037407924804
Los Angeles,2023-02,3.390833333333333,53.229166666666664,4.56014880952381,3064.4249999999997,1.5,50.13720238095238,62.0,38.0,9.0,199.7219,1147.1929,0.9833519528153264
Los Angeles,2023-03,4.808333333333334,69.16666666666667,4.681263440860215,3482.7000000000003,2.0833333333333335,53.48413508534477,55.0,22.0,11.0,544.7595,3141.9118,1.297619071756307
Los Angeles,2023-04,0.1383333333333333,58.81111111111111,4.264472222222222,3070.4500000000003,1.0833333333333333,60.01240740740741,64.5,34.0,136.0,530.0196,3299.9943,1.0239025488077111
Los Angeles,2023-05,0.5991666666666667,68.49538993943888,4.5805107526881725,3407.7833333333333,1.75,65.29032258064517,53.0,25.0,722.0,1290.4645,536.6691,1.1252790387886726
Los Angeles,2023-06,0.1091666666666666,65.72777777777777,4.476277777777778,3222.9249999999997,1.5,67.83888888888889,56.5,25.5,1846.0,1584.5088,154.9018,1.216517879771538
Los Angeles,2023-07,0.0516666666666666,48.388935236682734,4.265591397849462,3173.758333333333,0.8333333333333334,75.66266427718041,67.0,35.0,123862.0,995.3098,100.443,1.1354166877867686
Los Angeles,2023-08,3.2983333333333333,54.28637992831542,3.9251344086021502,2920.316666666667,0.6666666666666666,75.67483826657214,61.0,31.0,102369.0,955.0393,153.2168,1.216517879771538
Los Angeles,2023-09,0.2108333333333333,65.10708812260536,3.573527777777778,2573.116666666667,0.5,72.04527777777777,62.5,32.0,1171.0,377.2227,10.8942,1.206380230773442
Los Angeles,2023-10,0.0616666666666666,52.4641577060932,3.392822580645161,2524.266666666667,1.0,66.66437381404175,61.0,37.0,2692.0,113.3387,3.8602,1.2672061247620188
Los Angeles,2023-11,0.7658333333333333,45.67777777777778,3.48425,2508.5833333333335,1.0,59.29515151515152,62.5,40.0,281.0,78.081,133.8738,1.2672061247620188
Los Angeles,2023-12,1.3216666666666668,59.32250955300808,3.0076075268817206,2237.6,0.6666666666666666,55.216715542522,69.0,40.0,4105.0,61.0904,117.0914,1.439546157729653
Los Angeles,2024-01,1.0975,62.219114219114225,3.3491397849462365,2491.75,0.9166666666666666,52.83370478983382,67.0,31.0,6.0,,,1.8416772782357465
Los Angeles,2024-02,7.323333333333334,73.18289213978869,3.452959770114943,2403.258333333333,0.3333333333333333,54.2128526645768,56.0,21.0,3.0,,,1.5988187360508124
Los Angeles,2024-03,2.9883333333333333,68.42937438905182,4.41127688172043,3181.2999999999997,1.9166666666666667,57.17113880742913,43.0,29.0,12.0,,,1.3357219820171349
Los Angeles,2024-04,0.6254545454545455,61.929523809523815,4.373151515151515,3148.6363636363635,0.9090909090909092,60.34439393939394,53.5,29.5,755.0,,,1.4369130412608568
Los Angeles,2024-05,0.1336363636363636,65.3341275659824,4.536774193548387,3375.527272727273,1.9090909090909092,66.23607038123167,61.0,27.0,6372.0,,,1.2547691346221568
Los Angeles,2024-06,0.01,59.31818181818182,4.377515151515151,3151.890909090909,1.0,72.56959595959596,63.0,32.5,80146.0,,,1.1636971813028063
Los Angeles,2024-07,0.0072727272727272,51.77126099706745,3.918563049853372,2915.390909090909,0.2727272727272727,78.32220360284876,62.0,34.0,68836.0,,,1.31548377016839
Los Angeles,2024-08,0.0909090909090909,50.24633431085044,3.884809384164223,2890.318181818182,0.2727272727272727,77.04706481949641,61.0,33.0,534654.0,,,1.3357219820171349
Los Angeles,2024-09,0.079090909090909,53.97001044932079,3.4915757575757578,2514.090909090909,0.4545454545454545,74.91747181433207,63.0,39.0,424956.0,,,1.4571512531096014
Los Angeles,2024-10,0.1072727272727272,51.17302052785924,3.197712609970674,2379.1181818181817,0.3636363636363636,69.28533724340176,68.0,44.0,5133.0,,,1.5886996301264402
Los Angeles,2024-11,0.2381818181818182,46.98484848484849,3.7464545454545455,2697.4,1.2727272727272727,57.67424242424243,60.5,40.5,20718.0,,,1.7809626426895129
Los Angeles,2024-12,0.1,52.86901270772238,3.287539589442815,2442.1727272727276,0.5454545454545454,54.6925219941349,82.0,44.0,8306.0,,,1.5886996301264402
Merced,2001-01,2.89,83.76344086021506,4.061075268817205,3021.133333333333,0.6666666666666666,45.9,,71.0,,196.7449,2328.3747,0.0
Merced,2001-02,1.9366666666666668,79.22574955908289,5.440119047619047,3655.566666666667,1.6666666666666667,48.55238095238095,52.0,13.5,,11012.2589,5198.943,0.0
Merced,2001-03,1.4166666666666667,77.38351254480287,4.932043010752689,3669.5333333333338,1.0,56.37096774193549,71.0,32.0,,54613.0151,2355.1862,0.0
Merced,2001-04,1.1966666666666668,70.20383141762453,5.387333333333333,3878.466666666667,1.0,59.08444444444444,42.0,18.0,,11623.68,1690.9265,
Merced,2001-05,0.24,55.107526881720425,6.048172043010752,4500.033333333334,1.6666666666666667,70.21290322580644,53.0,40.0,,4815.4742,899.3514,0.0
Merced,2001-06,0.0,43.52911877394636,5.993666666666667,4315.333333333333,2.3333333333333335,74.38111111111111,39.0,27.0,,5692.6256,519.5692,
Merced,2001-07,0.0,49.43333333333334,5.345698924731182,3977.4,0.6666666666666666,77.14086021505376,52.0,29.0,,11495.1745,851.3616,0.0
Merced,2001-08,0.0,48.9247311827957,5.141612903225806,3825.366666666667,0.6666666666666666,76.49247311827958,41.0,30.0,,9679.0554,85.4142,0.0
Merced,2001-09,0.1399999999999999,50.50404427415922,4.4928333333333335,3057.7666666666664,0.0,72.52523809523808,52.0,34.0,,3427.9201,404.3737,0.0
Merced,2001-10,0.22,56.064516129032256,4.098602150537634,3049.7333333333336,0.0,66.36021505376344,62.0,51.0,,1302.5391,2950.5356,0.0
Merced,2001-11,2.0433333333333334,71.22460317460317,3.786888888888889,2726.9,0.3333333333333333,58.91432950191571,96.0,51.0,,584.125,4306.3952,
Merced,2001-12,2.31,74.46093189964158,4.75510752688172,3505.066666666667,1.3333333333333333,51.16598566308244,71.5,24.0,,89.2976,6109.0,
Merced,2002-01,1.1333333333333335,87.84543010752687,3.4938107526881717,2418.8333333333335,0.0,49.263768115942035,82.0,43.0,,267.7444,9482.8983,
Merced,2002-02,0.5733333333333334,83.50190476190477,3.774371428571429,2429.2999999999997,0.0,50.053761904761906,84.0,48.0,,5307.088,28722.9133,0.0
Merced,2002-03,0.9499999999999998,74.01075268817205,4.758387096774194,3539.8333333333335,0.6666666666666666,54.679569892473125,62.5,24.0,,57719.795,2560.494,
Merced,2002-04,0.1533333333333333,63.0,5.683111111111111,4091.366666666667,0.6666666666666666,62.932222222222215,52.0,24.0,,14722.0121,1487.9791,
Merced,2002-05,0.26,53.91218637992832,5.7273118279569895,4261.099999999999,0.3333333333333333,68.46451612903225,40.5,22.0,,14461.1318,973.112,
Merced,2002-06,0.0566666666666666,51.98888888888889,6.431555555555556,4630.599999999999,2.6666666666666665,74.51777777777778,50.0,28.0,,12441.7985,1151.7014,
Merced,2002-07,0.0,51.77598566308243,5.207899641577061,3838.0333333333338,0.0,78.29982078853047,46.5,28.5,,13371.7197,1068.0476,
Merced,2002-08,0.0,55.526881720430104,4.662043010752688,3468.7666666666664,0.0,76.21612903225805,62.0,39.0,,9460.6201,485.0626,0.0
Merced,2002-09,0.0,56.666666666666664,4.2123333333333335,3032.8333333333335,0.0,73.73333333333333,48.0,35.0,,1055.9153,128.7409,
Merced,2002-10,0.0,63.817204301075265,3.960645161290323,2946.6666666666665,1.0,64.44623655913979,75.0,55.0,,637.1327,572.225,
Merced,2002-11,1.596666666666667,76.61340996168583,3.5357777777777777,2545.8333333333335,1.0,57.22666666666667,119.5,62.0,,697.5,12627.0094,0.0
Merced,2002-12,3.686666666666666,90.5741935483871,4.816344086021505,3583.6666666666665,1.6666666666666667,51.876344086021504,74.5,15.0,,0.0,503.0,0.0
Merced,2003-01,0.2833333333333333,97.2464846980976,3.098068651778329,2196.233333333333,0.0,52.83883374689827,88.0,34.0,,131.7665,8606.035,
Merced,2003-02,0.9,85.47117794486216,3.858815789473684,2278.9666666666667,0.3333333333333333,51.82111528822055,70.0,19.0,,12298.715,14984.014,0.0
Merced,2003-03,0.9166666666666666,74.33294930875576,4.995414746543779,3578.7333333333336,2.3333333333333335,57.62668970814132,55.0,21.0,,58794.5717,14128.446,
Merced,2003-04,1.1833333333333331,68.11111111111111,5.188777777777777,3736.066666666667,0.3333333333333333,61.42777777777778,37.0,15.0,,8607.2222,11761.854,
Merced,2003-05,0.6900000000000001,58.785429328346574,6.078312295465171,4046.7,2.0,67.77910238429172,54.0,28.0,,6787.2363,816.6924,
Merced,2003-06,0.0,54.36666666666667,6.306555555555555,4540.566666666667,3.0,75.79444444444444,55.0,24.0,,5672.0898,1359.7502,0.0
Merced,2003-07,0.0,40.8494623655914,4.91494623655914,3656.4,0.0,79.55591397849463,53.0,30.0,,10911.2648,643.3705,
Merced,2003-08,0.1733333333333333,49.53763440860215,5.001612903225806,3721.366666666667,0.0,78.6774193548387,52.0,28.0,,29790.5214,78.5471,0.0
Merced,2003-09,0.0,49.65555555555556,4.406777777777777,3172.933333333333,0.0,75.32222222222222,61.0,46.0,,5272.3143,289.38,
Merced,2003-10,0.1999999999999999,50.064516129032256,4.09741935483871,3048.2333333333336,0.6666666666666666,68.23118279569893,61.5,42.0,,3601.3143,1367.95,
Merced,2003-11,0.62,65.63333333333334,3.4635555555555553,2493.4,0.0,56.96333333333333,86.5,37.0,,1371.4442,6462.895,
Merced,2003-12,3.856666666666667,72.18279569892474,4.234516129032259,3150.566666666667,0.6666666666666666,52.954838709677425,70.0,20.5,,80.1625,8764.001,0.0
Merced,2004-01,5.050000000000001,73.55988134964775,3.641961438635521,2652.5666666666666,0.3333333333333333,50.64275120504264,80.0,26.0,,9566.795,10183.987,0.0
Merced,2004-02,3.0033333333333334,66.88505747126437,4.811034482758621,3348.7000000000003,1.0,52.32413793103448,58.0,19.0,,14705.9993,11911.4865,
Merced,2004-03,0.5033333333333333,62.903225806451616,4.4044086021505375,3276.9666666666667,0.0,59.43763440860215,56.0,25.0,,73714.7684,4326.149,
Merced,2004-04,0.01,49.077777777777776,5.595888888888889,4029.133333333333,2.0,63.30444444444444,44.0,21.0,,4083.6625,872.3944,0.0
Merced,2004-05,0.1466666666666666,46.29032258064516,6.000215053763441,4464.333333333333,1.3333333333333333,70.85698924731183,46.0,23.0,,12405.9718,1570.9824,0.0
Merced,2004-06,0.0,44.87777777777777,6.428777777777778,4628.5,1.3333333333333333,75.24444444444445,39.0,21.0,,5720.8686,653.6409,
Merced,2004-07,0.0,47.21433691756272,5.422580645161291,4034.2333333333336,0.0,78.88978494623656,46.0,23.0,,10423.585,3287.8275,
Merced,2004-08,0.0033333333333333,47.87096774193549,5.083655913978494,3782.4666666666662,0.0,76.82903225806452,54.0,29.0,,23588.8098,1413.9951,
Merced,2004-09,0.1033333333333333,45.86666666666667,4.757777777777778,3425.866666666667,1.0,71.80896551724139,39.0,28.0,,18986.4037,420.69,0.0
Merced,2004-10,2.5733333333333333,61.645161290322584,4.281505376344086,3185.1,0.3333333333333333,64.98279569892473,60.0,28.0,,7431.6646,4685.375,
Merced,2004-11,1.4066666666666665,77.05555555555556,3.842777777777778,2766.7999999999997,2.0,55.76555555555556,91.5,29.0,,528.6003,3757.6211,0.0
Merced,2004-12,2.11,81.31889400921659,4.349854070660522,3148.2333333333336,1.6666666666666667,50.171769073220695,82.0,18.0,,0.0,6846.3178,0.0
Merced,2005-01,2.0433333333333334,77.86881720430107,4.125942652329749,2596.9,0.6666666666666666,52.545161290322575,69.0,13.0,,146.9524,4002.2672,0.0
Merced,2005-02,2.99,75.09523809523809,3.020238095238095,2029.5666666666664,0.0,55.96785714285715,67.0,19.0,,53297.2547,11000.5603,
Merced,2005-03,2.6799999999999997,72.35483870967742,4.4793548387096775,3332.6,1.0,59.06021505376344,56.0,14.0,,98826.4407,1678.5647,0.0
Merced,2005-04,0.7966666666666667,63.88888888888889,4.990666666666667,3593.2666666666664,1.3333333333333333,60.23777777777777,52.0,15.5,,14746.8363,4214.1182,0.0
Merced,2005-05,0.8866666666666667,59.376344086021504,5.176881720430107,3851.566666666667,0.0,67.46236559139784,33.0,14.0,,31704.0737,6441.6057,0.0
Merced,2005-06,0.0,52.92222222222222,6.031777777777779,4342.7,1.3333333333333333,70.96555555555555,34.0,20.0,,10180.3064,5172.9542,
Merced,2005-07,0.0,50.13978494623657,5.058172043010753,3763.066666666667,0.0,78.68064516129033,52.0,32.0,,9604.7373,3972.2389,0.0
Merced,2005-08,0.0,50.996415770609325,4.6597849462365595,3467.066666666667,0.0,78.54408602150538,47.0,30.0,,27779.3688,4588.8343,0.0
Merced,2005-09,0.2199999999999999,56.93333333333334,4.319888888888889,3110.4,0.0,72.76,52.0,36.0,,21458.0489,955.046,
Merced,2005-10,0.1533333333333333,61.23655913978495,4.264408602150538,3172.566666666667,0.3333333333333333,65.86989247311827,53.0,31.0,,5147.7055,2434.0559,
Merced,2005-11,0.2233333333333333,66.83333333333333,3.4470000000000005,2481.7000000000003,0.6666666666666666,57.576666666666675,77.0,26.0,,96.095,5416.1323,
Merced,2005-12,2.23,79.12171621336707,3.965022137887413,2572.766666666667,0.6666666666666666,51.30126502213789,78.0,26.0,,340.875,6060.2173,
Merced,2006-01,1.5399999999999998,78.3763440860215,4.043978494623656,3008.7000000000003,1.0,50.41182795698924,77.0,23.0,,13174.2961,11439.6926,
Merced,2006-02,0.7966666666666667,70.57142857142857,3.6995238095238094,2486.2,0.6666666666666666,51.64047619047619,73.0,22.0,,45106.8227,13861.0094,0.0
Merced,2006-03,3.2466666666666666,71.17204301075269,5.096881720430107,3792.433333333333,0.6666666666666666,53.49462365591398,29.0,11.0,,115366.1348,6805.8439,0.0
Merced,2006-04,2.35,69.56666666666666,5.155555555555555,3712.1,0.3333333333333333,59.394444444444446,23.0,8.0,,66066.0647,2754.9082,0.0
Merced,2006-05,0.6933333333333334,56.107526881720425,5.233440860215054,3894.066666666667,0.3333333333333333,68.53333333333333,55.0,36.0,,24033.1619,958.6245,0.0
Merced,2006-06,0.0,47.07777777777778,5.721555555555555,4119.266666666666,0.0,75.44777777777779,47.0,27.0,,41441.4172,7298.7519,0.0
Merced,2006-07,0.0,43.591880941249805,4.761856007480131,3259.5333333333333,0.0,80.77816736792893,55.0,26.0,,91847.284,3854.6544,
Merced,2006-08,0.0,49.20430107526882,4.796989247311828,3568.7666666666664,0.0,77.06236559139785,55.0,33.0,0.0,28561.229,8522.9089,
Merced,2006-09,0.0,49.52222222222222,4.701888888888889,3385.3666666666663,1.0,72.60444444444444,56.0,51.0,3.0,18337.3541,5318.8959,
Merced,2006-10,0.22,59.25806451612903,3.732150537634408,2777.0,0.6666666666666666,64.5967741935484,61.0,28.0,2911.44,16177.6289,14778.7295,
Merced,2006-11,0.4833333333333334,75.2311111111111,3.6291111111111114,2613.0333333333333,0.0,58.03,83.0,31.0,83.47,2340.0073,5495.6268,
Merced,2006-12,1.2733333333333334,75.41861327400817,3.8962365591397847,2898.7000000000003,1.3333333333333333,48.666666666666664,94.0,37.5,110.4,641.7713,6349.5665,
Merced,2007-01,0.54,68.10752688172043,3.743225806451613,2785.1666666666665,1.6666666666666667,43.561290322580646,117.0,35.0,288.6,19374.4404,8274.5522,
Merced,2007-02,1.72,74.66666666666667,4.5911904761904765,3085.2000000000003,0.6666666666666666,50.33809523809524,73.0,23.0,8.2,38905.5068,2951.4295,
Merced,2007-03,0.4166666666666667,63.182795698924735,4.672903225806452,3476.866666666667,1.0,56.99139784946237,51.0,17.0,457.4,97470.7162,6667.2231,
Merced,2007-04,0.6166666666666667,54.95555555555555,5.841333333333334,4205.833333333333,2.6666666666666665,62.00444444444444,29.0,16.0,342.65,12240.741,1435.7846,0.0
Merced,2007-05,0.0366666666666666,44.376344086021504,6.633763440860214,4935.3,2.3333333333333335,68.3763440860215,46.0,27.0,1607.42,23245.1955,19804.8461,
Merced,2007-06,0.0,42.266666666666666,6.32511111111111,4554.133333333333,0.6666666666666666,73.52555555555556,34.0,26.0,593.9399999999999,29638.4617,28557.1342,
Merced,2007-07,0.0,47.333333333333336,5.650430107526883,4203.833333333333,0.0,77.25268817204301,31.0,21.0,485.21,62949.3945,68645.3079,
Merced,2007-08,0.0,44.892473118279575,5.142258064516128,3825.7666666666664,0.3333333333333333,77.4709677419355,34.0,28.0,1674.89,54489.744,28492.9864,0.0
Merced,2007-09,0.43,53.46666666666667,5.126222222222222,3691.1,1.0,72.53666666666668,37.0,33.5,47983.72,22096.0475,8752.8756,0.0
Merced,2007-10,0.34,59.72043010752688,4.304193548387097,3202.133333333333,1.0,63.98494623655913,43.5,38.0,131.06,4002.908,1635.3456,
Merced,2007-11,0.1866666666666666,67.66666666666667,3.5112222222222225,2528.2999999999997,0.0,57.20666666666667,83.0,41.0,266.6,419.5103,1615.481,0.0
Merced,2007-12,1.2933333333333332,73.55913978494624,4.403870967741935,3276.566666666667,0.3333333333333333,48.30967741935484,76.5,18.0,22.5,9894.3022,693.539,
Merced,2008-01,2.5533333333333332,79.8494623655914,4.870967741935484,3623.633333333333,2.3333333333333335,47.34731182795699,70.5,20.5,54.0,20328.0277,118.6252,0.3991410484637061
Merced,2008-02,1.1766666666666667,74.49425287356321,4.904942528735632,3413.5333333333333,2.6666666666666665,49.068965517241374,59.0,41.5,10.37,30614.8031,5659.0602,0.7982820969274123
Merced,2008-03,0.0033333333333333,61.78494623655914,5.7491397849462365,4277.233333333334,2.0,55.10860215053763,51.0,17.0,25.19,67728.5097,14780.3408,1.1974231453911184
Merced,2008-04,0.0066666666666666,50.23333333333333,5.876222222222222,4230.933333333333,1.0,60.48111111111111,41.5,31.0,104.6,13803.6374,4941.1322,0.0
Merced,2008-05,0.0733333333333333,45.82795698924732,6.926021505376344,5153.099999999999,3.6666666666666665,66.7010752688172,48.5,19.0,6473.11,15889.0606,12990.3082,0.0
Merced,2008-06,0.0,38.47777777777778,6.533333333333334,4704.233333333334,3.6666666666666665,73.00222222222222,52.0,30.0,8998.880000000001,15380.4045,41346.8287,0.3991410484637061
Merced,2008-07,0.01,46.01075268817204,5.481827956989247,4078.3,0.0,78.50430107526881,51.0,28.0,36150.009999999995,24988.4968,45307.5036,0.7982820969274123
Merced,2008-08,0.0066666666666666,43.31182795698925,5.0062365591397855,3724.6666666666665,0.0,78.14062126642773,45.0,28.0,454.02,20720.5662,29539.9121,0.0
Merced,2008-09,0.0,47.04444444444445,4.4094444444444445,3174.9666666666667,0.0,74.06111111111112,60.0,50.0,219.68,16538.8544,20135.2768,0.0
Merced,2008-10,0.1999999999999999,49.88172043010753,4.537741935483871,3375.9666666666667,2.6666666666666665,65.42150537634409,49.5,55.0,232.38,2041.7329,3481.1691,0.7982820969274123
Merced,2008-11,0.68,74.43333333333334,3.315,2386.5666666666666,0.0,57.89555555555555,78.5,24.5,27.17,643.4993,1847.5154,0.7982820969274123
Merced,2008-12,1.24,80.46827956989247,4.403462365591397,2790.2000000000003,0.0,48.79790322580645,72.0,16.0,0.0,1807.8,3.96,0.3991410484637061
Merced,2009-01,2.0433333333333334,79.56989247311829,3.306559139784946,2460.633333333333,0.0,47.376344086021504,92.0,31.5,3.46,15298.0818,1202.6315,0.7927008109329297
Merced,2009-02,2.306666666666666,75.85714285714285,4.980952380952381,3347.2333333333336,1.6666666666666667,50.8702380952381,35.0,8.5,28.5,27664.9924,8712.8144,0.3963504054664648
Merced,2009-03,0.5933333333333334,64.13978494623656,5.593010752688172,4161.3,3.6666666666666665,54.84838709677419,48.0,10.0,26.47,38796.3132,5269.7139,0.3963504054664648
Merced,2009-04,0.48,52.6,6.149111111111111,4427.033333333334,4.666666666666667,60.41555555555556,36.0,20.0,97.4,25209.4818,4043.6847,1.1890512163993945
Merced,2009-05,0.4566666666666667,46.365591397849464,6.7212903225806455,5000.7,3.0,70.19462365591399,37.0,22.0,1077.89,16279.8774,26200.738,0.3963504054664648
Merced,2009-06,0.08,47.666666666666664,6.0665555555555555,4367.666666666667,0.6666666666666666,74.11444444444446,31.0,25.0,591.84,14704.3717,15125.7559,0.3963504054664648
Merced,2009-07,0.0,41.204301075268816,5.461397849462365,4063.3333333333335,0.0,69.54623655913979,46.0,21.0,996.24,3542.6052,18988.8471,0.7927008109329297
Merced,2009-08,0.0,45.30107526881721,4.821827956989247,3587.6666666666665,0.3333333333333333,78.0720430107527,55.0,31.0,1911.24,17608.6104,10581.6113,0.7927008109329297
Merced,2009-09,0.1166666666666666,45.25555555555555,4.741888888888888,3414.1,0.3333333333333333,75.00555555555555,56.0,48.0,414.18,13863.0328,11488.6817,0.0
Merced,2009-10,1.7699999999999998,59.53058954393771,5.287311827956989,3934.0,3.3333333333333335,65.26021505376345,41.5,20.0,93.7,11506.3515,2175.7751,0.3963504054664648
Merced,2009-11,0.31,69.77777777777777,3.943222222222222,2838.566666666667,1.0,55.69,72.0,26.0,13.66,4925.6409,3267.4349,0.3963504054664648
Merced,2009-12,2.01,82.2165368928439,3.994067482387839,2897.5,1.0,48.2222469410456,93.0,26.0,6.22,1056.0,120.48,1.1890512163993945
Merced,2010-01,2.45,86.2316715542522,4.833142717497556,3173.5333333333333,2.6666666666666665,48.919305962854345,74.0,21.0,1.1,6424.6586,645.9576,1.5578447218273517
Merced,2010-02,1.846666666666667,82.31746031746032,4.541845238095238,2168.5333333333333,0.3333333333333333,53.92261904761904,61.0,18.0,1.0,44358.8876,7284.0437,0.0
Merced,2010-03,0.75,67.75397849462367,5.012838709677419,3425.2666666666664,1.0,55.15234408602151,59.0,19.0,25.61,68279.3121,2799.7278,1.5578447218273517
Merced,2010-04,2.4833333333333334,68.72222222222223,5.516000000000001,3971.2333333333336,1.3333333333333333,58.22,54.5,13.0,5.5,45873.1219,4999.3988,0.0
Merced,2010-05,0.2633333333333333,53.40188172043011,6.415085125448029,4435.666666666667,2.6666666666666665,63.654614695340506,46.0,19.0,240.3,33160.3076,15592.4439,1.94730590228419
Merced,2010-06,0.01,43.575,6.924777777777777,4258.599999999999,3.0,72.38555555555554,51.5,15.0,4242.72,16468.8751,19440.8428,1.168383541370514
Merced,2010-07,0.0,47.135989879822894,5.555989879822897,3558.2999999999997,0.3333333333333333,78.13428209993675,56.0,25.0,1085.33,10154.6869,32891.5189,0.0
Merced,2010-08,0.0,52.1505376344086,4.902150537634409,3647.1,0.3333333333333333,76.3236559139785,37.0,26.5,478.47,9026.6654,9947.7495,1.168383541370514
Merced,2010-09,0.0,52.28888888888889,4.364444444444445,3142.1666666666665,0.6666666666666666,72.37444444444445,63.0,39.0,343.54,6047.6854,2216.5328,2.336767082741028
Merced,2010-10,0.3633333333333333,60.18284714719349,3.946345629469569,2230.233333333333,0.3333333333333333,69.21290322580644,66.5,28.0,145.17,3335.4075,3418.6859,5.062995345938893
Merced,2010-11,1.6366666666666667,74.22270531400966,3.6641400966183575,2395.2000000000003,0.0,56.212125603864735,77.5,14.0,22.87,1266.6193,1013.8664,4.284072985025218
Merced,2010-12,2.86,85.45774555903866,4.782526584301432,2476.2000000000003,2.0,52.466678959985245,69.0,19.0,0.05,120.0,0.0,3.1156894436547034
Merced,2011-01,1.9,90.20430107526882,3.42494623655914,2547.9333333333334,0.6666666666666666,49.19462365591398,84.0,22.0,1.01,18804.2305,1653.8032,1.926544703543301
Merced,2011-02,1.836666666666667,72.30952380952381,4.6311904761904765,3111.8333333333335,2.3333333333333335,49.34047619047619,58.5,20.0,2.33,21743.4929,5147.183,0.7706178814173205
Merced,2011-03,2.3233333333333337,74.78494623655915,5.7813978494623655,4301.2,2.6666666666666665,43.53655913978495,52.0,12.0,11.9,110982.0661,2796.1894,0.3853089407086602
Merced,2011-04,0.1666666666666666,61.56666666666666,5.892666666666667,4242.533333333334,2.6666666666666665,58.98,55.0,18.0,42.98,23735.3976,1720.4424,1.541235762834641
Merced,2011-05,0.6766666666666667,52.95698924731183,6.3748387096774195,4743.233333333334,2.3333333333333335,64.06451612903226,51.0,18.5,824.04,26451.8015,14887.6265,1.1559268221259806
Merced,2011-06,1.35,53.31111111111111,5.863444444444444,4221.599999999999,1.6666666666666667,71.07555555555555,56.5,24.0,1509.72,34755.1039,44554.7056,1.1559268221259806
Merced,2011-07,0.0,48.655913978494624,5.425698924731183,4036.933333333333,0.0,78.43548387096774,54.0,24.0,1560.5,17123.9143,50383.2022,1.541235762834641
Merced,2011-08,0.0,48.60215053763441,4.703333333333333,3499.1666666666665,0.0,78.66666666666667,55.0,30.5,458.85,11231.4148,35248.4503,1.541235762834641
Merced,2011-09,0.0,51.67777777777778,4.370888888888889,3146.866666666667,0.0,29.681111111111107,60.0,48.0,1718.02,5013.5433,11577.6764,2.697162584960622
Merced,2011-10,0.9933333333333336,65.54838709677419,3.7088172043010754,2759.866666666667,0.0,55.2721146953405,65.0,36.0,113.6,4584.1452,4602.642,3.082471525669282
Merced,2011-11,0.8133333333333334,75.31111111111112,3.818333333333334,2749.5,1.0,56.8531746031746,58.0,22.0,34.77,2037.9882,412.8532,1.541235762834641
Merced,2011-12,0.2,71.44086021505376,3.212258064516129,2390.0333333333333,1.0,47.33440860215054,96.0,47.0,138.74,12918.101,3573.7781,3.082471525669282
Merced,2012-01,0.7999999999999999,71.87096774193549,3.780215053763441,2812.933333333333,0.6666666666666666,47.09139784946236,79.0,19.0,48.91,7458.5,737.3988,1.9136119041969335
Merced,2012-02,0.5033333333333333,64.7816091954023,4.830344827586207,3361.7000000000003,1.6666666666666667,50.78735632183908,51.0,19.0,43.4,21490.6757,4701.8608,3.061779046715094
Merced,2012-03,1.7266666666666666,63.26881720430108,5.076344086021505,3777.1,1.3333333333333333,55.041935483870965,25.0,13.0,112.49,93624.7495,3181.5318,1.9136119041969335
Merced,2012-04,1.3,60.68735632183908,5.631555555555555,4054.7,1.6666666666666667,61.373333333333335,31.0,21.0,27.16,43397.5233,5039.3427,0.0
Merced,2012-05,0.0166666666666666,43.774193548387096,6.561720430107527,4882.266666666666,3.3333333333333335,69.13548387096775,44.0,31.0,1016.94,22533.3722,25991.6881,3.4445014275544805
Merced,2012-06,0.2433333333333333,43.41111111111112,6.476666666666667,4662.566666666667,2.0,74.52,26.0,23.0,2455.3599999999997,13533.2714,37308.8329,2.29633428503632
Merced,2012-07,0.0,45.0752688172043,5.286774193548387,3933.0,0.6666666666666666,77.64086021505376,52.0,22.5,464.2,16617.6935,46743.9455,1.530889523357547
Merced,2012-08,0.0,42.97849462365591,4.771827956989248,3550.4,0.0,78.41397849462366,51.0,28.0,437.9,10443.4927,12628.9974,1.14816714251816
Merced,2012-09,0.0033333333333333,44.56666666666666,3.8742222222222225,2789.7000000000003,0.0,74.66,54.5,51.0,151.41,8769.4082,7221.974,0.7654447616787735
Merced,2012-10,0.0666666666666666,59.60215053763441,3.897741935483871,2899.566666666667,0.0,68.30189098998888,52.0,38.5,49.88,3300.5549,11362.5096,1.9136119041969335
Merced,2012-11,1.25,74.90153256704981,3.313222222222222,2385.266666666667,0.3333333333333333,58.803333333333335,60.0,19.0,147.15,1167.515,4729.6167,4.209946189233254
Merced,2012-12,2.686666666666667,83.60852250099562,4.414623655913979,3284.1,0.3333333333333333,53.39670250896057,56.0,17.0,3.3,2628.3165,1679.1478,1.530889523357547
Merced,2013-01,1.0233333333333334,78.41935483870968,2.8080645161290327,2089.233333333333,0.0,46.62903225806451,72.0,46.0,1.65,15922.8097,1296.4428,3.046168491194669
Merced,2013-02,0.3366666666666666,72.32142857142857,3.823690476190477,2569.3333333333335,0.3333333333333333,49.48452380952381,63.0,28.0,4.28,23118.924,8202.1501,1.5230842455973346
Merced,2013-03,0.5933333333333334,64.17204301075269,4.548817204301075,3384.2000000000003,1.0,56.710035842293905,53.0,18.0,16.95,96226.6164,11783.3412,1.5230842455973346
Merced,2013-04,0.1866666666666666,51.93333333333334,7.083444444444445,5100.1,5.666666666666667,63.885555555555555,44.0,31.0,473.57,38726.7102,17068.4996,1.142313184198001
Merced,2013-05,0.0066666666666666,44.96774193548387,6.45752688172043,4804.233333333334,2.6666666666666665,69.34516129032258,51.5,23.0,1457.3,22774.1242,40274.1154,0.3807710613993336
Merced,2013-06,0.0466666666666666,45.96666666666667,6.232111111111112,4487.2,0.3333333333333333,74.05666666666667,39.0,28.5,1313.37,14823.6438,60574.5541,1.142313184198001
Merced,2013-07,0.1899999999999999,43.225806451612904,5.194516129032259,3864.7666666666664,0.3333333333333333,79.0010752688172,44.0,27.5,771.25,12168.2279,45329.8326,1.5230842455973346
Merced,2013-08,3.0066666666666664,48.58064516129033,5.04225806451613,3751.133333333333,0.0,76.83655913978494,36.0,27.5,476.5,9199.4775,13830.6173,0.7615421227986673
Merced,2013-09,0.8933333333333334,50.34444444444444,5.048222222222223,3634.6666666666665,0.3333333333333333,73.25111111111111,32.0,43.0,60.43,12627.2847,5520.1957,2.284626368396002
Merced,2013-10,150.45666666666668,50.645161290322584,4.1794121863799285,2469.866666666667,0.6666666666666666,65.17820788530466,53.0,46.0,264.89,3411.6606,4790.4491,2.284626368396002
Merced,2013-11,0.2433333333333333,67.32222222222221,3.112,1621.6666666666667,0.3333333333333333,59.65222222222223,68.0,43.0,126.37,1909.3944,7990.0324,2.6653974297953353
Merced,2013-12,0.2733333333333334,66.11827956989248,3.1438709677419356,2339.1333333333337,0.0,48.06666666666666,93.0,54.5,27.25,1457.8625,683.9651,2.284626368396002
Merced,2014-01,0.2966666666666667,62.376344086021504,3.0736559139784947,2286.9666666666667,0.0,47.68064516129033,82.0,55.5,156.53,15092.5963,1273.2022,3.39361397263993
Merced,2014-02,1.8666666666666665,71.2032967032967,4.719285714285714,3171.566666666667,0.6666666666666666,52.76446886446886,47.5,14.0,42.35,62560.6135,17210.2449,1.8853410959110724
Merced,2014-03,1.26,62.634408602150536,5.007741935483871,3726.1666666666665,1.0,57.689247311827955,24.0,9.0,130.5,64953.2607,7243.2544,1.1312046575466432
Merced,2014-04,0.5566666666666666,54.9,5.441444444444445,3917.433333333333,0.0,62.61666666666667,34.0,22.5,49.33,38160.4136,13052.6792,2.2624093150932865
Merced,2014-05,0.03,38.666666666666664,6.651075268817205,4948.366666666667,3.6666666666666665,69.5967741935484,24.0,24.0,131.88,32185.4084,40062.3138,2.2624093150932865
Merced,2014-06,0.0,36.68888888888889,6.411555555555556,4616.133333333333,1.6666666666666667,74.05555555555556,30.0,25.0,1224.75,17892.6974,87955.9144,0.3770682191822144
Merced,2014-07,0.0033333333333333,40.9247311827957,5.828602150537634,4336.466666666666,0.3333333333333333,79.30967741935484,32.0,24.5,2232.37,76410.7204,56549.2002,1.8853410959110724
Merced,2014-08,0.0066666666666666,45.40860215053763,5.077096774193548,3777.4666666666662,0.0,79.01720430107527,46.0,39.0,868.67,72519.5116,10964.7574,1.1312046575466432
Merced,2014-09,0.0766666666666666,49.26666666666667,4.207222222222222,3029.2666666666664,0.0,75.60992063492063,54.0,37.0,358.85999999999996,21028.318,29981.5934,0.7541364383644289
Merced,2014-10,0.5,50.645161290322584,3.32,2470.233333333333,0.0,68.180978865406,50.0,51.5,56.65,7827.9958,21857.627,1.8853410959110724
Merced,2014-11,1.1033333333333333,76.23333333333333,2.6157777777777778,1883.1,0.0,61.058888888888895,73.5,25.0,1.5,5038.9297,3592.9911,2.639477534275501
Merced,2014-12,1.83,84.50908416759363,3.705795328142381,2697.7666666666664,1.3333333333333333,55.43979024312728,56.0,12.0,2.13,13788.0467,1091.0117,0.7541364383644289
Merced,2015-01,0.0833333333333333,86.84984639016898,2.472447163515017,1801.2333333333331,0.0,51.008416759362255,81.0,29.0,3.46,28900.919,2300.1599,2.6185648768152268
Merced,2015-02,0.8966666666666666,79.06227106227107,3.256071428571429,2188.0333333333333,0.0,55.71666666666666,66.0,19.0,1.73,61756.936,7230.3656,2.992645573503116
Merced,2015-03,0.1333333333333333,62.376344086021504,3.6074193548387097,2683.933333333333,0.0,58.77141268075639,43.5,23.0,117.23,41190.6749,7247.2777,2.244484180127337
Merced,2015-04,0.7433333333333335,48.98888888888889,4.762777777777778,3428.7666666666664,0.3333333333333333,61.82590038314176,36.0,20.0,161.24,36254.6204,27729.925,1.8704034834394476
Merced,2015-05,0.0866666666666666,51.376344086021504,4.8855913978494625,3635.4666666666662,0.0,68.01075268817205,41.0,19.0,1018.7,36982.506,20122.7702,3.366726270191006
Merced,2015-06,0.0,38.62222222222223,4.471888888888889,3219.866666666667,0.0,75.37555555555555,51.0,25.0,1692.88,60053.0011,86803.4458,2.6185648768152268
Merced,2015-07,0.0633333333333333,42.44086021505377,4.618387096774193,3435.9666666666667,0.0,78.8371351766513,45.0,25.0,3682.62,65919.7789,54914.1723,1.8704034834394476
Merced,2015-08,0.03,43.378136200716845,4.333440860215054,3224.3333333333335,0.0,78.62240143369176,55.0,34.0,146.64,109361.6109,13570.2518,1.8704034834394476
Merced,2015-09,0.0,38.31111111111111,3.7104444444444447,2671.633333333333,0.0,75.36777777777776,53.0,35.0,384.45,14760.7932,14311.9145,1.1222420900636685
Merced,2015-10,0.2966666666666667,54.44086021505376,3.1869892473118284,2370.9333333333334,0.3333333333333333,70.59318996415772,55.0,45.0,737.03,8958.3231,8656.6199,4.863049056942564
Merced,2015-11,2.0233333333333334,74.04444444444444,2.937,2114.5333333333333,0.3333333333333333,56.14694444444444,63.5,22.0,38.31,4168.0394,1936.0574,5.985291147006232
Merced,2015-12,4.36,79.31100082712986,4.001141439205956,2802.7999999999997,0.0,49.34168734491315,61.0,12.0,5.64,9261.6419,501.0137,2.6185648768152268
Merced,2016-01,3.58,83.51282051282051,4.058990901571547,2427.9666666666667,0.3333333333333333,51.52051282051283,54.0,10.5,4.22,10366.1132,4978.1894,1.116129560319362
Merced,2016-02,0.3966666666666666,75.89333333333333,3.892487356321839,2571.933333333333,1.0,54.168321839080456,64.0,32.0,8.5,80342.1947,16931.0258,2.976345494184965
Merced,2016-03,2.7566666666666664,72.41372247823861,5.140849974398361,3405.7000000000003,1.3333333333333333,59.21064516129032,29.0,14.0,5.4,83231.9714,5508.141,0.7440863735462413
Merced,2016-04,1.7033333333333331,58.98888888888889,5.970888888888889,3253.4,1.6666666666666667,65.90333333333334,43.0,19.0,289.84,48980.0787,9559.842,1.860215933865603
Merced,2016-05,0.2133333333333333,53.003584229390675,5.822301871764236,4158.5,1.3333333333333333,71.22110712863402,52.0,27.0,747.76,36496.8794,32140.5875,1.4881727470924826
Merced,2016-06,0.0,37.87777777777778,5.7156666666666665,4115.233333333334,1.3333333333333333,77.08111111111111,45.5,27.0,1959.94,71058.3984,114550.4955,0.0
Merced,2016-07,0.0,38.666666666666664,5.008494623655914,3726.3,0.0,80.17849462365592,52.0,30.0,6767.29,81483.3673,35504.0522,3.348388680958086
Merced,2016-08,0.0,43.95698924731183,4.49505376344086,3344.4666666666667,0.0,78.99569892473119,58.0,40.0,7615.04,12348.5658,13191.6545,2.976345494184965
Merced,2016-09,0.0,45.05317460317461,4.0245,2814.1666666666665,0.0,72.96087301587302,61.0,50.0,6108.27,8817.2822,7663.4427,2.976345494184965
Merced,2016-10,1.8533333333333335,61.38888888888889,3.789247311827957,2730.5666666666666,0.0,65.84193548387098,53.0,38.0,156.6,7334.8086,1895.9762,5.95269098836993
Merced,2016-11,0.6733333333333333,80.04444444444444,2.9339166666666667,1957.2666666666669,0.0,58.98861111111111,61.0,19.0,4.81,4441.5839,4785.2868,2.976345494184965
Merced,2016-12,1.7333333333333334,82.96129032258064,3.49741935483871,2602.0666666666666,0.3333333333333333,50.11827956989247,66.5,21.0,3.4,8717.7585,1306.1011,3.720431867731206
Merced,2017-01,4.843333333333333,86.5089605734767,4.730752688172043,3519.7999999999997,2.0,49.52043010752688,49.0,10.5,1.13,17101.1534,1954.9632,3.669994128009395
Merced,2017-02,2.1966666666666668,80.4320987654321,5.473214285714286,3678.6666666666665,2.0,53.97261904761905,38.0,10.5,1.27,51894.9679,6228.7603,2.935995302407516
Merced,2017-03,1.3633333333333333,71.6774193548387,4.639892473118279,3452.0333333333333,2.0,57.42150537634408,51.5,24.0,3.77,93916.4579,15431.5849,3.302994715208456
Merced,2017-04,1.04,64.25555555555555,5.651555555555556,4068.9666666666662,1.0,60.607777777777784,40.5,13.0,4587.860000000001,56331.8552,11596.283,3.302994715208456
Merced,2017-05,0.13,51.913978494623656,5.99774193548387,4462.333333333333,3.0,66.58279569892473,49.0,19.0,12865.54,20070.5952,41934.0849,1.8349970640046975
Merced,2017-06,0.0366666666666666,47.77969348659004,5.254111111111111,3783.2666666666664,0.0,74.4511111111111,42.0,27.0,3926.81,21046.7797,80117.0938,3.302994715208456
Merced,2017-07,0.0,40.473118279569896,4.414623655913979,3284.433333333333,0.0,79.43118279569893,51.0,29.0,85924.57,45926.2091,67004.4974,1.8349970640046975
Merced,2017-08,0.0066666666666666,48.365591397849464,4.150860215053764,3088.1666666666665,0.3333333333333333,78.98279569892473,66.0,46.0,1003.09,17411.3478,15784.9182,2.201996476805637
Merced,2017-09,0.0666666666666666,50.46232439335888,4.055888888888889,2920.7666666666664,0.0,75.05666666666667,56.0,45.0,2867.85,18123.178,9575.7743,2.201996476805637
Merced,2017-10,0.1333333333333333,51.309159697331744,3.7057311827956982,2722.3,0.3333333333333333,63.8633829611249,61.0,53.0,397.34,12961.1126,25161.7585,5.504991192014093
Merced,2017-11,0.63,75.66388888888889,2.982166666666666,2108.2333333333336,0.0,58.52291666666667,57.5,38.0,319.75,3132.4315,1811.2533,4.403992953611274
Merced,2017-12,0.0666666666666666,68.49462365591398,3.0647311827956987,2280.133333333333,0.6666666666666666,49.28924731182796,89.0,45.0,242.68,4666.3554,4595.8128,4.770992366412214
Merced,2018-01,2.0933333333333333,86.20906298003071,3.3284677419354836,2405.3333333333335,0.0,52.04619815668203,65.0,14.0,17.59,12333.3432,265.4173,7.61968345657869
Merced,2018-02,0.3333333333333333,63.392857142857146,4.233809523809524,2845.3666666666663,0.0,50.03333333333333,54.5,22.0,41.27,25414.0771,2121.0389,4.71694690169157
Merced,2018-03,1.8833333333333335,72.51612903225806,4.958064516129032,3688.933333333333,1.6666666666666667,53.74193548387097,40.0,7.0,5.18,101101.4248,2677.1612,5.0797889710524595
Merced,2018-04,1.0266666666666666,61.13333333333333,5.280333333333334,3801.6,0.3333333333333333,60.614444444444445,43.5,19.0,116.09,73730.1672,20610.5219,3.6284206936089
Merced,2018-05,0.02,54.623655913978496,6.075483870967742,4520.266666666666,3.3333333333333335,67.36451612903225,40.0,23.0,2690.62,22218.3849,29471.758,4.71694690169157
Merced,2018-06,0.0,45.6,5.143666666666667,3703.266666666667,1.3333333333333333,71.41916666666667,50.5,28.0,8126.86,18615.7923,74504.4868,3.6284206936089
Merced,2018-07,0.0,41.14942528735632,4.816955876900259,3514.266666666667,0.0,77.7806822395254,52.0,36.0,1414.64,27003.9356,76435.187,2.90273655488712
Merced,2018-08,0.0,46.451612903225815,4.4689247311827955,3324.133333333333,0.0,76.85053763440861,76.0,42.0,583.0,26160.5795,18757.97,3.6284206936089
Merced,2018-09,0.0,46.34444444444444,3.873111111111111,2788.4666666666667,0.0,71.61777777777777,61.5,37.0,508.66,9920.7413,7380.7912,4.3541048323306795
Merced,2018-10,0.0966666666666666,54.17204301075268,3.861505376344086,2872.7333333333336,0.6666666666666666,65.16881720430108,55.0,44.0,86.73,14061.6197,3713.905,3.6284206936089
Merced,2018-11,2.39,65.11944444444444,3.331916666666667,2205.9666666666667,0.0,56.01,72.0,49.0,60.84,5279.8233,2583.6865,1.81421034680445
Merced,2018-12,1.4466666666666663,82.6989247311828,3.470322580645161,2581.6,1.0,52.39354838709678,72.0,20.0,3.69,6630.1508,1023.6123,3.9912627629697894
Merced,2019-01,2.1666666666666665,84.19354838709677,4.2186021505376345,3138.433333333333,1.3333333333333333,51.33548387096774,60.0,9.0,1.13,1700.3773,8149.1703,3.223391796109724
Merced,2019-02,3.5066666666666664,74.61904761904762,6.0235714285714295,4047.6666666666665,4.666666666666667,51.13333333333333,43.0,14.0,1.23,49440.7099,8348.4831,3.223391796109724
Merced,2019-03,1.7633333333333334,72.16129032258065,4.892580645161291,3640.066666666667,1.3333333333333333,56.468817204301075,44.0,11.0,2.31,100823.1965,4179.0105,3.939701084134107
Merced,2019-04,0.0466666666666666,62.227586206896554,5.319111111111111,3829.5,2.3333333333333335,62.20777777777778,38.0,15.0,129.89,59381.3238,20482.9755,3.5815464401219157
Merced,2019-05,1.5599999999999998,63.17204301075268,5.403870967741935,4020.1333333333337,2.0,66.052688172043,37.0,18.0,519.66,75311.5478,25210.666,1.4326185760487664
Merced,2019-06,0.0,48.65785440613027,5.144,3703.7666666666664,1.3333333333333333,73.97666666666666,36.0,23.0,4185.7,29821.2708,64815.2224,2.1489278640731495
Merced,2019-07,0.0,45.935483870967744,4.52978494623656,3369.866666666667,0.0,78.30645161290323,42.0,25.0,1401.12,31598.8782,69537.2864,2.507082508085341
Merced,2019-08,0.0,49.44462365591398,4.5361290322580645,3374.866666666667,0.3333333333333333,79.45376344086021,40.0,32.0,2143.46,35194.1603,45813.8421,3.939701084134107
Merced,2019-09,0.0233333333333333,53.68571428571428,4.397555555555556,3165.9666666666667,0.3333333333333333,74.42666666666668,31.5,44.0,1054.55,14128.168,15959.2036,3.939701084134107
Merced,2019-10,0.0,48.94458229942101,3.919569892473118,2915.933333333333,1.0,63.55796676441838,54.0,57.0,5931.74,40940.9434,9284.3029,3.223391796109724
Merced,2019-11,0.6966666666666667,66.68888888888888,3.3281111111111112,2396.366666666667,0.6666666666666666,54.09,65.0,53.0,83.53,6405.9587,695.7443,3.223391796109724
Merced,2019-12,3.64,87.36594982078854,3.5931182795698926,2673.2333333333336,0.3333333333333333,51.28279569892473,52.0,20.0,15.19,2718.6204,1855.8767,3.5815464401219157
Merced,2020-01,0.6566666666666666,90.20430107526882,2.93258064516129,2181.5333333333333,0.0,48.4505376344086,57.0,14.0,0.0,17288.0205,760.0472,2.4892960270835407
Merced,2020-02,0.0166666666666666,64.5632183908046,4.2460919540229884,2955.566666666667,1.6666666666666667,48.302298850574715,60.0,29.0,0.0,61325.9828,5596.3791,2.4892960270835407
Merced,2020-03,1.7066666666666668,72.87096774193549,4.475806451612903,3330.3000000000006,0.0,52.754838709677415,37.0,13.0,0.1,91901.9714,20508.2233,1.7780685907739575
Merced,2020-04,1.1133333333333333,63.98888888888889,5.647222222222222,4066.2333333333336,1.0,57.01,35.0,15.0,0.0,62519.0561,25149.7703,3.200523463393124
Merced,2020-05,0.1899999999999999,49.53763440860215,5.7935483870967746,4310.366666666667,0.6666666666666666,64.02267025089606,31.0,17.0,10.26,98966.2143,117458.7935,2.133682308928749
Merced,2020-06,0.0,46.68888888888889,6.012333333333333,4328.733333333334,2.0,69.91555555555556,28.0,24.0,1.1,36406.2096,39794.224,1.7780685907739575
Merced,2020-07,0.0,47.30107526881721,4.580967741935484,3408.2000000000003,0.3333333333333333,73.00430107526881,38.0,28.0,792.2,19219.6397,61795.9917,0.7112274363095831
Merced,2020-08,0.0,50.2664334499417,4.119784946236559,3065.2999999999997,0.3333333333333333,74.15111662531018,55.0,55.0,1.3,27541.94,24460.8885,2.8449097452383323
Merced,2020-09,0.0,55.22145593869732,3.706555555555555,2668.6666666666665,0.3333333333333333,70.11222222222223,86.0,66.0,0.0,21936.8889,10344.3946,1.422454872619166
Merced,2020-10,0.0033333333333333,55.344086021505376,3.3162365591397847,2467.266666666667,0.3333333333333333,63.804301075268825,63.0,54.0,0.0,27743.0765,4507.5836,4.978592054167081
Merced,2020-11,0.4266666666666666,69.3888888888889,3.118111111111111,2244.766666666667,0.0,53.83888888888888,63.0,43.0,0.0,1596.7696,1959.9041,1.422454872619166
Merced,2020-12,0.95,83.59139784946235,3.1910752688172046,2374.133333333333,0.0,48.63655913978494,67.0,48.0,0.0,15547.8896,4428.3079,2.4892960270835407
Merced,2021-01,3.39,83.81720430107526,4.110215053763441,3057.9666666666667,2.0,48.052186379928315,60.0,36.5,0.2,43220.491,920.455,2.127093858016485
Merced,2021-02,0.3066666666666667,71.41666666666667,4.6727380952380955,3140.066666666667,2.0,49.279761904761905,43.5,15.5,1.0,37924.446,8577.2807,2.4816095010192325
Merced,2021-03,0.9566666666666668,65.5268817204301,4.882150537634408,3632.6666666666665,1.0,50.7510752688172,33.0,17.0,4.8999999999999995,89348.6716,10952.6067,3.545156430027475
Merced,2021-04,0.0133333333333333,53.9,5.460999999999999,3931.8,1.3333333333333333,57.240459770114946,41.0,28.0,187.58,42663.705,27899.9032,1.7725782150137377
Merced,2021-05,0.0,45.107526881720425,6.470322580645161,4814.366666666667,5.0,61.88405017921147,32.0,23.0,1243.09,21286.7472,26166.7125,1.7725782150137377
Merced,2021-06,0.0,45.888888888888886,5.269333333333333,3794.0333333333338,0.6666666666666666,68.30444444444446,36.0,26.0,436.16,25252.9049,42823.289,1.7725782150137377
Merced,2021-07,0.0,42.387096774193544,4.432258064516129,3297.4666666666667,0.0,74.39569892473118,47.0,30.0,9933.97,22675.0629,65460.8566,1.4180625720109898
Merced,2021-08,0.0,47.13978494623657,4.264086021505376,3172.3333333333335,0.3333333333333333,73.1268817204301,65.0,50.0,55.41,15206.3565,14027.2324,1.7725782150137377
Merced,2021-09,0.0,46.388888888888886,4.0938888888888885,2947.7666666666664,0.0,70.20666666666666,56.5,54.0,170.70000000000002,23918.0382,7218.5112,4.25418771603297
Merced,2021-10,1.0599999999999998,54.53333333333333,4.040924731182796,2381.766666666667,1.3333333333333333,63.52537634408603,42.0,47.0,145.78,30674.8168,5572.6599,2.127093858016485
Merced,2021-11,0.4299999999999999,87.91666666666666,3.0491666666666664,2195.9,0.0,59.739999999999995,73.5,35.0,1.6,3626.6704,2342.9981,2.8361251440219797
Merced,2021-12,3.11,92.43548387096774,4.483548387096774,3336.15,1.0,53.54516129032258,57.0,22.0,0.0,4266.6294,1115.1061,2.8361251440219797
Merced,2022-01,0.095,88.70967741935485,2.6779032258064515,1993.2,0.0,50.5,76.0,34.0,2.0,9235.7361,3087.9889,1.052369409725998
Merced,2022-02,0.09,64.83928571428572,3.859642857142857,2593.35,0.5,49.38214285714286,61.5,26.0,185.0,25711.4636,8836.1993,1.052369409725998
Merced,2022-03,0.92,62.822580645161295,4.953387096774193,3685.35,1.5,54.03548387096774,32.0,19.5,19.0,69232.1977,3281.6271,3.1571082291779944
Merced,2022-04,0.72,53.849999999999994,6.22,4478.65,2.0,58.67333333333333,30.0,19.5,1386.0,46012.423,3842.5008,2.1047388194519963
Merced,2022-05,0.0,45.306451612903224,6.8149999999999995,5070.5,4.0,63.94354838709677,30.0,26.0,1617.0,25540.9765,5510.1857,1.052369409725998
Merced,2022-06,0.07,41.6,5.7735,4156.6,0.5,71.15833333333333,27.0,25.0,1148.0,13932.9321,10051.1587,2.1047388194519963
Merced,2022-07,0.0,45.74193548387097,5.291935483870968,3937.1,0.0,74.55483870967743,33.0,29.0,20272.0,18292.5616,14242.4695,0.3507898032419994
Merced,2022-08,0.0,48.25806451612903,4.222096774193548,3141.1000000000004,0.0,76.90645161290323,48.0,39.0,301.0,12547.2623,4738.2055,5.963426655113989
Merced,2022-09,0.23,47.106583072100314,3.814307692307692,1758.1,0.0,75.21628205128205,48.0,47.5,1252.0,11488.7402,3609.9519,1.4031592129679975
Merced,2022-10,0.0,61.96774193548387,2.648387096774193,1970.4,0.0,63.29354838709677,53.0,55.0,45982.0,19488.7821,507.375,1.4031592129679975
Merced,2022-11,1.12,77.43333333333334,2.412,1736.3,0.0,51.376666666666665,61.5,25.0,25.0,942.629,1308.771,1.7539490162099969
Merced,2022-12,7.2,90.90322580645162,3.674516129032258,2733.3,1.0,48.74516129032258,65.0,23.0,0.0,1887.1019,845.7894,2.806318425935995
Merced,2023-01,8.040000000000001,82.70967741935483,4.759677419354839,3541.9,0.0,49.24516129032258,31.0,9.0,0.0,11727.3275,290.1268,1.3981760793045472
Merced,2023-02,3.1999999999999997,74.82142857142857,4.0685714285714285,2734.8,0.0,45.78214285714286,52.0,19.0,2.0,24926.094,3246.7189,2.097264118956821
Merced,2023-03,4.73,78.0,4.868064516129032,3622.3,1.0,51.02903225806452,25.0,7.0,4.0,121542.4896,4387.0085,1.7477200991306838
Merced,2023-04,0.01,63.06666666666667,4.220666666666667,3038.9,0.0,55.544,28.0,18.5,266.0,36870.4899,6465.9976,0.6990880396522736
Merced,2023-05,0.27,63.16129032258065,3.803225806451613,2829.6,0.0,67.14333333333333,31.0,24.0,388.0,59915.6565,9507.0361,0.6990880396522736
Merced,2023-06,0.04,57.7,3.689333333333333,2656.2,0.0,73.52758620689656,33.5,26.5,1762.0,13018.3771,3082.0847,2.097264118956821
Merced,2023-07,0.01,49.86206896551724,2.9448387096774193,2191.4,0.0,79.96333333333334,52.0,31.0,2148.0,27885.9817,10410.6993,1.7477200991306838
Merced,2023-08,0.04,54.42307692307692,2.9829032258064516,2218.8,0.0,77.57,53.0,33.0,635.0,23664.403,806.731,1.7477200991306838
Merced,2023-09,0.01,59.833333333333336,3.030333333333333,2182.0,0.0,72.89,40.0,45.0,342.0,20412.3711,345.8091,1.3981760793045472
Merced,2023-10,0.05,65.0,3.040645161290323,2263.0,0.0,66.37741935483871,53.0,46.0,137.0,5904.3949,391.6695,6.641336376696599
Merced,2023-11,0.55,68.93333333333334,2.617,1883.9,0.0,55.54333333333333,65.0,34.0,65.0,1857.2279,311.2768,6.990880396522735
Merced,2023-12,1.87,79.23333333333333,2.849032258064516,2119.6,0.0,51.516129032258064,67.0,31.0,14.0,1568.5484,84.7251,12.583584713740924
Merced,2024-01,3.46,88.06666666666666,3.648709677419355,2714.3,0.0,51.07096774193548,55.0,17.0,9.0,,,7.554270566501617
Merced,2024-02,4.91,82.96551724137932,4.008275862068965,2789.9,1.0,51.73571428571428,43.0,13.5,0.0,,,3.777135283250809
Merced,2024-03,2.96,74.06451612903226,4.234193548387096,3150.3,0.0,53.97727272727273,19.0,10.5,6.0,,,4.463887152932774
Merced,2024-04,0.5800000000000001,72.625,4.22625,811.5,0.0,,29.0,16.0,521.0,,,5.150639022614739
Merced,2024-05,,,,,,,29.0,25.0,4153.0,,,4.120511218091791
Merced,2024-06,,,,,,,37.5,31.0,13346.0,,,4.807263087773757
Merced,2024-07,,,,,,,45.0,32.0,7521.0,,,5.837390892296704
Merced,2024-08,,,,,,,28.0,38.0,798.0,,,3.777135283250809
Merced,2024-09,,,,,,,28.5,48.0,18698.0,,,4.120511218091791
Merced,2024-10,,,,,,,31.0,53.0,185.0,,,7.210894631660635
Merced,2024-11,,,,,,,49.0,21.5,365.0,,,6.180766827137687
Merced,2024-12,,,,,,,70.0,22.0,76.0,,,7.210894631660635
Monterey,2001-01,3.0716666666666668,77.48978494623655,5.260860215053763,3914.1666666666665,1.0,49.11075268817205,56.0,29.0,,3700.1821,1804.0,0.2456507534108607
Monterey,2001-02,3.2883333333333336,81.82738095238095,6.161309523809524,4140.349999999999,1.5,50.84761904761905,28.0,16.0,,4856.0891,1362.2553,0.4913015068217214
Monterey,2001-03,1.836666666666667,87.75806451612902,5.943225806451612,4421.666666666667,1.5,57.6383788254756,51.0,29.0,,35302.987,2496.43,0.2456507534108607
Monterey,2001-04,1.4816666666666665,80.6920634920635,6.371752525252525,4107.533333333334,1.0,59.56092592592592,35.0,32.0,,68768.1064,690.8535,0.4913015068217214
Monterey,2001-05,0.2633333333333333,77.93845012977383,6.519569892473118,4850.633333333333,0.8333333333333334,68.16725435669262,55.5,39.0,,91252.6137,1004.0983,0.0
Monterey,2001-06,0.0,77.13697318007662,7.422999999999999,5344.5,3.0,71.69500000000001,37.0,33.5,,88355.8598,4680.6568,0.2456507534108607
Monterey,2001-07,0.0,87.00363366703745,6.992043010752688,5202.233333333333,2.3333333333333335,71.78817204301075,24.0,32.0,,98915.4965,1928.6995,0.4913015068217214
Monterey,2001-08,0.0,88.46774193548386,6.567311827956989,4885.8,1.3333333333333333,71.38010752688173,23.0,26.0,,102747.3587,1181.6716,0.0
Monterey,2001-09,0.0166666666666666,86.17739463601532,5.680833333333333,3985.5,0.6666666666666666,69.99611111111112,37.0,22.0,,102593.4835,3726.3841,0.2456507534108607
Monterey,2001-10,0.0883333333333333,83.29569892473118,4.927634408602151,3666.2166666666662,0.1666666666666666,66.00860215053764,54.0,30.5,,51814.5958,41558.475,0.4913015068217214
Monterey,2001-11,1.8716666666666668,87.87777777777778,4.943833333333333,3559.816666666667,1.1666666666666667,60.22043859649123,53.0,18.5,,11325.5945,10774.1379,0.0
Monterey,2001-12,2.766666666666667,87.48387096774194,5.4430107526881715,4049.4166666666665,1.1666666666666667,53.04408602150537,36.0,25.0,,2939.1947,7.36,0.0
Monterey,2002-01,0.785,85.70967741935483,4.617258064516129,3435.0,0.0,50.35645161290322,56.0,23.0,,3188.4866,7814.5248,0.4890250551987031
Monterey,2002-02,0.8916666666666667,78.80357142857143,5.126130952380953,3444.7333333333336,0.0,52.48809523809524,27.0,22.0,,5234.2281,1380.4183,0.2445125275993515
Monterey,2002-03,1.7016666666666669,77.84946236559139,6.1863440860215055,4602.599999999999,0.8333333333333334,56.574731182795695,42.0,26.5,,31010.0978,793.9191,0.0
Monterey,2002-04,0.4366666666666667,81.09444444444445,6.6255555555555565,4770.216666666666,1.6666666666666667,63.108888888888885,52.0,36.0,,54509.5085,1555.6603,0.2445125275993515
Monterey,2002-05,0.5183333333333333,79.90860215053763,7.753655913978495,5768.650000000001,4.833333333333333,66.92043010752688,36.0,35.0,,70359.2938,1545.3907,0.2445125275993515
Monterey,2002-06,0.0066666666666666,80.56532567049808,8.042611111111112,5790.883333333334,6.5,71.18666666666667,52.0,45.0,,59626.9319,10114.3978,0.2445125275993515
Monterey,2002-07,0.0,83.38189964157706,6.94725806451613,5168.766666666666,2.5,72.81021505376344,36.5,21.0,,67283.4319,1216.7409,0.0
Monterey,2002-08,0.0,83.69540229885057,6.169032258064516,4589.766666666666,0.6666666666666666,72.2215053763441,55.0,26.0,,71287.9632,640.341,0.0
Monterey,2002-09,0.0,78.94444444444444,5.655722222222223,4072.0833333333335,0.3333333333333333,70.92760683760683,47.0,27.0,,49505.4739,4210.55,0.4890250551987031
Monterey,2002-10,0.0,78.45161290322581,4.875322580645162,3627.2,0.0,65.66989247311828,47.0,23.0,,38419.8467,70475.175,0.0
Monterey,2002-11,1.3883333333333334,74.15498084291188,4.868055555555555,3505.066666666667,1.1666666666666667,59.147777777777776,55.0,27.0,,7493.0282,57920.31,0.0
Monterey,2002-12,3.796666666666667,86.60215053763442,5.725215053763441,4259.566666666667,2.8333333333333335,53.22150537634408,49.0,21.0,,891.7579,25500.53,0.0
Monterey,2003-01,0.8633333333333333,85.48924731182797,4.783010752688172,3558.4833333333336,0.0,54.56344086021505,44.0,20.0,,2204.0937,26527.0533,0.2440661419244615
Monterey,2003-02,1.42,77.70833333333333,5.13327380952381,3449.2333333333336,0.0,54.13035714285714,29.0,22.0,,7628.0892,1455.02,0.0
Monterey,2003-03,1.0033333333333332,78.75806451612904,5.901774193548387,4390.716666666666,1.0,57.57043010752688,26.0,18.5,,39697.0279,10791.5076,0.0
Monterey,2003-04,1.755,78.22777777777777,5.959388888888888,4290.533333333334,0.0,59.818333333333335,19.0,26.5,,88810.055,808.9651,0.0
Monterey,2003-05,0.5633333333333334,75.66129032258065,7.068333333333334,5258.7,2.6666666666666665,65.35931899641577,43.0,34.0,,97820.4824,2437.6131,0.0
Monterey,2003-06,0.0,75.3199233716475,7.914722222222221,5698.616666666666,5.666666666666667,71.461,33.0,32.0,,77466.6161,22993.444,0.0
Monterey,2003-07,0.0,78.58064516129032,6.776666666666667,5041.683333333333,1.6666666666666667,72.71670250896058,42.0,26.0,,80241.2351,3109.9488,0.0
Monterey,2003-08,0.0,77.89824771007567,6.590322580645161,4903.116666666667,1.1666666666666667,75.98366703744902,38.5,18.0,,96280.522,13704.4395,0.0
Monterey,2003-09,0.0,75.49938271604938,5.720944444444444,4119.2,0.3333333333333333,73.66250000000001,54.0,22.0,,67847.5226,53206.1089,0.7321984257733846
Monterey,2003-10,0.0883333333333333,71.46774193548387,5.156505376344086,3836.7166666666662,0.5,65.55564516129031,53.0,40.5,,33409.1699,7183.4514,0.2440661419244615
Monterey,2003-11,0.8183333333333334,75.72222222222221,4.603944444444444,3315.183333333333,0.1666666666666666,56.960625,46.0,30.0,,5647.1842,18817.5785,0.0
Monterey,2003-12,4.085,81.09677419354838,5.329677419354838,3965.4833333333336,1.8333333333333333,53.11867383512544,30.5,12.0,,722.6058,14643.637,0.2440661419244615
Monterey,2004-01,1.2466666666666668,82.36021505376344,4.633709677419355,3447.4500000000003,0.0,51.082795698924734,39.0,22.0,,2087.7297,33024.9423,0.2446596906033552
Monterey,2004-02,3.67,81.0,5.573275862068965,3879.133333333333,1.6666666666666667,52.66436781609195,21.0,22.5,,2671.0813,8460.4127,0.2446596906033552
Monterey,2004-03,0.4433333333333333,77.66129032258065,5.486881720430108,4082.2,0.3333333333333333,59.193010752688174,42.0,31.0,,46198.8174,769.2164,0.2446596906033552
Monterey,2004-04,0.0616666666666666,71.20555555555556,5.959944444444445,4291.2,0.1666666666666666,62.087777777777774,46.0,30.0,,91779.7,1047.7046,0.7339790718100658
Monterey,2004-05,0.0516666666666666,73.23655913978494,7.25736559139785,5399.683333333333,2.3333333333333335,67.30860215053764,33.0,33.0,,82325.9606,2604.0975,0.4893193812067105
Monterey,2004-06,0.0,76.53888888888889,7.959833333333333,5730.783333333333,5.666666666666667,70.49666666666667,40.0,32.5,,87441.3881,3694.1363,0.4893193812067105
Monterey,2004-07,0.0,81.40860215053763,6.931129032258064,5156.966666666667,1.5,72.1231182795699,27.0,28.0,,92154.3255,4099.9159,0.4893193812067105
Monterey,2004-08,0.0,82.3225806451613,6.192795698924731,4607.483333333334,0.6666666666666666,72.16774193548387,25.0,19.0,,93627.2238,3785.6664,0.4893193812067105
Monterey,2004-09,0.0016666666666666,72.87993827160494,5.452999999999999,3925.8,0.3333333333333333,69.48055555555555,29.0,25.0,,86661.2431,2614.4469,0.0
Monterey,2004-10,2.4650000000000003,80.6989247311828,4.698870967741936,3495.4666666666667,0.3333333333333333,64.03804659498208,28.0,26.0,,86412.6853,20409.7754,0.2446596906033552
Monterey,2004-11,0.555,76.02107279693486,4.327944444444444,3116.7000000000003,0.0,57.44555555555556,39.0,19.0,,18483.6464,46938.345,0.4893193812067105
Monterey,2004-12,4.891666666666667,78.83333333333333,5.528978494623655,4113.5,1.3333333333333333,52.70055555555555,56.0,17.0,,879.6928,26685.1622,0.2446596906033552
Monterey,2005-01,2.891666666666667,84.93548387096774,5.366182795698926,3992.566666666667,1.1666666666666667,53.22387096774194,39.0,16.0,,1510.3327,1326.6893,1.234144330711188
Monterey,2005-02,2.965,83.24404761904762,5.095357142857143,3424.2333333333336,0.6666666666666666,55.02477954144621,27.5,12.0,,8667.0799,14369.8242,0.2468288661422376
Monterey,2005-03,3.1216666666666666,82.08064516129032,5.22247311827957,3885.7666666666664,0.6666666666666666,60.06808243727598,32.0,25.0,,77914.2868,7500.0997,0.7404865984267128
Monterey,2005-04,1.3233333333333337,77.12222222222222,5.800055555555556,4175.883333333333,0.0,60.118026819923365,21.0,25.5,,158960.8652,28093.6078,0.0
Monterey,2005-05,0.735,77.58064516129032,6.8469354838709675,5094.05,1.3333333333333333,65.09731182795699,34.5,30.0,,170668.4528,51575.8353,0.2468288661422376
Monterey,2005-06,0.065,77.96666666666667,7.531666666666666,5422.866666666667,3.5,67.5138888888889,22.0,31.0,,112736.4869,62294.4355,0.0
Monterey,2005-07,0.0,84.89207163803938,6.2871505376344095,4677.466666666666,1.3333333333333333,71.094743130227,44.5,24.0,,72150.0457,69224.7083,0.4936577322844752
Monterey,2005-08,0.0,84.76362007168458,5.8076344086021505,4320.816666666667,0.0,71.86666129032257,29.5,24.0,,116416.784,153703.2114,0.2468288661422376
Monterey,2005-09,0.0033333333333333,81.78888888888889,5.509944444444444,3967.25,0.0,68.9977490421456,41.0,21.0,,117323.1429,78239.678,0.9873154645689504
Monterey,2005-10,0.0883333333333333,78.72580645161291,4.984139784946237,3708.0,0.1666666666666666,62.98172043010752,46.0,18.0,,80406.5588,100416.9277,0.2468288661422376
Monterey,2005-11,0.6066666666666666,72.31609195402298,4.666871647509578,3336.9500000000003,0.1666666666666666,57.68390804597701,39.0,18.0,,18768.3442,78565.8966,1.234144330711188
Monterey,2005-12,3.3533333333333335,81.81566820276497,5.129623655913979,3816.2166666666662,1.5,52.984408602150545,31.0,12.0,,1126.9842,55569.5334,1.4809731968534257
Monterey,2006-01,2.46,82.44641577060932,5.19747311827957,3866.8333333333335,1.1666666666666667,51.6494623655914,31.5,10.5,,1263.3221,75149.9055,5.474938469157432
Monterey,2006-02,1.2966666666666666,74.47111992945327,5.600357142857143,3763.45,1.5,52.97678571428571,40.0,12.0,,9240.8965,34497.032,0.248860839507156
Monterey,2006-03,4.318333333333333,82.30645161290323,6.032204301075268,4488.150000000001,0.8333333333333334,52.58924731182796,24.0,10.0,,49965.622,87431.4545,0.497721679014312
Monterey,2006-04,2.151666666666667,81.93888888888888,5.285111111111111,3805.0,0.6666666666666666,57.294999999999995,18.0,8.0,,172153.2889,52008.3791,1.24430419753578
Monterey,2006-05,0.495,77.98387096774194,6.376666666666666,4744.383333333333,1.1666666666666667,63.51612903225807,53.0,19.0,,259214.5907,50073.6025,1.24430419753578
Monterey,2006-06,0.365,76.58831417624522,7.113833333333333,5122.166666666667,2.6666666666666665,67.82388888888889,39.0,19.0,,221021.0843,57776.3341,0.746582518521468
Monterey,2006-07,0.0,78.28235076010382,6.346075268817205,4721.733333333334,1.8333333333333333,71.18709677419355,29.0,18.5,,198552.5474,66153.7041,0.0
Monterey,2006-08,0.01,81.05376344086021,5.928172043010753,4410.55,0.3333333333333333,70.68333333333334,33.0,18.0,0.0,188816.3242,65741.0782,0.248860839507156
Monterey,2006-09,0.0,80.15407772304324,5.339388888888888,3844.433333333334,0.0,67.64833333333333,52.0,22.5,0.0,175445.8324,68435.6002,0.248860839507156
Monterey,2006-10,0.2016666666666666,70.7582499073044,4.535860215053764,3374.35,0.0,62.49301075268817,43.0,15.5,1868.93,131368.1375,67416.04,0.0
Monterey,2006-11,0.9283333333333332,79.59444444444445,4.352944444444444,3134.2000000000003,0.0,57.70722222222222,31.0,15.5,75.69,22976.1226,44191.6976,0.995443358028624
Monterey,2006-12,2.1999999999999997,72.51021505376345,4.783924731182796,3559.2666666666664,0.8333333333333334,50.41290322580645,48.5,14.0,208.1,43827.4483,33902.4026,1.24430419753578
Monterey,2007-01,0.925,69.5931899641577,4.718548387096774,3510.433333333333,0.0,47.025998463901686,54.0,18.0,648.3000000000001,3044.7729,1098.1627,1.9881901505059945
Monterey,2007-02,2.2483333333333335,80.73809523809524,5.360595238095239,3602.266666666667,0.0,52.31666666666666,24.5,11.5,8.0,7037.3876,39449.0598,0.7455713064397479
Monterey,2007-03,0.4383333333333333,75.35394265232975,5.464677419354839,4065.9166666666665,0.6666666666666666,57.00185185185185,37.0,15.0,411.5,108842.0393,39651.6422,1.2426188440662465
Monterey,2007-04,0.9583333333333334,74.57777777777777,6.454555555555555,4647.45,1.5,60.406666666666666,25.0,23.0,189.6,155407.7532,53228.9619,0.4970475376264986
Monterey,2007-05,0.2733333333333334,73.3763440860215,7.178494623655914,5341.099999999999,2.3333333333333335,65.30913978494624,41.0,37.0,296.32,155289.3994,63691.2354,0.4970475376264986
Monterey,2007-06,0.0033333333333333,74.358547008547,7.709854700854701,5429.016666666666,3.8333333333333335,67.98414529914531,39.0,29.0,469.5,156164.9803,71825.4938,0.9940950752529972
Monterey,2007-07,0.345,78.66200716845879,7.0548817204301075,5220.45,1.5,71.38197132616487,17.0,19.5,370.59,154131.0866,84038.1517,0.4970475376264986
Monterey,2007-08,0.0033333333333333,77.90967741935484,6.407849462365591,4767.333333333333,1.3333333333333333,70.68172043010753,36.0,26.0,718.1999999999999,157449.4026,99917.1188,0.4970475376264986
Monterey,2007-09,0.0866666666666666,74.9641975308642,5.637666666666667,4059.1,0.3333333333333333,67.60055555555556,34.0,28.0,158.0,178205.3585,104453.7963,0.7455713064397479
Monterey,2007-10,0.5866666666666667,73.54301075268818,5.04752688172043,3755.116666666667,0.1666666666666666,61.493548387096766,27.0,19.5,107.8,100175.5818,68551.7723,0.0
Monterey,2007-11,0.2566666666666666,73.06666666666666,4.337722222222222,3123.0499999999997,0.0,56.11666666666667,46.0,19.0,23.41,27193.2882,30402.0401,0.0
Monterey,2007-12,1.0,73.94623655913979,4.837741935483871,3599.3333333333335,0.8333333333333334,49.535483870967745,38.0,16.0,11.6,721.1006,23169.5684,0.4970475376264986
Monterey,2008-01,4.3116666666666665,79.02150537634408,5.8734946236559145,4369.849999999999,2.8333333333333335,49.26666666666667,33.0,13.0,7.5,1930.1037,17837.9005,1.7240445099034043
Monterey,2008-02,2.1716666666666664,77.97023809523809,5.379310344827586,3744.0333333333338,1.0,51.10287356321839,33.0,13.0,8.1,4564.3433,2312.5862,0.7388762185300304
Monterey,2008-03,0.2833333333333333,73.04301075268818,5.662903225806452,4213.316666666667,0.3333333333333333,55.038709677419355,32.0,15.5,16.25,78047.5375,41166.8645,0.0
Monterey,2008-04,0.1983333333333333,69.05555555555556,6.443555555555555,4639.466666666666,2.5,58.65204980842912,32.0,21.0,62.92,157937.7396,51754.6868,0.2462920728433434
Monterey,2008-05,0.0083333333333333,73.32795698924731,6.643225806451613,4942.900000000001,2.5,63.8994623655914,52.0,28.5,1641.89,181789.8818,56001.8657,0.7388762185300304
Monterey,2008-06,0.005,70.38566243194192,6.954277777777777,5007.416666666667,3.0,68.11111111111111,52.0,37.0,5707.68,168944.1222,47110.9259,0.0
Monterey,2008-07,0.0757142857142857,79.8331342094783,6.465591397849463,4122.985714285714,1.2857142857142858,70.00967741935484,43.0,27.0,508.98,186742.074,54840.4819,0.0
Monterey,2008-08,0.0028571428571428,79.01978278333951,5.893709677419356,3758.5,0.8571428571428571,69.67849462365592,32.0,24.0,1480.77,208077.4511,79430.691,0.7388762185300304
Monterey,2008-09,0.0,74.35418871252205,4.885777777777778,3015.3571428571427,0.1428571428571428,67.315,42.0,30.0,120.04,150597.4338,61874.913,0.2462920728433434
Monterey,2008-10,0.3528571428571428,67.7620371841729,4.6787269585253455,3227.4714285714285,0.1428571428571428,61.89602534562213,52.0,39.0,340.24,95530.8491,47596.4758,1.2314603642167177
Monterey,2008-11,1.0157142857142856,75.01428571428572,4.339142857142858,3124.285714285714,0.1428571428571428,58.38809523809524,32.0,19.0,121.75,13606.6716,11145.7655,0.4925841456866869
Monterey,2008-12,1.8142857142857145,76.2594470046083,4.529023041474654,3359.7999999999997,0.7142857142857143,51.26903225806451,43.0,17.0,1.12,1523.199,5444.5156,0.985168291373374
Monterey,2009-01,1.3128571428571427,64.80184331797236,4.505852534562211,3352.342857142857,0.0,50.54976958525346,41.0,18.0,7.11,2535.8438,62829.4343,2.681206933113637
Monterey,2009-02,4.361428571428571,76.38265306122449,5.241326530612246,3522.3571428571427,1.4285714285714286,52.09744897959184,14.5,7.5,30.0,19151.0622,9432.9481,0.7312382544855374
Monterey,2009-03,1.592857142857143,74.94009216589862,5.409170506912443,4024.285714285714,0.7142857142857143,55.600921658986174,24.0,14.0,18.26,73781.9977,17803.1864,0.2437460848285124
Monterey,2009-04,0.6642857142857144,69.48095238095239,5.853809523809524,4215.0142857142855,1.7142857142857142,60.21523809523809,37.0,24.5,78.46,133198.0014,51186.231,0.0
Monterey,2009-05,0.1871428571428571,78.57495256166983,5.802903225806452,4317.4,1.7142857142857142,65.84516129032258,30.5,24.5,81.47,148998.1589,33551.0083,0.4874921696570248
Monterey,2009-06,0.0514285714285714,76.42857142857143,6.671428571428572,4803.471428571429,1.1428571428571428,69.27238095238094,34.0,30.0,327.77,157758.5708,52687.1372,0.2437460848285124
Monterey,2009-07,0.0,79.36849901250822,6.145714285714285,4572.185714285714,1.0,71.40138248847926,26.0,21.5,506.23,161877.4625,63959.3684,0.4874921696570248
Monterey,2009-08,0.0,78.60848826738705,5.5922119815668205,4160.642857142857,0.2857142857142857,71.03225806451613,37.0,19.0,11262.61,177201.3474,72338.9161,0.2437460848285124
Monterey,2009-09,0.0214285714285714,77.65038705137226,5.081714285714286,3658.828571428571,0.4285714285714285,69.83100164203613,27.0,27.0,166.86,159693.8892,74880.7551,0.4874921696570248
Monterey,2009-10,2.412857142857143,74.37081413210446,4.894331797235023,3641.5,1.5714285714285714,63.45069124423963,27.0,19.0,634.0799999999999,85796.3895,106287.0612,1.4624765089710747
Monterey,2009-11,0.0814285714285714,68.59523809523809,4.244142857142857,3055.8142857142857,0.1428571428571428,56.640952380952385,36.0,20.0,94.65,8563.0436,6899.5352,0.7312382544855374
Monterey,2009-12,1.3128571428571427,79.5852534562212,4.370414746543779,3251.4285714285716,0.2857142857142857,51.371428571428574,43.0,12.0,8.06,992.5175,7004.3716,1.7062225937995872
Monterey,2010-01,4.897142857142858,80.9815668202765,5.008248847926267,3726.028571428571,1.8571428571428572,52.57834101382489,28.0,9.0,1.11,1735.8357,1777.8035,1.9206023008815565
Monterey,2010-02,3.052857142857143,86.16836734693878,4.59734693877551,3089.5714285714284,0.7142857142857143,54.18010204081633,32.0,11.0,1.1,23788.1554,2955.1037,0.7202258628305837
Monterey,2010-03,1.9514285714285715,74.3041474654378,4.959124423963134,3689.5,0.0,55.46866359447005,31.0,14.0,44.42,117164.0943,22372.4525,0.0
Monterey,2010-04,2.89,75.53979591836735,5.548795918367347,3952.8857142857146,0.5714285714285714,57.98323129251701,26.0,15.0,2.6100000000000003,174738.3791,66714.4456,0.2400752876101945
Monterey,2010-05,0.4171428571428572,73.99884792626729,6.284671658986175,4422.742857142857,1.7142857142857142,62.17911866359447,29.0,25.0,140.85,151795.8659,72196.2761,0.2400752876101945
Monterey,2010-06,0.0942857142857142,77.07701149425286,6.8864039408867,4942.5,2.7142857142857144,66.65188834154351,39.5,23.0,1246.91,150214.1961,85879.3388,0.2400752876101945
Monterey,2010-07,0.0,81.20038137613221,5.9795852534562215,4448.685714285714,0.8571428571428571,68.47281105990784,39.0,22.0,522.7,147943.9734,113618.1289,0.4801505752203891
Monterey,2010-08,0.0471428571428571,80.45206397971376,5.619170506912442,4180.528571428572,0.4285714285714285,68.63456221198156,31.0,23.0,1455.36,139449.4539,98990.7903,0.7202258628305837
Monterey,2010-09,0.3114285714285714,75.69047619047619,4.947904761904762,3562.5142857142855,0.1428571428571428,67.69095238095238,48.0,25.0,118.76,148411.7194,85155.921,1.9206023008815565
Monterey,2010-10,0.6228571428571429,77.85714285714286,4.526635944700461,3367.957142857143,0.4285714285714285,63.8741935483871,50.0,21.0,446.77,98625.881,65624.6967,1.9206023008815565
Monterey,2010-11,1.9271428571428573,73.8952380952381,4.162904761904762,2997.4,0.0,56.11190476190477,41.0,17.0,174.27,9283.9165,7211.1519,2.8809034513223346
Monterey,2010-12,3.5142857142857147,83.48206056616195,4.694608294930875,3492.7,1.1428571428571428,53.08341013824885,26.0,11.0,1.1,988.3032,988.6901,2.160677588491751
Monterey,2011-01,1.33125,74.61973621484188,4.698755760368663,3059.2375,0.625,50.90414746543779,32.0,12.0,5.05,1060.909,1698.5368,0.9494985460803512
Monterey,2011-02,2.79375,71.02551020408164,4.953316326530612,2920.225,0.75,51.42295918367347,26.5,11.0,4.42,8613.3577,6971.0077,0.2373746365200878
Monterey,2011-03,3.51,78.6958525345622,5.566451612903227,3623.825,1.75,54.50783410138249,29.0,13.0,10.68,49982.6713,38264.4419,0.7121239095602635
Monterey,2011-04,0.14625,72.42857142857143,5.823047619047619,3668.6625,0.25,59.61714285714286,32.5,21.5,30.18,132314.6053,136139.005,0.4747492730401756
Monterey,2011-05,0.6637500000000001,71.0963133640553,6.31778801843318,4112.8125,1.125,62.421198156682024,34.0,24.5,2012.75,134379.1223,92354.6254,0.9494985460803512
Monterey,2011-06,0.5,77.69983579638753,6.494476190476191,4091.6,1.375,65.97714285714287,43.0,28.5,1013.37,138913.1851,109354.4036,0.9494985460803512
Monterey,2011-07,0.2425,78.67713133640554,6.0123502304147465,3914.125,0.625,69.58433179723502,27.0,25.0,674.9300000000001,169832.1372,125029.1294,1.186873182600439
Monterey,2011-08,0.0325,84.04621185266346,5.577695852534562,3630.6625,0.5,53.51290322580645,28.0,23.0,608.86,151899.469,151635.9227,0.9494985460803512
Monterey,2011-09,0.10125,80.26666666666667,5.022428571428571,3163.925,0.125,60.99714285714286,43.0,30.0,2068.47,149977.4928,184761.7427,0.2373746365200878
Monterey,2011-10,0.8144444444444444,77.03957586618877,4.140915471923536,2614.633333333333,0.1111111111111111,63.698745519713256,39.0,24.0,65.56,89618.2894,105485.6467,2.1363717286807904
Monterey,2011-11,1.356666666666667,79.02148148148149,4.025748148148148,2850.7,0.2222222222222222,56.2442962962963,28.0,10.5,101.24,10553.8845,112021.4113,3.797994184321406
Monterey,2011-12,0.0644444444444444,69.25657108721624,3.907505973715651,2843.1222222222223,0.3333333333333333,50.09350358422939,48.0,19.0,120.86,958.1353,28512.8724,3.32324491128123
Monterey,2012-01,1.4633333333333334,70.60215053763442,4.549283154121864,3384.8222222222225,0.7777777777777778,50.80537634408602,38.0,18.0,72.3,2623.1398,8899.0439,3.9921284619972854
Monterey,2012-02,0.5733333333333334,71.3984674329502,5.184904214559387,3608.9333333333334,0.7777777777777778,52.9911877394636,33.0,13.0,31.82,17581.2918,23308.4945,2.8179730319980836
Monterey,2012-03,2.82,74.68368197991236,5.599820788530466,4166.377777777778,1.3333333333333333,55.32831541218638,27.0,9.0,185.63,61596.0564,32071.6997,2.113479773998563
Monterey,2012-04,1.6311111111111112,75.92669220945083,5.941897828863346,4247.466666666666,1.4444444444444444,59.931647509578546,33.5,16.0,20.06,122145.7064,82907.5833,0.7044932579995209
Monterey,2012-05,0.0622222222222222,76.5483870967742,6.458745519713261,4805.111111111111,3.0,64.75376344086021,45.0,38.0,292.32,151975.9317,95928.6386,0.7044932579995209
Monterey,2012-06,0.3466666666666667,76.48231439835638,6.72562962962963,4823.677777777778,2.3333333333333335,68.17836526181354,40.5,30.0,675.93,136108.284,98107.9807,1.4089865159990418
Monterey,2012-07,0.1166666666666666,81.91602662570405,5.718494623655914,4254.533333333334,0.1111111111111111,69.82939068100359,42.0,30.0,3562.8199999999997,146948.9294,124734.7499,1.6438176019988822
Monterey,2012-08,0.1433333333333333,83.21983273596177,5.193082437275986,3863.811111111112,0.0,69.53727598566309,38.0,29.0,751.43,132358.0888,136684.0266,0.7044932579995209
Monterey,2012-09,0.0655555555555555,83.38444444444445,4.349259259259259,3057.8333333333335,0.0,67.23562962962963,51.0,30.0,66.53,137455.7181,138045.4849,0.4696621719996806
Monterey,2012-10,0.265,76.72983870967742,4.175806451612903,3106.7875,0.0,63.85564516129032,27.5,22.5,30.6,96131.1228,123718.3177,0.9393243439993612
Monterey,2012-11,1.92375,74.77083333333333,4.340958333333333,3125.1875,0.625,58.415416666666665,32.5,17.0,136.7,13676.9515,30088.0667,0.9393243439993612
Monterey,2012-12,3.33375,81.88131720430107,4.145846774193548,3084.425,0.75,53.66491935483871,32.0,8.0,2.2,725.3024,17787.157,1.1741554299992016
Monterey,2013-01,0.77875,70.71370967741936,3.977016129032258,2958.8375,0.5,49.08508064516129,44.0,13.0,2.1,1323.5885,11161.4636,1.400243175564823
Monterey,2013-02,0.5475,76.56564153439153,4.127931547619047,2757.0625,0.125,51.17162698412699,42.5,15.0,9.4,7906.6496,8293.5696,0.7001215877824115
Monterey,2013-03,0.75125,77.99596774193549,4.41866935483871,3287.5,0.375,55.523790322580645,39.0,16.0,23.27,61394.136,58490.2982,1.400243175564823
Monterey,2013-04,0.3475,75.61795977011494,5.040758620689655,3607.2,1.75,60.30298850574712,52.0,29.5,267.62,135442.9816,102823.436,1.6336170381589603
Monterey,2013-05,0.1722222222222222,74.12771804062126,5.119818399044205,3626.633333333333,1.8888888888888888,54.798183990442055,48.0,33.0,556.16,128097.991,114625.5414,1.8669909007530976
Monterey,2013-06,0.19,78.38841452289728,5.046484035759898,3616.0444444444447,0.8888888888888888,65.98836526181354,33.0,32.5,518.13,133204.1262,113966.3389,0.7001215877824115
Monterey,2013-07,0.3155555555555556,82.78853046594982,4.58,3407.5,0.0,68.86738351254479,51.0,31.0,495.78,117131.7209,125090.0613,1.166869312970686
Monterey,2013-08,0.2844444444444444,82.42293906810035,4.475519713261649,3329.9222222222224,0.1111111111111111,68.78494623655914,29.0,21.0,263.15,134713.6247,135606.4007,2.567112488535509
Monterey,2013-09,0.2222222222222222,77.89069271157395,4.326777777777778,3115.4333333333334,0.1111111111111111,68.27777777777777,32.0,27.5,122.91,184535.0852,107554.0538,0.9334954503765488
Monterey,2013-10,0.2211111111111111,70.13095238095238,3.629498207885304,2700.4333333333334,0.0,62.24265232974911,52.0,33.0,43.22,157414.3646,41909.8628,0.4667477251882743
Monterey,2013-11,0.3655555555555556,71.19999999999999,3.205,2307.3999999999996,0.0,57.529629629629625,39.5,26.0,62.93,24950.6657,44568.5349,1.400243175564823
Monterey,2013-12,0.2555555555555555,58.55913978494623,3.5222580645161288,2620.688888888889,0.1111111111111111,50.825806451612905,42.0,18.0,26.4,1529.6012,6136.9633,1.6336170381589603
Monterey,2014-01,0.1111111111111111,61.46953405017921,3.441075268817204,2560.211111111111,0.1111111111111111,52.73691756272402,44.0,27.0,163.8,3750.6679,32543.6574,0.4639972902558248
Monterey,2014-02,2.7944444444444443,79.11507936507937,4.008174603174603,2693.5444444444447,0.2222222222222222,55.69801587301587,39.0,9.0,9.96,23963.6679,26055.4401,0.2319986451279124
Monterey,2014-03,1.5577777777777777,73.08960573476702,4.433440860215054,3298.3888888888887,0.3333333333333333,59.51111111111111,44.0,18.0,202.2,143934.7419,89206.8392,0.6959959353837374
Monterey,2014-04,0.921111111111111,73.17777777777778,5.203037037037037,3746.4222222222215,0.4444444444444444,61.35851851851852,41.0,22.5,76.04,250365.9407,149361.8893,0.9279945805116496
Monterey,2014-05,0.1633333333333333,67.78924731182796,5.768745519713262,4291.977777777777,1.2222222222222223,65.30035842293907,37.0,30.0,55.84,226273.6095,161489.618,0.2319986451279124
Monterey,2014-06,0.1622222222222222,76.6148148148148,5.976444444444444,4303.111111111111,1.1111111111111112,67.47888888888889,46.0,33.5,112.97,206479.3349,135930.1213,0.4639972902558248
Monterey,2014-07,0.1611111111111111,79.18651647038743,5.125917562724014,3803.3222222222225,0.1111111111111111,70.60645161290323,29.0,27.0,187.73,250907.2891,178163.2162,0.6959959353837374
Monterey,2014-08,0.1377777777777777,79.0331182795699,4.997760573476702,3641.722222222222,0.0,71.1553835125448,27.0,24.0,119.63,251920.0882,192093.2853,0.2319986451279124
Monterey,2014-09,0.3977777777777778,79.41289910600256,4.637777777777778,3338.9222222222224,0.0,70.24777777777778,33.5,28.0,41.19,241692.7859,187939.4602,0.2319986451279124
Monterey,2014-10,1.1733333333333331,70.12449120421869,4.222186379928315,3141.3444444444444,0.0,66.1415770609319,30.0,32.0,16.82,133848.8212,106308.4828,0.4639972902558248
Monterey,2014-11,0.8833333333333333,72.97322751322751,3.4930897603485835,2361.0666666666666,0.0,59.83216122004357,31.0,14.0,0.62,16207.0114,11794.4861,0.6959959353837374
Monterey,2014-12,5.614444444444445,81.09555885139868,4.085325340913773,3015.0222222222224,0.7777777777777778,56.89816421538335,29.0,7.0,2.1,1765.0821,1875.7111,0.4639972902558248
Monterey,2015-01,0.0266666666666666,71.27240143369175,3.623655913978494,2695.855555555556,0.0,53.86917562724014,38.0,13.0,3.42,7687.831,12068.4075,0.6913270714463484
Monterey,2015-02,1.008888888888889,75.73809523809524,4.376190476190477,2940.677777777778,0.7777777777777778,56.71230158730159,34.5,13.0,1.34,38496.8373,24601.39,0.6913270714463484
Monterey,2015-03,0.2866666666666667,74.4831541218638,4.331720430107527,3222.577777777778,0.3333333333333333,59.31290322580645,35.0,18.0,15.11,141147.5721,96046.343,0.6913270714463484
Monterey,2015-04,0.6211111111111111,71.0,5.047814814814815,3634.4666666666662,0.5555555555555556,60.61,40.0,22.0,59.04,204202.164,147889.1632,0.2304423571487827
Monterey,2015-05,0.3,78.12903225806451,5.513763440860215,4102.111111111111,0.5555555555555556,63.58494623655914,35.0,19.0,247.09,196329.1426,158033.4153,0.2304423571487827
Monterey,2015-06,0.1711111111111111,79.7427111840905,5.357518518518519,3857.1777777777775,0.1111111111111111,67.9088888888889,41.0,33.0,2048.32,181398.4893,155607.7386,0.4608847142975655
Monterey,2015-07,0.2422222222222222,79.21655423223832,5.124229390681004,3812.1777777777775,0.3333333333333333,71.14301075268817,32.0,27.0,575.06,229495.4224,181764.5657,0.6913270714463484
Monterey,2015-08,0.3133333333333333,76.92071152182388,4.775089605734767,3552.3444444444444,0.0,71.69498207885304,52.0,28.0,2509.99,225224.685,170740.7044,0.6913270714463484
Monterey,2015-09,0.13,72.43040289496228,4.377518518518518,3151.8999999999996,0.1111111111111111,69.71666666666667,40.5,33.0,1326.03,210083.3804,173853.2294,0.2304423571487827
Monterey,2015-10,0.1633333333333333,76.88845579450418,4.145770609318997,3084.7555555555555,0.0,66.71326164874552,31.0,29.0,721.76,171871.7571,118289.749,0.6913270714463484
Monterey,2015-11,2.601111111111111,73.97486772486772,3.964259259259259,2854.4333333333334,0.4444444444444444,56.78740740740741,31.0,12.0,35.36,20723.9551,9826.5532,2.0739812143390455
Monterey,2015-12,2.296666666666667,78.6705376344086,4.000609318996416,2976.366666666667,1.0,51.46379928315413,32.0,9.0,3.99,2783.1286,5473.3233,1.3826541428926968
Monterey,2016-01,5.256666666666667,84.67025089605734,4.150071684587814,3087.9333333333334,0.6666666666666666,53.1247311827957,26.0,9.0,3.13,2570.5425,6211.4347,1.1417454090417103
Monterey,2016-02,0.7244444444444444,72.34852216748769,4.052643678160919,2820.8888888888887,0.4444444444444444,55.408429118773945,26.0,12.0,6.04,36265.3338,27231.5246,0.9133963272333684
Monterey,2016-03,3.91,80.31672640382318,4.759677419354839,3541.133333333333,1.1111111111111112,58.67132616487455,22.0,15.0,104.84,154936.5925,84055.8363,0.228349081808342
Monterey,2016-04,0.53,74.07637292464878,4.9608888888888885,3571.711111111111,0.7777777777777778,61.44222222222223,33.0,23.5,268.86,247543.1194,187803.6564,0.6850472454250262
Monterey,2016-05,0.3077777777777778,79.51254480286738,5.1738709677419354,3849.255555555556,0.5555555555555556,64.10035842293907,33.0,24.0,4645.139999999999,264621.0037,198869.6075,0.6850472454250262
Monterey,2016-06,0.1577777777777777,77.64137931034482,5.656370370370371,4072.6,0.4444444444444444,67.49111111111111,39.0,36.5,759.9,238643.7016,196771.8288,0.228349081808342
Monterey,2016-07,0.17,83.04096262160778,5.139749103942652,3823.944444444444,0.1111111111111111,68.0921146953405,34.0,31.0,138276.63999999998,228972.8518,187125.2252,0.6850472454250262
Monterey,2016-08,0.2833333333333333,85.57930107526882,4.933333333333334,3670.3555555555554,0.0,67.99677419354839,46.0,31.0,53459.259999999995,232240.6272,185609.4433,1.598443572658394
Monterey,2016-09,0.068,78.51643222039773,4.976238095238095,3551.85,0.2,66.31335714285714,50.0,33.0,1433.17,229790.784,197604.835,3.196887145316788
Monterey,2016-10,1.671,77.95898529230008,4.308296774193549,3121.38,0.3,63.25248387096774,25.0,23.0,116.21,160463.4342,108396.4453,5.252028881591867
Monterey,2016-11,0.785,82.10133333333333,3.9372,2834.7,0.1,59.031333333333336,26.0,12.5,3.92,28201.2918,21558.8267,1.3700944908500523
Monterey,2016-12,1.032,75.7666253101737,4.563225806451613,3394.8,1.1,52.53645161290323,32.0,9.0,8.11,1744.9865,15676.4807,2.0551417362750786
Monterey,2017-01,6.0649999999999995,81.77052280311457,5.479387096774194,4076.6100000000006,2.6,51.38322580645162,27.0,8.0,2.78,4118.6926,7823.3692,1.1389236260594835
Monterey,2017-02,4.695,82.83136645962733,5.858107142857143,3936.69,2.9,54.66035714285714,23.0,6.5,0.36,12969.568,8606.5638,1.3667083512713805
Monterey,2017-03,1.606,77.6459677419355,5.240483870967742,3898.9,1.4,57.08192396313363,26.0,14.0,4.46,95799.2924,61911.9575,0.6833541756356902
Monterey,2017-04,1.185,73.93588235294118,5.5916,4025.95,1.6,60.05769047619047,29.0,17.0,4607.18,222004.3671,128490.7178,0.6833541756356902
Monterey,2017-05,0.138,75.8225806451613,6.244129032258064,4645.65,2.7,63.77322580645161,35.0,29.0,10737.1,243740.2929,173451.3827,0.911138900847587
Monterey,2017-06,0.2279999999999999,78.07577586206897,6.2326999999999995,4487.42,2.1,67.30866666666667,42.0,34.5,3114.7,205231.2986,176137.5235,0.911138900847587
Monterey,2017-07,0.074,79.26881720430107,5.571225806451613,4144.7699999999995,0.3,69.18161290322581,48.0,38.0,83445.59,220367.7127,179543.8655,0.4555694504237935
Monterey,2017-08,0.0579999999999999,83.25325140809011,5.162516129032258,3840.92,0.1,69.63225806451612,51.0,31.0,531.86,232360.5108,202256.8352,1.822277801695174
Monterey,2017-09,0.187,74.8761322537112,5.309666666666667,3823.03,0.3,69.38933333333333,42.5,35.5,1134.51,232318.9788,204494.3855,2.0500625269070705
Monterey,2017-10,0.157,66.54944837002901,4.513423963133641,3332.21,0.0,63.005829493087546,46.0,50.0,734.21,127781.8473,93268.585,7.061326481568798
Monterey,2017-11,0.8540000000000001,76.47999999999999,4.185666666666667,3013.71,0.1,59.43166666666667,22.0,14.0,206.75,22493.3735,14691.3838,10.933666810171044
Monterey,2017-12,0.307,52.929851687059696,4.358517921146953,3139.19,0.1,52.416988011370655,44.0,25.0,238.59,5116.2492,5580.6241,15.717146039620877
Monterey,2018-01,2.705,80.56407119021135,4.379903225806451,3258.5299999999997,0.6,54.2816129032258,28.0,10.0,16.7,11771.0142,20497.9172,14.796772027271588
Monterey,2018-02,0.191,64.28928571428571,4.950392857142857,3326.63,0.9,53.878214285714286,28.0,17.5,46.67,30489.6367,19530.6839,9.560991156083182
Monterey,2018-03,3.157,78.51923989618095,5.186645161290323,3859.04,1.5,54.93806451612903,19.0,7.0,9.03,69983.295,34993.4092,3.6422823451745447
Monterey,2018-04,1.197,76.27451067323481,5.491006666666666,3875.56,0.9,59.84653333333333,36.0,21.0,156.29,171256.4953,94931.1831,2.2764264657340907
Monterey,2018-05,0.3379999999999999,77.75806451612902,6.368810035842294,4668.11,2.3,62.59781362007168,36.0,27.0,299.08,228618.9972,132511.2889,2.2764264657340907
Monterey,2018-06,0.503,76.19666666666667,6.3505,4572.39,1.8,65.67366666666666,52.0,37.5,3252.29,198472.3692,128204.1363,2.0487838191606818
Monterey,2018-07,0.061,80.06601408972934,5.884838709677419,4378.030000000001,0.6,69.34290322580645,41.0,34.0,571.3000000000001,186511.6548,126170.8491,2.5040691123074996
Monterey,2018-08,0.047,80.63548387096775,5.349161290322581,3980.05,0.1,68.65935483870967,54.0,34.0,837.7900000000001,205239.8215,153412.8415,2.2764264657340907
Monterey,2018-09,0.002,80.25333333333333,5.081066666666667,3658.32,0.1,66.53833333333333,51.5,37.5,766.35,215120.4577,149730.6149,1.8211411725872724
Monterey,2018-10,1.963,76.0741935483871,4.2494516129032265,3161.47,0.0,64.10709677419355,36.0,30.0,263.15,145587.5281,84064.0117,2.5040691123074996
Monterey,2018-11,1.999,68.19333333333333,4.114951851851852,2928.3199999999997,0.7,57.897222222222226,42.5,46.0,117.35,14213.2089,10772.9272,4.0975676383213635
Monterey,2018-12,1.238,79.97419354838709,4.072387096774194,3029.87,0.3,54.17677419354838,31.0,9.0,4.76,3531.9018,7238.9437,6.146351457482044
Monterey,2019-01,2.5490000000000004,80.38709677419355,4.739548387096773,3526.0699999999997,1.5,52.84935483870968,26.0,6.0,4.6,6315.4584,9314.3202,5.681521193210355
Monterey,2019-02,4.488,77.21785714285714,5.984928571428571,4021.769999999999,3.8,51.50370370370371,18.0,5.0,1.4400000000000002,18813.9409,13644.7016,2.7271301727409702
Monterey,2019-03,2.505,77.47419354838709,4.934741935483871,3671.59,0.8,55.50064516129032,21.0,8.0,2.31,73879.9975,41283.7576,2.272608477284142
Monterey,2019-04,0.481,79.70747126436781,5.104433333333334,3675.269999999999,1.0,60.89108045977011,28.5,21.0,153.55,224891.469,132859.2286,2.954391020469384
Monterey,2019-05,1.59,79.3136200716846,5.696315789473684,3978.55,0.6,63.120780984719865,29.0,13.0,1123.19,257662.6736,136987.5481,2.954391020469384
Monterey,2019-06,0.034,80.12169312169313,5.715133333333333,4115.2,1.4,67.00048717948718,42.5,19.0,4280.66,188612.4217,134436.1714,2.272608477284142
Monterey,2019-07,0.006,81.78763440860214,5.798337634408602,4298.09,1.1,68.65797419354838,43.0,21.5,1872.85,220043.2368,160250.8863,2.0453476295557276
Monterey,2019-08,0.012,81.528151914826,5.414193548387097,4028.26,0.5,69.96491039426523,34.0,21.0,303.65000000000003,208085.7634,167642.68,2.0453476295557276
Monterey,2019-09,0.109,75.30484653277757,5.1822333333333335,3731.2,0.8,68.691,31.5,22.0,994.59,232910.7494,183550.7706,1.8180867818273136
Monterey,2019-10,0.0,60.52978197997775,4.422935483870967,3290.8,0.1,62.805483870967734,39.0,38.0,300.7,125902.0839,104318.4104,4.999738650025113
Monterey,2019-11,1.309,74.3371679197995,4.332131578947369,2995.4399999999996,0.5,58.6828947368421,43.0,21.0,84.79,19999.9973,10410.1496,8.408651365951325
Monterey,2019-12,5.123333333333333,84.75268817204301,4.4857347670250896,3337.3222222222225,1.5555555555555556,54.81792114695341,20.0,6.0,4.07,2992.3706,2977.3666,4.545216954568284
Monterey,2020-01,1.022222222222222,84.27479091995221,3.992043010752688,2969.911111111111,0.1111111111111111,52.14121863799283,22.0,6.0,0.0,8542.326,8103.2593,4.099872903939978
Monterey,2020-02,0.0366666666666666,69.58273125342092,4.3181609195402295,3005.411111111111,0.4444444444444444,53.03793103448275,30.0,11.0,0.0,24135.53,13385.3408,3.4165607532833144
Monterey,2020-03,3.8911111111111114,78.46236559139784,4.189534050179211,3116.8888888888887,0.0,55.71971326164874,16.0,4.0,0.0,88476.1631,49530.8106,2.5054778857410978
Monterey,2020-04,1.882222222222222,78.53492063492064,4.976772486772487,3440.511111111111,0.4444444444444444,58.928624338624346,23.0,9.5,0.0,187975.0612,131121.2827,1.8221657350844345
Monterey,2020-05,0.3566666666666667,73.89261198937383,5.163906810035843,3841.9111111111106,0.4444444444444444,64.31505376344086,33.0,18.0,2.25,208494.6838,129552.1222,1.366624301313326
Monterey,2020-06,0.0277777777777777,75.4466277443289,5.590851851851852,4025.266666666667,1.2222222222222223,67.35185185185185,43.5,17.0,1.2,168448.7173,137473.8837,2.2777071688555433
Monterey,2020-07,0.0266666666666666,80.21863799283155,5.49605734767025,4089.233333333333,0.6666666666666666,68.7326164874552,36.0,27.0,0.6000000000000001,194634.5352,182431.5208,1.5943950181988802
Monterey,2020-08,0.0266666666666666,82.19855711791196,4.947741935483871,3680.744444444444,0.6666666666666666,69.97605203770078,51.0,32.0,2005.1,145202.2334,158897.0437,0.9110828675422172
Monterey,2020-09,0.0255555555555555,80.96004378763,4.1759259259259265,3006.5555555555557,0.2222222222222222,68.25666666666666,55.0,42.0,0.0,145950.0302,122704.1117,2.2777071688555433
Monterey,2020-10,0.1988888888888889,70.57339930905003,3.819856630824373,2841.766666666667,0.0,65.65842293906809,52.0,52.0,0.0,107169.1078,78767.4197,1.366624301313326
Monterey,2020-11,0.4222222222222223,69.24367816091954,3.960037037037037,2851.2555555555555,0.3333333333333333,57.73888888888889,29.0,20.5,0.0,13139.4653,10249.6088,1.5943950181988802
Monterey,2020-12,0.8077777777777777,72.23829503127416,3.711202895495116,2532.0222222222224,0.0,52.65381685290603,44.0,15.0,0.0,3211.815,5426.3954,3.1887900363977604
Monterey,2021-01,4.6433333333333335,75.13451402066204,4.187559310462536,2922.922222222222,0.7777777777777778,52.19134664618535,35.0,10.0,67.00999999999999,7197.8119,8981.0875,3.446350659286881
Monterey,2021-02,0.36,75.24358974358974,4.287023809523809,2880.8333333333335,0.0,52.90119047619047,30.0,10.0,1.36,25923.4287,16134.7135,0.9190268424765016
Monterey,2021-03,1.2022222222222223,72.9668004259519,4.944874551971327,3679.011111111111,0.8888888888888888,54.56379928315412,27.0,14.0,3.2,57982.7399,48735.9606,3.446350659286881
Monterey,2021-04,0.0655555555555555,76.85185185185185,5.647296296296297,4065.9111111111106,0.6666666666666666,59.409629629629634,43.0,25.0,22.05,101888.3706,86931.5287,2.52732381681038
Monterey,2021-05,0.0544444444444444,77.59139784946237,6.3215770609319,4702.955555555555,3.0,63.55734767025089,43.0,30.0,1304.8,149497.9516,76458.6732,1.8380536849530031
Monterey,2021-06,0.0088888888888888,78.18847627468318,6.354740740740741,4575.622222222222,1.2222222222222223,67.91111111111111,37.0,27.0,215.66,138054.262,106005.6892,3.2165939486677555
Monterey,2021-07,0.0511111111111111,83.14336917562724,6.080250896057348,4523.544444444445,0.7777777777777778,70.18422939068101,47.0,29.0,102.7,172631.0767,173649.575,2.0678103955721285
Monterey,2021-08,0.0288888888888888,82.87846048813792,5.6416487455197135,4197.511111111111,0.4444444444444444,70.4358422939068,54.0,27.0,8.06,185536.8587,212364.5429,0.9190268424765016
Monterey,2021-09,0.0288888888888888,78.7772669220945,5.249888888888888,3779.722222222222,0.2222222222222222,69.2637037037037,52.0,32.5,43.31,212661.7046,201627.0833,1.8380536849530031
Monterey,2021-10,2.161111111111111,73.06636798088411,4.806129032258064,3575.8444444444444,1.0,63.6673835125448,29.0,23.0,23.87,123185.1192,97245.5313,1.3785402637147524
Monterey,2021-11,0.5477777777777777,74.04074074074074,3.924925925925926,2826.0555555555557,0.0,59.709259259259255,33.5,16.0,2.12,13554.7661,14274.7742,2.0678103955721285
Monterey,2021-12,4.6,83.5663082437276,4.502114695340501,3349.366666666667,1.2222222222222223,53.85591397849462,30.0,6.0,0.0,3098.476,8329.76,3.2165939486677555
Monterey,2022-01,0.0644444444444444,74.51254480286738,4.011863799283154,2984.7666666666664,0.1111111111111111,52.82186379928315,41.0,13.0,689.0,7923.9207,8772.9968,3.680318347537062
Monterey,2022-02,0.1822222222222222,61.272084195997245,4.949285714285714,3325.788888888889,0.4444444444444444,53.394444444444446,32.5,17.5,110.0,21892.5364,25384.2735,2.300198967210664
Monterey,2022-03,1.0666666666666669,73.62150537634409,5.715412186379928,4252.155555555556,1.3333333333333333,56.507885304659496,24.0,17.0,14.0,71282.6451,69977.124,2.300198967210664
Monterey,2022-04,0.7288888888888889,71.67952928297755,6.321999999999999,4551.788888888888,2.6666666666666665,60.31703703703704,34.0,19.0,229700.0,120035.0949,93120.2511,2.300198967210664
Monterey,2022-05,0.0944444444444444,71.32284614363466,7.110645161290323,5290.277777777777,5.222222222222222,64.39103942652329,38.0,31.0,666.0,154108.0553,98531.7895,1.840159173768531
Monterey,2022-06,0.08,72.37766698322254,6.586925925925926,4742.511111111111,3.111111111111111,69.55777777777777,37.0,35.0,1154.0,143387.4682,100829.9383,2.5302188639317302
Monterey,2022-07,0.0288888888888888,80.13067605981956,6.328028673835125,4708.055555555556,2.3333333333333335,71.46164874551971,22.0,24.0,623.0,156568.8983,165568.6435,2.300198967210664
Monterey,2022-08,0.1155555555555555,79.64647550776583,5.789103942652329,4307.299999999999,1.1111111111111112,72.02759856630824,29.0,24.0,261.0,178245.4442,156949.4347,2.0701790704895973
Monterey,2022-09,0.5855555555555556,75.43661274301121,5.532148148148148,3982.977777777778,1.2222222222222223,71.02444444444444,44.5,28.0,263.0,152872.3532,110745.746,1.3801193803263982
Monterey,2022-10,0.0388888888888888,78.34408602150538,4.609820788530466,3429.6222222222223,0.2222222222222222,66.06559139784946,31.0,26.0,62.0,112406.1284,72885.3027,1.6101392770474647
Monterey,2022-11,1.7866666666666668,70.23333333333333,4.224888888888889,3042.222222222222,0.1111111111111111,56.19,22.0,10.5,3.0,9317.3234,8070.2959,0.9200795868842656
Monterey,2022-12,6.717777777777778,85.40900039824771,4.516702508960574,3360.6222222222223,1.5555555555555556,52.104301075268815,32.0,6.0,0.0,1843.8113,3684.3895,2.7602387606527965
Monterey,2023-01,5.272222222222222,79.57706093189964,5.4815770609319,4078.3888888888887,2.3333333333333335,52.10394265232975,32.0,5.0,0.0,4078.9063,5989.4891,1.3853709446151787
Monterey,2023-02,2.701111111111111,74.46031746031746,5.410555555555556,3636.055555555556,1.1111111111111112,50.51428571428571,37.0,6.0,2.0,12377.6769,32008.3063,2.7707418892303575
Monterey,2023-03,4.93,80.31338112305855,6.028279569892473,4484.988888888889,2.6666666666666665,53.64659498207885,32.0,5.0,3.0,27549.4442,8724.3364,1.6162661020510416
Monterey,2023-04,0.0755555555555555,76.53333333333333,5.94974074074074,4283.766666666666,1.4444444444444444,58.19518518518518,37.5,13.0,262.0,132689.7468,55174.3839,1.1544757871793154
Monterey,2023-05,0.441111111111111,81.37182484026805,5.857849462365591,4357.988888888889,1.2222222222222223,63.00860215053763,33.0,12.0,596.0,171190.9136,62096.4698,0.6926854723075894
Monterey,2023-06,0.1011111111111111,79.84296296296296,6.192296296296296,4458.277777777777,2.0,65.95925925925926,36.5,16.5,1680.0,156328.9169,70794.3596,1.6162661020510416
Monterey,2023-07,0.0233333333333333,79.8463082437276,5.858817204301076,4358.866666666667,1.4444444444444444,69.76917562724014,51.0,23.0,2119.0,157789.3834,90024.3619,2.308951574358631
Monterey,2023-08,0.0311111111111111,81.1646150043258,5.461254480286738,4063.344444444445,0.3333333333333333,71.19892473118279,50.0,25.0,281989.0,177276.1953,94863.7409,2.539846731794494
Monterey,2023-09,0.1655555555555555,81.0925925925926,5.090148148148149,3665.1777777777775,0.3333333333333333,69.13481481481482,50.0,26.5,188.0,167138.8725,86921.0343,0.6926854723075894
Monterey,2023-10,0.21,72.11555225971244,4.598172043010752,3421.2444444444445,0.3333333333333333,65.86630824372759,45.0,24.5,526.0,84749.582,45418.5382,2.539846731794494
Monterey,2023-11,0.8522222222222222,67.3851851851852,4.41125925925926,3175.988888888889,0.5555555555555556,59.25740740740741,40.0,11.5,96.0,8585.5048,13504.3696,6.003274093332441
Monterey,2023-12,2.876666666666667,79.15770609318996,4.293082437275986,3194.144444444444,0.5555555555555556,55.106810035842294,32.0,9.0,43.0,2583.4176,8597.0776,10.621177242049702
Monterey,2024-01,3.3055555555555554,83.85663082437276,4.50415770609319,3351.2444444444445,0.8888888888888888,54.04802867383513,27.0,6.0,4.0,,,8.290957329206279
Monterey,2024-02,4.384444444444444,83.47892720306514,4.851417624521073,3376.5333333333333,1.4444444444444444,54.48467432950192,27.0,5.0,10.0,,,5.987913626648979
Monterey,2024-03,2.731111111111111,78.9820788530466,5.011362007168459,3728.5666666666666,0.7777777777777778,56.57204301075269,25.0,8.0,9.0,,,5.987913626648979
Monterey,2024-04,1.161111111111111,78.3851851851852,5.642888888888889,4063.011111111111,2.4444444444444446,59.39407407407407,32.5,15.0,677.0,,,3.9151742943474095
Monterey,2024-05,0.6211111111111112,78.06451612903226,5.993799283154122,4459.477777777778,1.8888888888888888,63.170967741935485,39.0,21.0,1719.0,,,2.5333480728130295
Monterey,2024-06,0.0933333333333333,77.31851851851852,6.449481481481481,4643.411111111111,3.111111111111111,66.50458333333333,52.0,34.5,14753.0,,,4.6060874051146
Monterey,2024-07,0.1155555555555555,80.30465949820788,5.842974910394265,4347.355555555555,0.6666666666666666,69.4241935483871,37.0,33.0,2943.0,,,3.9151742943474095
Monterey,2024-08,0.09,79.02544802867384,5.78494623655914,4303.888888888889,1.7777777777777777,70.09619623655914,37.0,31.0,281.0,,,2.0727393323015697
Monterey,2024-09,0.1744444444444444,80.9925925925926,5.135592592592593,3697.6444444444446,0.4444444444444444,68.755,38.5,22.5,19361.0,,,6.909131107671899
Monterey,2024-10,0.0944444444444444,72.28275244098381,4.603046594982079,3424.8,0.1111111111111111,65.77298387096775,37.0,37.0,1344.0,,,5.987913626648979
Monterey,2024-11,1.9666666666666663,72.34814814814814,4.556925925925926,3281.0444444444447,0.3333333333333333,57.51574074074074,34.0,14.0,156.0,,,12.666740364065149
Monterey,2024-12,1.97,79.02867383512545,4.226200716845877,3144.1777777777775,0.3333333333333333,55.059283154121864,36.0,10.5,85.0,,,16.581914658412558
Orange,2001-01,3.39,58.0,3.847741935483871,2861.9,0.0,50.63225806451613,80.0,38.5,,3791.4166,252.0,0.0693131105402021
Orange,2001-02,5.48,67.92592592592592,4.085357142857143,2745.8,0.0,52.44285714285714,58.0,17.0,,2907.4453,255.0,0.0693131105402021
Orange,2001-03,0.3,74.4,3.365806451612903,2503.3,0.0,59.05806451612903,66.0,32.5,,4828.7194,320.0,0.1039696658103031
Orange,2001-04,1.01,69.03448275862068,3.807666666666667,2741.2,0.0,61.373333333333335,54.5,35.0,,3858.4246,223.6875,0.0693131105402021
Orange,2001-05,0.21,74.73333333333333,3.381612903225806,2515.9,0.0,67.30322580645162,66.0,37.0,,2976.112,389.0,0.0
Orange,2001-06,0.02,69.89655172413794,3.648,2626.8,0.0,70.77333333333333,61.0,24.0,,1256.5318,183.0,0.034656555270101
Orange,2001-07,0.0,71.46666666666667,3.675806451612903,2734.2000000000003,0.0,72.66129032258064,55.0,24.0,,1302.7605,304.75,0.1386262210804042
Orange,2001-08,0.0,71.54838709677419,3.467741935483871,2579.8,0.0,72.25806451612904,61.5,21.5,,1559.4251,444.75,0.1039696658103031
Orange,2001-09,0.0,71.37931034482759,3.2943333333333333,2285.3,0.0,70.92333333333333,64.0,28.0,,898.8356,297.75,0.0693131105402021
Orange,2001-10,0.0,74.19354838709677,2.9938709677419357,2227.8,0.0,68.18064516129031,78.0,37.0,,2904.4086,308.625,0.0693131105402021
Orange,2001-11,1.02,72.8,3.158,2272.9,0.0,62.31666666666667,90.5,43.0,,3138.7743,243.449,0.1039696658103031
Orange,2001-12,1.42,64.45161290322581,3.3748387096774195,2510.1,0.0,53.690322580645166,78.0,18.0,,4193.5502,210.0,0.1039696658103031
Orange,2002-01,0.43,58.45161290322581,3.4693548387096773,2580.9,0.0,53.329032258064515,80.0,39.0,,2319.5895,219.0,0.0343849985128488
Orange,2002-02,0.22,53.857142857142854,3.801071428571429,2553.9,1.0,53.396428571428565,77.0,44.0,,2895.2864,120.125,0.1031549955385464
Orange,2002-03,0.55,60.54838709677419,3.862903225806451,2874.0,0.0,56.91612903225807,55.0,26.0,,3331.757,381.125,0.0687699970256976
Orange,2002-04,0.43,71.0,3.99,2872.6,0.0,62.11666666666667,55.5,25.0,,2517.5536,693.2575,0.1375399940513952
Orange,2002-05,0.06,69.06451612903226,4.053225806451613,3015.3,0.0,65.08064516129032,59.0,27.0,,1681.0236,324.125,0.0
Orange,2002-06,0.0,71.73333333333333,4.036,2905.2,0.0,70.43,60.0,30.0,,1087.3419,296.0,0.1031549955385464
Orange,2002-07,0.0,70.61290322580645,3.643870967741935,2711.3,0.0,74.30322580645162,58.0,28.0,,2435.5546,301.7345,0.1375399940513952
Orange,2002-08,0.0,71.74193548387096,3.3761290322580644,2511.1,0.0,72.79354838709678,71.5,35.0,,4982.8011,419.65,0.0343849985128488
Orange,2002-09,0.04,65.73333333333333,2.646,1904.8,0.0,71.39,64.0,37.0,,3525.6272,393.375,0.0343849985128488
Orange,2002-10,0.0,73.90322580645162,3.1138709677419354,2316.8,0.0,65.24193548387096,68.0,30.0,,8606.6893,559.5,0.0687699970256976
Orange,2002-11,2.07,60.233333333333334,4.165666666666667,2999.5,1.0,60.46,57.0,32.5,,5433.4682,603.3188,0.0343849985128488
Orange,2002-12,1.95,79.09677419354838,3.2706451612903225,2433.9,0.0,54.89354838709678,75.0,20.0,,2263.0477,547.75,0.0687699970256976
Orange,2003-01,0.09,64.29032258064517,3.5622580645161293,2649.6,1.0,54.958064516129035,85.0,33.0,,2568.9065,548.5,0.136547851829195
Orange,2003-02,4.16,71.5,3.742857142857143,2515.3,0.0,55.76428571428572,52.0,21.0,,2431.3168,713.5,0.1024108888718962
Orange,2003-03,3.59,72.0,4.010645161290323,2984.8,1.0,58.18387096774194,58.0,27.0,,2112.3406,892.0,0.0
Orange,2003-04,1.72,73.06666666666666,4.339666666666667,3125.0,0.0,61.53666666666666,43.5,19.5,,2583.2391,1190.0,0.0
Orange,2003-05,0.63,79.90322580645162,3.929032258064516,2922.8,0.0,65.33870967741936,60.0,23.0,,2782.3271,936.0,0.1024108888718962
Orange,2003-06,0.07,84.93333333333334,3.658666666666667,2633.6,0.0,69.41000000000001,59.5,22.0,,1335.4584,563.02,0.0682739259145975
Orange,2003-07,0.19,77.70967741935483,3.701290322580645,2754.1,0.0,73.95483870967742,63.0,29.0,,1197.9253,338.75,0.0682739259145975
Orange,2003-08,0.0,70.54838709677419,3.5903225806451613,2670.9,0.0,74.16129032258064,57.5,30.0,,1198.0456,396.0,0.0682739259145975
Orange,2003-09,0.0,78.93333333333334,3.587,2582.9,0.0,71.45666666666666,69.5,24.0,,1462.4719,456.375,0.0
Orange,2003-10,0.03,71.7741935483871,3.484193548387097,2592.1,0.0,69.06451612903226,76.0,36.0,,1051.6146,360.5,0.0682739259145975
Orange,2003-11,0.38,66.8,3.2819999999999996,2363.4,0.0,61.17333333333333,61.5,40.0,,2098.5215,723.3813,0.1024108888718962
Orange,2003-12,0.94,65.38709677419355,3.221290322580645,2397.8,0.0,55.25483870967742,71.0,33.0,,1896.3018,646.5625,0.1024108888718962
Orange,2004-01,0.44,66.09677419354838,3.4129032258064513,2539.2,0.0,53.516129032258064,84.5,44.0,,3102.7576,233.84,0.1359752878511859
Orange,2004-02,4.67,65.6896551724138,4.1675862068965515,2900.5,0.0,53.51724137931034,53.5,23.0,,5080.36,228.725,0.0679876439255929
Orange,2004-03,0.91,74.64516129032258,3.826129032258065,2847.6,0.0,60.093548387096774,69.0,42.0,,2815.4236,969.135,0.2039629317767789
Orange,2004-04,0.6400000000000001,72.3,3.9563333333333337,2848.2,0.0,63.586666666666666,65.0,35.0,,2724.0548,739.94,0.0679876439255929
Orange,2004-05,0.0,66.58064516129032,4.069677419354838,3028.4,0.0,68.31290322580645,57.0,31.0,,1220.985,772.8321,0.0339938219627964
Orange,2004-06,0.01,79.73333333333333,4.04,2908.9,0.0,70.60666666666665,60.5,28.0,,1215.9542,298.6,0.0339938219627964
Orange,2004-07,0.0,73.25806451612904,3.796774193548387,2825.0,0.0,73.47096774193548,59.5,26.0,,1471.1211,237.9539,0.0679876439255929
Orange,2004-08,0.0,78.25806451612904,3.7903225806451615,2820.2,0.0,73.12258064516129,61.5,22.0,,1759.1841,186.84,0.0679876439255929
Orange,2004-09,0.54,70.5,4.025333333333333,2897.6,0.0,72.23666666666666,63.0,31.0,,1426.682,299.899,0.0339938219627964
Orange,2004-10,5.49,81.7741935483871,3.814193548387097,2837.3,0.0,67.43870967741935,60.0,26.0,,1220.332,61.61,0.1359752878511859
Orange,2004-11,0.72,66.16666666666667,3.819333333333333,2749.9,0.0,60.81333333333334,58.5,28.0,,1468.2294,669.994,0.1699691098139824
Orange,2004-12,3.73,63.064516129032256,4.388064516129032,3264.4,0.0,56.26774193548387,67.0,20.0,,2822.4495,439.3119,0.1019814658883894
Orange,2005-01,7.25,73.70967741935483,4.040322580645161,3006.1,0.0,56.858064516129026,57.0,19.0,,2391.8042,1334.9635,0.2380907840159452
Orange,2005-02,8.73,73.60714285714286,4.258571428571428,2861.4,0.0,57.614285714285714,47.5,19.0,,3372.639,1321.6066,0.1020389074354051
Orange,2005-03,1.0499999999999998,73.90322580645162,3.849032258064516,2863.7,0.0,64.89354838709677,52.0,23.0,,4761.9764,1564.257,0.1700648457256752
Orange,2005-04,1.19,66.56666666666666,4.089,2944.5,0.0,66.60333333333332,56.0,19.0,,1350.9397,1426.1128,0.06802593829027
Orange,2005-05,0.51,74.96774193548387,3.924193548387097,2919.8,0.0,72.2709677419355,56.0,21.0,,1699.4625,1306.8034,0.0
Orange,2005-06,0.0,77.23333333333333,3.941,2837.5,0.0,78.55333333333333,56.0,23.0,,1327.98,497.1098,0.0
Orange,2005-07,0.0,76.0,3.825483870967742,2846.0,0.0,83.65806451612903,62.0,23.0,,1310.3349,869.8305,0.1700648457256752
Orange,2005-08,0.0,76.12903225806451,3.645806451612903,2712.5,0.0,83.95483870967742,63.0,27.0,,1148.092,1274.5086,0.034012969145135
Orange,2005-09,0.04,72.20689655172414,3.752,2701.0,0.0,79.48666666666666,63.0,29.0,,1543.6306,1231.9665,0.1020389074354051
Orange,2005-10,0.58,71.83870967741936,3.717741935483871,2766.4,0.0,73.35161290322581,63.0,30.5,,1291.2947,858.8092,0.2040778148708102
Orange,2005-11,0.08,58.13333333333333,3.6593333333333335,2635.1,0.0,68.44,64.0,39.0,,1383.0205,3461.2205,0.1700648457256752
Orange,2005-12,0.65,68.48387096774194,3.297741935483871,2453.2,0.0,61.932258064516134,78.0,30.0,,2549.4396,2451.4288,0.06802593829027
Orange,2006-01,1.23,61.354838709677416,4.106129032258065,3054.5,1.0,59.59032258064516,58.0,26.5,,2081.932,1708.7589,0.238723633400983
Orange,2006-02,1.2000000000000002,61.142857142857146,3.750357142857143,2520.5,0.0,60.13928571428572,70.0,31.0,,1900.2093,2470.8344,0.1364135048005617
Orange,2006-03,2.31,75.90322580645162,3.874516129032258,2882.8,0.0,61.31935483870968,51.0,18.0,,2244.9806,1436.1063,0.1364135048005617
Orange,2006-04,2.2,76.66666666666667,3.6383333333333336,2619.3,0.0,67.54333333333334,39.0,14.5,,1038.9122,355.1387,0.0
Orange,2006-05,0.47,80.12903225806451,3.80258064516129,2829.3,0.0,75.58387096774193,58.5,24.0,,847.9416,653.034,0.1364135048005617
Orange,2006-06,0.0,74.96666666666667,3.775,2718.1,0.0,81.72333333333333,62.0,30.0,,757.0116,762.0548,0.1023101286004213
Orange,2006-07,0.0,68.70833333333333,3.728709677419355,2774.8,0.0,87.99565217391304,59.0,24.0,,753.4194,786.9792,0.0682067524002808
Orange,2006-08,0.0,74.0,3.651935483870968,2716.4,0.0,86.3225806451613,59.0,24.0,0.0,1190.1181,2597.7644,0.1023101286004213
Orange,2006-09,0.0,72.03448275862068,3.727,2683.8,0.0,82.54333333333334,61.0,34.0,0.0,1059.6524,639.5284,0.0341033762001404
Orange,2006-10,0.0,66.03225806451613,3.529677419354839,2626.1,0.0,74.06451612903226,57.0,26.0,96.32,725.6848,1169.2124,0.2046202572008426
Orange,2006-11,0.15,64.43333333333334,3.3543333333333334,2414.6,0.0,70.18666666666667,70.0,40.0,660.53,606.9526,1281.6936,0.1705168810007022
Orange,2006-12,1.23,56.29032258064516,3.611612903225806,2687.5,0.0,62.71935483870968,70.0,41.0,81.06,1385.4718,1666.4023,0.1364135048005617
Orange,2007-01,0.02,44.32258064516129,4.86,3616.2,0.0,59.119354838709675,58.0,43.0,889.6,1701.3722,1373.0106,0.10233218459771
Orange,2007-02,0.64,69.17857142857143,3.771785714285714,2535.3,0.0,61.925,58.0,14.5,52.26,1325.9213,1171.2563,0.10233218459771
Orange,2007-03,0.07,60.41935483870968,3.8306451612903225,2850.5,0.0,67.05483870967741,58.0,29.5,1887.35,1600.4363,3044.9983,0.0341107281992366
Orange,2007-04,0.55,73.13333333333334,4.025333333333333,2898.1,0.0,71.48333333333333,53.0,22.0,562.3,1573.7411,2869.3145,0.1705536409961833
Orange,2007-05,0.0,73.86206896551724,4.162903225806452,3097.4,0.0,79.37096774193549,57.0,25.0,1204.9,1258.0605,4686.2519,0.10233218459771
Orange,2007-06,0.0,75.46666666666667,4.027666666666667,2900.7,0.0,82.33333333333333,58.0,26.0,221.3,972.7441,1325.564,0.0
Orange,2007-07,0.0,74.87096774193549,3.7512903225806458,2790.7,0.0,84.99354838709678,55.0,22.0,1054.45,1005.9995,2331.4837,0.10233218459771
Orange,2007-08,0.0,70.41935483870968,3.686129032258064,2742.9,0.0,85.74516129032257,57.0,25.0,86.57000000000001,710.3099,2656.9476,0.0682214563984733
Orange,2007-09,0.42,69.26666666666667,3.804333333333333,2739.5,0.0,80.96785714285714,54.5,29.0,1551.15,951.633,2352.5786,0.0682214563984733
Orange,2007-10,0.14,60.064516129032256,4.03,2998.9,1.0,74.07096774193548,62.5,31.0,348558.16000000003,1281.6719,2129.0593,0.1705536409961833
Orange,2007-11,1.64,67.0,3.1273333333333335,2251.7,0.0,64.41333333333334,76.5,44.0,50.5,788.7718,1532.3084,0.20466436919542
Orange,2007-12,0.64,60.87096774193548,3.8438709677419354,2860.3,0.0,53.2,55.0,15.0,7.7,633.0662,5087.0257,0.10233218459771
Orange,2008-01,4.29,64.48387096774194,4.289032258064516,3191.3,0.0,51.89354838709678,54.0,20.5,9.06,1962.9799,1765.5664,0.1690563914642751
Orange,2008-02,1.29,70.6896551724138,3.9158620689655175,2725.0,0.0,54.189655172413794,59.0,32.0,10.61,1987.1699,2550.5021,0.06762255658571
Orange,2008-03,0.0,59.83870967741935,3.871935483870968,2881.1,0.0,58.91935483870968,70.0,28.0,26.86,2301.6932,1944.4398,0.1690563914642751
Orange,2008-04,0.07,60.86666666666667,4.058333333333334,2921.3,0.0,64.50666666666667,71.0,30.0,259.61,1048.8373,5503.199,0.06762255658571
Orange,2008-05,0.36,71.03225806451613,4.228387096774194,3146.0,0.0,70.19032258064516,74.0,38.5,567.8299999999999,1267.57,3908.2296,0.06762255658571
Orange,2008-06,0.0,71.13333333333334,3.845,2767.8,0.0,80.74666666666667,88.0,32.0,533.14,810.7739,2423.4628,0.0
Orange,2008-07,0.0,77.70967741935483,3.690967741935484,2746.3,0.0,86.04516129032258,88.0,26.0,242.12,725.461,1507.663,0.1690563914642751
Orange,2008-08,0.0,77.25806451612904,3.5374193548387094,2632.2,0.0,84.09354838709677,55.0,24.0,385.99,688.999,1612.3773,0.1690563914642751
Orange,2008-09,0.01,76.6,3.341,2405.7,0.0,74.51,61.0,31.0,324.56,795.3957,1931.5949,0.06762255658571
Orange,2008-10,0.0,49.03225806451613,3.618387096774194,2692.0,0.0,67.05806451612904,58.0,37.5,806.5600000000001,798.2751,1086.5563,0.1352451131714201
Orange,2008-11,1.59,60.96666666666667,3.4226666666666667,2464.6,0.0,61.59666666666667,57.0,27.0,30386.050000000003,492.5663,1886.382,0.1690563914642751
Orange,2008-12,3.14,71.38709677419355,3.4490322580645163,2565.8,0.0,53.729032258064514,55.0,21.0,10.68,1338.7465,5217.3726,0.2028676697571302
Orange,2009-01,0.31,48.45161290322581,4.074516129032258,3031.3,0.0,53.41935483870968,54.0,25.0,24.61,1488.3315,2672.7981,0.1339056908914336
Orange,2009-02,3.17,69.78571428571429,3.619642857142857,2432.7,0.0,53.06428571428571,50.5,17.0,29.26,2020.6505,1561.6681,0.2008585363371504
Orange,2009-03,0.14,64.64516129032258,3.786129032258065,2816.3,0.0,58.02258064516129,56.0,21.0,105.76,1886.3569,3438.2682,0.2678113817828672
Orange,2009-04,0.05,57.8,4.1066666666666665,2955.8,0.0,61.99,57.0,24.5,256.32,896.7972,2724.3656,0.1004292681685752
Orange,2009-05,0.02,71.41935483870968,3.925806451612903,2921.5,0.0,68.87096774193549,66.0,24.0,913.48,674.0782,1272.3097,0.1004292681685752
Orange,2009-06,0.0,70.93333333333334,3.929,2829.5,0.0,69.09666666666666,53.5,12.5,258.2,1089.0487,1516.735,0.2678113817828672
Orange,2009-07,0.0,66.38709677419355,3.7245161290322577,2771.2,0.0,74.71935483870968,56.0,24.0,910.29,606.2559,884.5064,0.2343349590600088
Orange,2009-08,0.0,63.172413793103445,3.7683870967741937,2803.8,0.0,90.80967741935484,63.5,23.0,2176.73,687.0852,1408.1066,0.3012878045057256
Orange,2009-09,0.0,66.14285714285714,3.465333333333333,2494.4,0.0,77.98666666666666,63.0,22.0,1026.25,796.7492,1605.7787,0.1004292681685752
Orange,2009-10,0.05,57.29032258064516,3.5948387096774193,2674.6,0.0,68.56129032258065,56.0,26.0,157.65,902.2969,1400.3656,0.0669528454457168
Orange,2009-11,0.01,52.43333333333333,3.4823333333333335,2507.3,0.0,62.156666666666666,66.5,26.0,69.82,573.5847,2633.872,0.334764227228584
Orange,2009-12,1.25,62.354838709677416,3.2467741935483874,2416.5,0.0,55.61290322580645,66.0,22.0,14.03,796.5134,2439.4136,0.2678113817828672
Orange,2010-01,0.4,60.83870967741935,3.368387096774194,2505.9,0.0,54.53225806451613,66.0,20.0,26.22,757.231,5027.3838,0.1325917037370971
Orange,2010-02,3.16,69.29629629629629,3.6025925925925923,2334.5,0.0,55.42962962962962,56.0,17.0,0.91,1209.7694,5436.8312,0.0662958518685485
Orange,2010-03,0.5700000000000001,59.54838709677419,3.86,2871.3,0.0,59.725806451612904,52.0,24.0,10.05,1010.7963,6574.4949,0.0
Orange,2010-04,1.48,64.76666666666667,3.919666666666666,2822.0,0.0,66.11999999999999,54.0,22.5,21.52,445.6908,6414.5418,0.0994437778028228
Orange,2010-05,0.02,65.74193548387096,3.7903225806451615,2820.2,0.0,73.98064516129033,57.0,24.0,2251.85,686.8479,4330.727,0.0331479259342742
Orange,2010-06,0.0,74.73333333333333,3.948,2841.7,0.0,72.38333333333334,64.0,23.5,445.39,721.4754,2361.7511,0.0331479259342742
Orange,2010-07,0.05,74.03225806451613,3.6658064516129034,2726.2,0.0,72.47419354838709,62.0,20.0,1637.23,458.0783,1891.4412,0.1325917037370971
Orange,2010-08,0.0,67.12903225806451,3.534516129032258,2629.9,0.0,71.2290322580645,61.0,21.0,2800.3799999999997,580.1995,1909.0569,0.0662958518685485
Orange,2010-09,0.0,66.76666666666667,3.4570000000000003,2488.8,0.0,68.44666666666667,65.0,26.0,1311.6699999999998,621.1866,1831.4637,0.0662958518685485
Orange,2010-10,2.5,75.70967741935483,3.4219354838709677,2546.0,0.0,66.63225806451612,58.0,17.0,74.79,392.9129,2470.4468,0.1325917037370971
Orange,2010-11,0.8,54.833333333333336,4.014333333333333,2890.2,0.0,58.666666666666664,55.0,22.0,69.35,319.4349,830.8196,0.23203548153992
Orange,2010-12,10.61,74.25806451612904,3.596774193548387,2675.7,0.0,54.39032258064516,65.0,22.0,43.0,656.2331,1895.9918,0.2983313334084686
Orange,2011-01,0.8,54.483870967741936,3.5503225806451613,2641.0,0.0,52.31612903225806,60.0,28.0,27.86,1239.752,3338.3772,0.0655259902287643
Orange,2011-02,2.1900000000000004,61.57142857142857,4.168214285714286,2801.5,0.0,52.2,55.5,19.5,7.92,432.3044,1361.4874,0.0982889853431465
Orange,2011-03,2.43,70.6774193548387,3.723548387096774,2769.7,0.0,55.66451612903226,55.0,21.0,13.53,707.3514,3005.3061,0.196577970686293
Orange,2011-04,0.3,65.06666666666666,4.2796666666666665,3081.1,0.0,60.67666666666666,57.0,24.0,43.629999999999995,809.7799,3558.3468,0.3603929462582038
Orange,2011-05,0.52,70.44444444444444,4.457333333333334,3208.9,0.0,64.78,60.0,24.0,242.15,535.035,1994.3941,0.196577970686293
Orange,2011-06,0.04,74.04,4.0776,2447.1,0.0,69.128,59.5,18.5,1298.25,748.8868,1261.7096,0.1310519804575287
Orange,2011-07,0.0699999999999999,69.74193548387096,4.0764516129032256,3033.2,0.0,72.75483870967743,63.0,21.0,15129.52,247.2132,547.296,0.196577970686293
Orange,2011-08,0.0,70.58064516129032,3.7425806451612904,2785.1,0.0,71.8225806451613,63.0,25.0,2215.52,280.6516,1046.5361,0.393155941372586
Orange,2011-09,0.47,74.4,3.5733333333333333,2572.4,0.0,69.84333333333333,68.5,28.5,1491.53,429.5319,1971.8534,0.196577970686293
Orange,2011-10,0.7999999999999999,67.35483870967742,3.4619354838709677,2575.7,0.0,65.5741935483871,69.0,29.0,2280.0899999999997,868.5145,3642.0007,0.196577970686293
Orange,2011-11,1.4,64.76666666666667,3.5636666666666668,2565.4,0.0,58.93666666666666,62.5,22.5,36.21,672.4422,2796.9313,0.2948669560294395
Orange,2011-12,0.26,52.41935483870968,4.156451612903226,3092.7,0.0,52.05483870967742,67.0,29.0,21.52,795.3287,1578.6558,0.393155941372586
Orange,2012-01,0.76,51.83870967741935,3.8454838709677417,2860.5,0.0,52.17741935483871,67.0,29.0,49.58,409.2686,1896.8002,0.1946560427724211
Orange,2012-02,0.73,59.72413793103448,4.080344827586207,2839.8,0.0,53.710344827586205,59.0,21.0,26.04,809.3846,777.8584,0.1946560427724211
Orange,2012-03,1.91,62.41935483870968,4.199999999999999,3124.4,0.0,56.593548387096774,49.5,17.0,19.55,859.8057,3119.8519,0.2270987165678246
Orange,2012-04,0.98,66.06666666666666,3.965333333333333,2854.8,0.0,61.086666666666666,56.0,22.5,45.4,414.6791,909.0733,0.3244267379540352
Orange,2012-05,0.25,73.35483870967742,4.212903225806452,3134.2,0.0,67.23548387096774,63.0,32.0,5980.84,887.01,2961.2833,0.2270987165678246
Orange,2012-06,0.0,70.3,4.146333333333334,2984.9,0.0,70.41666666666667,60.5,23.5,4287.9,862.9914,2087.1922,0.3568694117494387
Orange,2012-07,0.1699999999999999,70.61290322580645,3.9793548387096775,2960.3,0.0,71.87096774193549,61.0,23.0,1523.89,393.1359,780.8213,0.1622133689770176
Orange,2012-08,0.0,63.806451612903224,3.7503225806451614,2790.2,0.0,73.62903225806451,57.0,23.0,29589.45,332.866,2540.8656,0.5190827807264563
Orange,2012-09,0.0,60.9,3.6013333333333333,2592.4,0.0,72.22,60.0,27.0,3209.62,800.9065,1225.9539,0.3568694117494387
Orange,2012-10,0.09,60.25806451612903,3.783225806451613,2814.6,0.0,69.09032258064516,56.0,26.0,46.7,2025.2284,1201.941,0.2270987165678246
Orange,2012-11,0.75,67.13333333333334,3.368666666666667,2425.3,0.0,61.64,66.0,27.0,128.79,867.3323,2567.0918,0.4217547593402457
Orange,2012-12,1.75,75.29032258064517,3.3070967741935484,2461.7,0.0,58.406451612903226,60.0,18.0,13.69,1130.3644,2690.5076,0.5190827807264563
Orange,2013-01,1.27,50.32258064516129,3.973548387096774,2956.6,0.0,51.59032258064516,56.0,23.0,43.95,950.2987,3139.9369,0.192892986507457
Orange,2013-02,0.49,58.357142857142854,3.994642857142857,2683.9,0.0,53.214285714285715,55.0,24.0,426.32,960.3624,1504.5423,0.2571906486766094
Orange,2013-03,0.74,68.90322580645162,3.710967741935484,2760.3,0.0,57.480645161290326,63.0,25.0,29.06,821.7675,1438.3732,0.1285953243383047
Orange,2013-04,0.0,63.43333333333333,4.5,3239.8,0.0,62.07,50.0,26.0,263.75,431.559,1851.1474,0.1607441554228809
Orange,2013-05,0.49,66.12903225806451,4.447096774193548,3308.2,0.0,67.7258064516129,57.0,30.0,9778.02,426.3372,810.7412,0.2250418175920332
Orange,2013-06,0.07,70.46666666666667,4.13,2973.5,0.0,71.11,54.0,21.0,743.4100000000001,580.199,1547.7937,0.2250418175920332
Orange,2013-07,0.09,72.2258064516129,3.7761290322580647,2810.3,0.0,74.75806451612904,58.0,21.0,35135.67,605.347,3670.8154,0.192892986507457
Orange,2013-08,0.0,65.38461538461539,3.4680645161290324,2580.0,0.0,74.35483870967742,60.0,22.0,20720.09,577.465,1505.2294,0.2571906486766094
Orange,2013-09,0.18,65.07692307692308,3.231666666666667,2327.3,0.0,73.21666666666667,58.5,25.5,272.61,517.1784,2915.4364,0.0964464932537285
Orange,2013-10,1.5000000000000002,61.903225806451616,3.716774193548387,2765.1,0.0,65.45161290322581,65.0,32.0,382.86,652.7562,1130.8407,0.1607441554228809
Orange,2013-11,1.31,56.63333333333333,3.305333333333333,2379.8,0.0,60.626666666666665,60.5,25.5,26.14,378.1335,645.8653,0.1607441554228809
Orange,2013-12,0.46,49.5,3.5464516129032257,2639.0,0.0,55.239285714285714,63.0,28.0,13.7,557.9152,382.302,0.2571906486766094
Orange,2014-01,0.01,49.483870967741936,3.4709677419354836,2583.1,0.0,54.10967741935484,77.0,40.0,64.25,386.4049,1118.6033,0.1914844319965379
Orange,2014-02,1.51,66.75,3.519642857142857,2364.9,0.0,56.57142857142857,62.5,24.0,29.58,446.5508,977.0013,0.1914844319965379
Orange,2014-03,0.3399999999999999,67.0,3.732258064516129,2776.6,0.0,61.2,58.0,25.0,477.96,484.6093,1889.4752,0.2233985039959609
Orange,2014-04,0.52,58.53333333333333,4.236666666666666,3050.4,0.0,63.919999999999995,61.0,24.5,253.48,555.2492,2089.9455,0.1914844319965379
Orange,2014-05,0.0,62.42307692307692,4.380322580645161,3258.7999999999997,0.0,66.83870967741936,65.0,23.0,780.72,214.1655,1121.0378,0.1595703599971149
Orange,2014-06,0.0,70.16666666666667,3.95,2844.0,0.0,71.86999999999999,68.0,19.0,217.67,380.6572,897.2986,0.0957422159982689
Orange,2014-07,0.01,66.90322580645162,3.649677419354839,2715.2,0.0,74.57741935483871,62.5,17.0,481.84,377.4559,1808.6983,0.2872266479948069
Orange,2014-08,0.01,67.87096774193549,3.613548387096774,2688.8,0.0,74.99032258064516,60.0,16.0,58.99,715.166,1452.5339,0.0957422159982689
Orange,2014-09,0.0,63.93103448275862,3.445333333333333,2480.8,0.0,74.21000000000001,60.0,24.0,41.95,573.7622,711.1542,0.3191407199942299
Orange,2014-10,0.0,62.096774193548384,3.247741935483871,2416.9,0.0,69.31612903225808,63.0,27.0,27.27,514.1529,535.0871,0.1914844319965379
Orange,2014-11,0.29,46.8,3.588333333333334,2582.9,0.0,63.14666666666667,55.0,23.5,122.89,721.4579,1303.1992,0.3191407199942299
Orange,2014-12,3.11,68.58064516129032,3.737741935483871,2781.1,0.0,59.37096774193548,66.0,24.0,6.76,610.4098,785.0,0.1914844319965379
Orange,2015-01,0.29,56.03225806451613,3.150645161290323,2343.7,0.0,56.41290322580645,71.0,29.0,9.98,859.4956,892.7698,0.3800518390708493
Orange,2015-02,0.6,68.15384615384616,3.505714285714286,2356.4,0.0,59.582142857142856,63.5,24.0,15.28,446.9513,692.2787,0.4433938122493241
Orange,2015-03,0.05,58.57692307692308,3.809032258064516,2833.9,0.0,62.13225806451613,60.0,24.0,31.67,485.1554,932.645,0.6334197317847488
Orange,2015-04,0.17,54.46666666666667,3.9806666666666666,2866.7,0.0,64.49333333333333,59.0,22.5,1363.95,457.0573,889.9974,0.4117228256600866
Orange,2015-05,1.32,70.93548387096774,4.053548387096774,3016.0,0.0,66.44193548387096,56.0,16.0,44.32,298.7678,690.6502,0.3483808524816118
Orange,2015-06,0.0,70.65517241379311,3.9596666666666662,2850.8,0.0,71.28,62.0,20.0,330.49,237.0942,1173.5505,0.4117228256600866
Orange,2015-07,0.1649999999999999,79.2741935483871,4.02108870967742,1633.25,0.0,75.08911290322581,52.0,17.0,595.84,419.5619,441.3723,0.570077758606274
Orange,2015-08,0.015,72.96774193548387,3.9964516129032255,2973.3999999999996,0.0,76.14838709677419,60.0,25.0,1261.52,233.0129,437.4324,0.3483808524816118
Orange,2015-09,1.15,70.58333333333334,3.7616666666666663,2708.3999999999996,0.0,75.88666666666666,64.0,24.5,31.55,270.07,451.5651,0.5384067720170365
Orange,2015-10,0.4266666666666667,59.929595494111624,3.678095238095238,2086.7999999999997,0.0,71.39595698924732,60.0,23.0,81.02000000000001,307.509,701.6654,0.6650907183739861
Orange,2015-11,0.4266666666666667,49.66283524904215,3.805222222222222,2739.7000000000003,0.0,60.35999999999999,52.0,22.0,9.6,153.8627,256.8664,0.4750647988385615
Orange,2015-12,1.5399999999999998,57.58064516129033,3.68258064516129,2740.3333333333335,0.3333333333333333,54.36451612903226,57.0,24.0,12.98,606.8973,141.1598,0.221696906124662
Orange,2016-01,3.033333333333333,72.31182795698925,3.320222222222222,2446.1666666666665,0.0,53.98168458781362,63.0,23.0,126.12,204.636,404.5602,0.2835168947717594
Orange,2016-02,0.29,50.66574712643678,3.8305747126436778,2665.9666666666667,0.0,57.056321839080454,56.5,27.0,13.79,198.8176,271.3626,0.1890112631811729
Orange,2016-03,1.4333333333333331,73.93548387096774,3.725698924731183,2771.866666666667,0.0,61.30645161290323,55.0,23.0,29.36,136.0496,570.186,0.2205131403780351
Orange,2016-04,0.3133333333333333,63.75555555555555,4.063,2925.1,0.0,63.67333333333334,55.5,23.5,26.77,114.3611,660.5657,0.2835168947717594
Orange,2016-05,0.2466666666666666,77.29032258064517,4.070430107526882,3028.0,0.0,66.61935483870968,51.0,14.5,116.97,185.3059,349.9664,0.1575093859843108
Orange,2016-06,0.17,74.82799671592775,3.9391111111111106,2836.133333333333,0.0,71.13666666666666,61.5,19.0,7977.73,128.1687,644.2685,0.2205131403780351
Orange,2016-07,0.26,71.56989247311827,3.93505376344086,2927.3333333333335,0.0,74.20322580645161,59.0,20.0,478.11,221.9816,295.3819,0.2520150175748973
Orange,2016-08,0.19,74.78086763070077,3.627956989247312,2699.0,0.0,74.06666666666666,58.0,20.0,1762.9899999999998,372.0692,361.5954,0.1890112631811729
Orange,2016-09,0.09,68.55155993431856,3.6343333333333336,2616.9,0.0,70.59333333333333,58.0,25.5,37.57,115.39,990.0503,0.5355319123466568
Orange,2016-10,0.42,69.51260659992585,3.2363978494623655,2359.7000000000003,0.0,66.14182795698925,54.0,19.0,80.25,134.6122,715.0468,0.3150187719686216
Orange,2016-11,1.55,57.817624521072794,3.3653333333333335,2422.7666666666664,0.0,60.76854406130269,55.0,25.5,51.77,96.7448,86.383,0.5355319123466568
Orange,2016-12,3.956666666666667,68.43010752688171,3.5587096774193547,2647.866666666667,0.3333333333333333,55.34870967741936,56.0,27.0,7.23,296.8337,748.3311,0.2520150175748973
Orange,2017-01,8.013333333333334,76.18351254480287,3.490215053763441,2596.6666666666665,0.3333333333333333,54.56559139784946,52.0,16.0,4.29,3515.9778,2335.1173,0.3452696179058079
Orange,2017-02,3.68,82.51190476190476,3.130952380952381,2103.7000000000003,0.0,56.705952380952375,52.0,14.5,12.15,1246.3593,3536.1622,0.533598500399885
Orange,2017-03,0.1933333333333333,67.11827956989247,3.476021505376344,2586.0666666666666,0.0,59.45268817204302,48.0,22.0,28.209999999999997,454.2019,1104.9303,0.6277629416469235
Orange,2017-04,0.1333333333333333,69.4080459770115,3.821222222222222,2751.5,0.0,62.568888888888885,53.0,25.0,1534.92,725.3199,1691.1236,0.5022103533175388
Orange,2017-05,0.9433333333333334,76.66666666666667,3.88236559139785,2888.633333333333,0.0,64.54731182795699,53.0,23.0,2477.69,564.4429,2139.7437,0.4394340591528464
Orange,2017-06,0.2033333333333333,79.11111111111111,3.644,2623.3666666666663,0.0,68.99333333333334,59.0,21.0,6937.3099999999995,532.3574,571.065,0.5649866474822312
Orange,2017-07,0.1433333333333333,76.85125448028674,3.574910394265233,2114.5666666666666,0.0,72.71568100358422,58.0,23.0,1485.06,102.5946,43.753,0.3452696179058079
Orange,2017-08,0.2333333333333333,82.20595238095238,3.770483870967742,1870.1333333333332,0.0,73.17919354838709,59.0,22.0,2973.47,142.436,171.1486,0.5963747945645773
Orange,2017-09,0.0499999999999999,71.63015873015873,3.63547619047619,2154.866666666667,0.0,70.54968253968254,60.5,18.0,3980.37,206.4566,344.4245,0.4394340591528464
Orange,2017-10,0.0933333333333333,65.41111111111111,3.738172043010753,2780.933333333333,0.3333333333333333,66.19139784946236,65.0,35.0,315.05,143.5304,35.2154,0.7847036770586545
Orange,2017-11,0.7066666666666667,68.07777777777777,2.9822222222222217,2147.4333333333334,0.0,61.87888888888889,61.0,31.0,183.36,122.5111,351.961,1.1613614420468086
Orange,2017-12,0.0233333333333333,40.359754224270354,4.077419354838709,3033.6666666666665,1.0,54.74193548387097,63.0,42.0,4373.24,208.1508,36.6802,0.8788681183056929
Orange,2018-01,2.0766666666666667,58.01038190582128,3.4187096774193546,2543.8,0.0,55.45376344086022,57.0,28.0,22.04,330.0185,337.2018,0.9407464572272376
Orange,2018-02,0.5299999999999999,50.0595238095238,3.853095238095238,2589.4,0.0,55.05238095238095,49.5,22.5,132.01,462.0056,827.3069,0.5958060895772505
Orange,2018-03,1.6766666666666663,61.126451612903224,3.7552688172043016,2793.933333333333,0.0,57.24193548387097,36.0,22.5,14.64,319.7689,562.2379,0.4390150133727108
Orange,2018-04,0.1533333333333333,57.29259259259259,3.3565555555555555,2416.7000000000003,0.0,61.72111111111111,57.5,27.0,171.14,702.0371,566.1321,0.3449403676499871
Orange,2018-05,0.3566666666666667,67.53763440860216,3.0190322580645166,2246.5,0.0,63.89462365591398,39.0,15.0,1498.47,623.9487,814.2556,0.4703732286136188
Orange,2018-06,0.0933333333333333,66.76666666666667,3.977444444444444,2863.933333333333,0.0,69.26444444444445,55.5,22.0,549.1800000000001,502.4947,814.1741,0.3449403676499871
Orange,2018-07,0.18,66.82591376269538,4.059569892473118,3020.366666666667,0.0,75.27419354838709,53.0,21.0,2570.04,130.8439,69.8471,0.3449403676499871
Orange,2018-08,0.16,70.45506912442397,3.7555913978494626,2793.633333333333,0.0,75.97741935483872,58.0,23.0,190.92,136.5889,137.5935,0.5958060895772505
Orange,2018-09,0.0633333333333333,70.58888888888889,3.5813333333333333,2578.5666666666666,0.0,72.64555555555556,58.0,25.5,98.59,71.2169,74.4339,0.5958060895772505
Orange,2018-10,0.9433333333333334,61.01075268817204,3.4661290322580647,2578.7000000000003,0.0,67.38924731182796,51.0,24.0,19.08,42.7724,251.5557,0.4703732286136188
Orange,2018-11,1.58,52.94444444444443,3.6719999999999993,2643.7666666666664,0.0,60.40888888888889,55.5,29.0,135.92,338.8132,181.1909,0.376298582890895
Orange,2018-12,1.6266666666666667,67.43010752688173,3.288709677419355,2446.9333333333334,0.0,55.784946236559136,54.0,24.0,7.32,448.7139,430.0214,0.5958060895772505
Orange,2019-01,5.05,63.225806451612904,3.6176344086021506,2691.1333333333337,0.0,53.96021505376344,47.0,19.0,12.9,567.3313,156.0,0.4708319600734498
Orange,2019-02,7.746666666666667,73.14285714285715,3.693333333333334,2482.2333333333336,0.0,53.169047619047625,36.5,11.0,6.58,472.7952,39.4727,0.5649983520881398
Orange,2019-03,2.3333333333333335,70.70967741935483,3.648494623655914,2714.4,0.0,58.42043010752688,35.0,14.0,617.35,305.4171,435.9411,0.5963871494263697
Orange,2019-04,0.5333333333333333,73.18888888888888,3.764,2710.2999999999997,0.0,63.74555555555555,44.5,18.0,114.93,258.3207,179.2365,0.8161087307939797
Orange,2019-05,0.8766666666666666,77.83870967741935,3.976774193548387,2958.6666666666665,0.0,65.31182795698925,38.0,14.0,206.51,602.2109,221.8695,1.0044415148233596
Orange,2019-06,0.29,80.88352490421455,3.710777777777778,2672.0333333333333,0.0,69.64111111111112,47.0,12.5,982.77,316.0208,55.2967,0.8788863254704397
Orange,2019-07,0.21,74.3010752688172,3.959569892473118,2945.7333333333336,0.0,73.16881720430108,57.0,21.0,766.11,145.3752,626.39,0.7219423387792897
Orange,2019-08,0.0733333333333333,74.58064516129032,3.6536559139784943,2718.5666666666666,0.0,74.4978494623656,53.0,19.0,449.84,216.6732,300.7546,1.0358303121615895
Orange,2019-09,0.0699999999999999,72.43333333333334,3.431888888888889,2471.3333333333335,0.0,73.4888888888889,55.0,22.0,1030.83,162.3176,79.4712,0.6905535414410596
Orange,2019-10,0.0233333333333333,51.87992831541218,3.851935483870968,2865.5,0.0,65.85591397849463,55.0,33.0,1695.51,252.4897,13.5663,0.8788863254704397
Orange,2019-11,2.9933333333333336,61.72222222222222,3.363,2422.133333333333,0.0,60.18111111111111,57.5,30.5,87.48,124.4795,93.6254,0.7847199334557496
Orange,2019-12,3.6333333333333337,68.08602150537634,3.12268817204301,2323.366666666667,0.0,55.5989247311828,48.0,18.5,5.86,488.3035,35.75,0.6277759467645997
Orange,2020-01,0.38,67.52688172043011,3.1325806451612905,2330.9666666666667,0.0,54.00752688172043,61.0,23.0,0.05,66.7192,47.2032,0.5020412684198157
Orange,2020-02,0.4933333333333333,56.4712643678161,3.780114942528736,2630.9333333333334,0.0,55.46091954022989,54.0,28.0,0.0,99.5544,49.5702,0.909949799010916
Orange,2020-03,3.8533333333333335,72.41935483870968,3.6575268817204303,2721.3333333333335,0.0,59.04301075268817,23.0,6.0,0.0,193.7963,111.5085,0.784439481905962
Orange,2020-04,4.733333333333333,76.41190476190476,3.751888888888889,2701.0333333333333,0.0,63.047777777777775,46.0,17.0,0.0,187.2111,18.7188,0.3137757927623848
Orange,2020-05,0.3333333333333333,76.79569892473118,3.894193548387097,2897.2333333333336,0.0,70.02365591397849,53.0,19.0,0.2,204.5089,2.0118,0.4706636891435772
Orange,2020-06,0.3866666666666666,75.54805996472663,4.103555555555556,2954.533333333333,0.0,71.39999999999999,47.0,14.0,11.3,58.9347,34.631,0.5020412684198157
Orange,2020-07,0.35,72.64516129032258,3.7083870967741936,2759.0,0.0,74.2516129032258,52.0,18.0,107.18,162.1213,51.3744,0.5020412684198157
Orange,2020-08,0.3066666666666666,69.0405017921147,3.688172043010753,2744.0333333333333,0.0,75.8483870967742,55.0,18.0,0.1,175.3173,94.2188,0.6589291648010082
Orange,2020-09,0.1933333333333333,65.37539682539682,3.260444444444444,2347.5333333333333,0.0,73.15444444444444,64.5,29.0,0.0,188.8004,99.8717,0.7216843233534851
Orange,2020-10,0.0166666666666666,59.806451612903224,3.3470967741935485,2490.133333333333,0.0,69.27311827956989,65.0,34.0,1.1,121.1156,1968.6783,0.6589291648010082
Orange,2020-11,0.7766666666666667,61.855555555555554,2.981444444444444,2146.633333333333,0.0,60.114444444444445,63.0,27.0,0.0,62.1554,99.0864,0.8158170611822005
Orange,2020-12,1.09,51.31800766283525,3.440498207885305,2503.633333333333,0.0,53.97663082437276,59.0,30.0,0.0,91.5632,104.7157,0.7216843233534851
Orange,2021-01,2.4566666666666666,57.526881720430104,3.74516129032258,2786.4,0.3333333333333333,53.689247311827955,54.0,22.0,6.28,141.9065,0.0,1.007720397898399
Orange,2021-02,0.0733333333333333,60.654761904761905,3.6177380952380944,2431.233333333333,0.0,55.41190476190476,53.0,21.0,13.3,63.1778,59.5844,0.9762291354640742
Orange,2021-03,1.4533333333333334,65.63440860215053,3.83752688172043,2854.5333333333333,0.0,56.833333333333336,43.0,16.0,9.66,210.0099,3.2188,0.7242990359894744
Orange,2021-04,0.17,70.54444444444444,3.845111111111111,2768.6,0.0,63.12444444444444,56.0,26.0,114.73,179.9254,113.6066,0.8502640857267743
Orange,2021-05,0.1099999999999999,77.82795698924731,4.232903225806452,3148.866666666667,0.0,67.34193548387097,54.0,19.0,5539.66,149.6437,78.5238,0.8817553481610992
Orange,2021-06,0.0,76.62911877394636,4.077333333333333,2935.7999999999997,0.0,71.10444444444444,52.0,15.0,1322.48,154.9483,121.1137,0.5353514613835245
Orange,2021-07,0.0633333333333333,74.26881720430107,3.882688172043011,2889.0333333333333,0.0,75.55913978494624,54.0,17.0,439.97,25.6234,370.842,0.6928077735551493
Orange,2021-08,0.1066666666666666,71.37992831541219,3.708924731182796,2759.9,0.0,74.72795698924732,56.0,17.0,878.28,33.4627,95.4938,0.6298252486864995
Orange,2021-09,0.0833333333333333,73.65555555555555,3.520666666666667,2535.0,0.0,72.58444444444444,57.5,20.5,139.48,350.6074,129.3218,0.6298252486864995
Orange,2021-10,0.84,62.784946236559136,3.100645161290323,2306.7999999999997,0.0,65.17849462365591,52.0,21.0,10.85,163.8637,30.0,0.7557902984237993
Orange,2021-11,0.1633333333333333,61.12452107279694,3.5031111111111115,2522.266666666667,0.0,62.11333333333334,65.0,30.0,14.04,200.3424,40.1875,0.7557902984237993
Orange,2021-12,4.44,78.70967741935483,3.162150537634409,2352.933333333333,0.0,55.60322580645161,58.0,19.0,4.08,189.4896,51.1146,0.6298252486864995
Orange,2022-01,0.1033333333333333,53.946236559139784,3.146129032258065,2340.5666666666666,0.0,54.39354838709678,55.0,25.0,37.0,54.0068,0.0313,0.6964264459712364
Orange,2022-02,0.5066666666666667,44.23809523809524,3.9478571428571425,2652.7,0.0,54.70119047619048,44.0,25.5,327.0,11.3446,103.7012,0.5381477082505007
Orange,2022-03,1.35,60.935483870967744,3.676989247311828,2735.6,0.0,58.92580645161291,52.0,21.0,190.0,149.6019,299.9288,0.601459203338795
Orange,2022-04,0.2366666666666666,69.13095238095238,3.516,2531.366666666667,0.0,64.18333333333334,51.5,21.0,321.0,47.4956,68.223,0.4748362131622066
Orange,2022-05,0.0266666666666666,73.32724014336918,3.5659139784946237,2652.766666666667,0.0,67.45698924731182,53.0,20.0,1308.0,73.1419,85.2326,0.918016678780266
Orange,2022-06,0.0999999999999999,72.25555555555555,3.832111111111111,2759.1666666666665,0.0,71.86,54.5,19.0,1955.0,109.4819,33.993,0.7280821935153834
Orange,2022-07,0.12,75.31182795698925,4.120967741935484,3066.2000000000003,0.0,74.21720430107526,45.0,14.0,61116.0,86.5961,774.3137,1.1396069115892955
Orange,2022-08,0.04,70.05770609318996,3.8404301075268816,2857.466666666667,0.0,75.43763440860215,51.0,15.0,10416.0,70.7701,24.5385,1.0446396689568545
Orange,2022-09,0.2133333333333333,67.65831964969895,3.682888888888888,2651.4666666666667,0.0,75.40555555555555,55.0,19.0,142507.0,77.7792,0.125,0.8863609312361189
Orange,2022-10,0.3733333333333333,74.4731182795699,3.3266666666666667,2474.6666666666665,0.0,70.3258064516129,53.0,21.0,76957.0,100.0939,56.4837,0.7597379410595305
Orange,2022-11,2.3833333333333333,55.72222222222223,3.8954444444444447,2804.6,0.0,58.97555555555555,47.0,20.0,156.0,5.8742,34.0556,0.7913936886036775
Orange,2022-12,3.3866666666666667,71.96774193548387,2.8598924731182795,2127.733333333333,0.0,55.11397849462366,53.0,18.0,155.0,79.3595,79.7719,0.8547051836919719
Orange,2023-01,6.140000000000001,69.23655913978494,3.766881720430108,2803.3333333333335,0.0,54.24623655913978,45.0,16.0,55.0,91.7536,52.4913,0.8257622579643181
Orange,2023-02,2.6633333333333336,58.892857142857146,4.147142857142857,2786.933333333333,0.6666666666666666,52.84166666666667,21.5,20.0,39.0,61.937,51.1539,1.07984295272257
Orange,2023-03,7.170000000000001,77.40860215053765,3.829462365591398,2849.366666666667,0.0,55.984946236559146,31.0,10.0,14.0,109.2098,62.5967,1.1116030395673513
Orange,2023-04,0.1333333333333333,73.18888888888888,3.9267777777777777,2827.5,0.0,60.708888888888886,54.0,21.0,169.0,25.9514,147.0914,0.6669618237404108
Orange,2023-05,0.7466666666666667,82.31182795698925,3.848709677419355,2863.3333333333335,0.0,65.03655913978494,30.0,10.0,768.0,41.976,217.474,0.7304819974299738
Orange,2023-06,0.12,79.17777777777778,3.7856666666666663,2725.4666666666667,0.0,66.56888888888889,41.0,13.5,872.0,144.4243,677.8984,1.016322779033007
Orange,2023-07,0.04,73.67670250896057,3.6995698924731184,2752.5,0.0,72.60752688172043,54.0,20.0,135047.0,184.5215,960.7897,0.8257622579643181
Orange,2023-08,2.056666666666666,74.61505376344086,3.6796774193548383,2737.2666666666664,0.0,74.37204301075269,55.0,23.0,96607.0,83.2741,562.603,0.8892824316538811
Orange,2023-09,0.1666666666666666,77.71111111111111,3.3698888888888887,2426.5,0.0,71.87333333333333,56.5,28.5,958.0,339.832,38.7727,0.476401302671722
Orange,2023-10,0.0999999999999999,67.26881720430107,3.3909677419354836,2522.9666666666667,0.0,67.51505376344086,59.0,35.0,5256.0,166.9889,189.0636,0.9845626921882256
Orange,2023-11,0.5333333333333333,49.8,3.607,2597.266666666667,0.0,59.89000000000001,53.0,30.5,359.0,66.605,102.5689,0.8257622579643181
Orange,2023-12,1.7133333333333336,68.21505376344086,3.07741935483871,2289.5666666666666,0.0,56.844086021505376,59.0,33.0,167.0,167.8261,174.8666,0.7622420842747553
Orange,2024-01,2.3333333333333335,71.79569892473118,3.0792473118279573,2291.0,0.0,54.67419354838709,52.0,22.0,14.0,,,0.9148798904667936
Orange,2024-02,9.006666666666668,78.14942528735632,3.3970114942528737,2364.2333333333336,0.0,55.5816091954023,39.0,15.0,8.0,,,1.0410702201863515
Orange,2024-03,4.383333333333334,75.94623655913979,3.5923655913978494,2672.866666666667,0.0,58.324731182795695,40.0,19.0,14.0,,,0.8202371431771256
Orange,2024-04,0.5866666666666668,73.71111111111111,3.597,2589.6666666666665,0.0,60.55777777777778,52.0,20.5,70.0,,,0.56785648373801
Orange,2024-05,0.1399999999999999,78.36379928315411,3.971798294401187,2893.433333333333,0.0,65.07708565072302,52.0,19.5,1459.0,,,0.56785648373801
Orange,2024-06,0.0166666666666666,76.89999999999999,3.936,2833.6,0.0,69.38777777777779,52.5,21.0,73100.0,,,0.7255943958874571
Orange,2024-07,0.0166666666666666,76.12903225806451,3.801505376344086,2828.133333333333,0.0,73.6236559139785,52.0,24.0,64596.0,,,0.6624992310276783
Orange,2024-08,0.01,72.0,3.439032258064516,2558.6666666666665,0.0,73.36881720430108,55.0,27.0,534354.0,,,0.6624992310276783
Orange,2024-09,0.03,72.42222222222222,2.392333333333333,1722.5999999999997,0.0,71.60555555555555,56.0,25.5,453376.0,,,0.8202371431771256
Orange,2024-10,0.0366666666666666,70.02150537634408,3.2803225806451617,2440.2999999999997,0.0,66.94946236559139,58.0,26.0,5187.0,,,0.4732137364483416
Orange,2024-11,0.1333333333333333,58.588888888888896,3.3593333333333333,2418.5333333333333,0.0,57.73333333333333,52.0,32.5,11193.0,,,0.8833323080369044
Orange,2024-12,0.0166666666666666,68.51146953405018,2.9216129032258062,2173.0333333333333,0.0,55.16236559139785,71.0,32.0,4331.0,,,0.4101185715885628
Riverside,2001-01,0.7627272727272728,57.99085323278872,3.93564916022394,2846.5454545454545,0.3636363636363636,50.233874717699806,79.5,38.0,,133.1164,10868.71,0.1855707599864904
Riverside,2001-02,0.9945454545454544,58.64348462984827,4.129734613212874,2720.9454545454546,0.2727272727272727,52.268866459627326,62.0,38.5,,15065.3481,13848.0,0.1237138399909936
Riverside,2001-03,0.6445454545454545,59.56230609035658,3.8828103616813294,2841.7363636363634,0.3636363636363636,60.660322580645165,93.0,46.0,,35654.0271,1324.5847,0.1237138399909936
Riverside,2001-04,0.3009090909090909,48.323798328108666,5.295830303030303,3766.790909090909,1.6363636363636365,64.16925,63.5,48.0,,44287.7639,2443.8804,0.0618569199954968
Riverside,2001-05,0.0263636363636363,44.8049853372434,4.879706744868035,3630.563636363636,0.9090909090909092,72.85903225806452,122.0,65.5,,18356.9616,1854.0,0.0
Riverside,2001-06,0.0045454545454545,41.64870933664037,4.929363636363636,3549.090909090909,0.6363636363636364,76.42733333333334,80.0,69.0,,3334.1333,1499.8991,0.0
Riverside,2001-07,0.01,45.67986314760508,4.706568914956012,3501.781818181818,0.3636363636363636,78.34483870967742,89.0,58.5,,1593.682,2905.6741,0.2474276799819872
Riverside,2001-08,0.0918181818181818,47.523494118043615,4.317507331378299,3212.1545454545453,0.1818181818181818,79.91170644150066,92.0,67.5,,477.7971,11584.9296,0.4329984399684777
Riverside,2001-09,0.0045454545454545,43.94009553664726,4.177831168831169,2777.6727272727276,0.3636363636363636,-1073.066735333632,87.5,67.0,,2019.2209,11850.5804,0.0
Riverside,2001-10,0.0136363636363636,47.84802052785924,3.808333333333333,2768.8454545454547,0.0,70.75111559139785,111.0,70.0,,2681.3072,6819.7079,0.3711415199729809
Riverside,2001-11,0.37,54.008896276137655,4.098204129204129,2758.581818181818,0.7272727272727273,62.21143956043956,108.5,64.0,,1455.0356,1309.1738,0.0618569199954968
Riverside,2001-12,0.2554545454545454,55.29958326902299,3.7691974070072543,2745.090909090909,0.0,50.76787122894084,84.0,31.0,,521.2635,9098.0,0.2474276799819872
Riverside,2002-01,0.0881818181818181,45.46041055718475,4.039354838709678,3005.2636363636366,0.6363636363636364,50.514473118279575,82.0,51.0,,311.7536,889.49,0.2370866320480669
Riverside,2002-02,0.0583333333333333,38.71374458874459,4.188227813852814,2761.3416666666667,0.5833333333333334,51.608707201889025,69.0,49.0,,976.6422,1383.5,0.2370866320480669
Riverside,2002-03,0.1358333333333333,42.92204301075268,5.0999731182795704,3794.35,0.9166666666666666,57.32161398935592,64.0,37.5,,3216.3165,1542.2338,0.2370866320480669
Riverside,2002-04,0.0991666666666666,50.922222222222224,5.639555555555556,4060.7666666666664,2.4166666666666665,65.48969696969696,67.5,52.0,,4635.1229,1484.5,0.0592716580120167
Riverside,2002-05,0.0275,46.596774193548384,5.676747311827957,4223.591666666666,2.4166666666666665,70.40234604105571,84.0,52.0,,1540.6941,1444.1748,0.0592716580120167
Riverside,2002-06,0.0283333333333333,42.42623456790124,5.334722222222222,3841.1416666666664,1.9166666666666667,76.70818181818181,88.0,52.0,,212.0224,1319.3344,0.2963582900600837
Riverside,2002-07,0.0058333333333333,45.03736559139785,5.067795698924731,3770.5333333333338,0.5833333333333334,80.60307917888564,81.0,54.0,,1771.2521,509.5,0.0592716580120167
Riverside,2002-08,0.0,45.20492831541219,4.658951612903226,3456.5750000000003,0.0,79.45884042033235,91.0,56.5,,1731.2912,1271.0,0.0592716580120167
Riverside,2002-09,0.11,43.791666666666664,4.627222222222223,3331.5333333333333,1.0,75.97363636363637,80.0,59.0,,1666.1709,556.65,0.1185433160240334
Riverside,2002-10,0.0091666666666666,54.481534597524586,4.507932667690732,3298.8916666666664,1.3333333333333333,67.32949308755761,118.0,66.0,,816.9128,4677.5,0.1185433160240334
Riverside,2002-11,0.1416666666666667,46.349310344827586,4.597488888888889,3284.1,1.0,60.24156530825496,61.0,55.5,,242.8484,5623.3,0.0592716580120167
Riverside,2002-12,0.7108333333333334,62.79415544133286,3.82238523573201,2822.7833333333333,0.25,53.46080532370855,78.5,53.0,,1727.9384,1648.64,0.1185433160240334
Riverside,2003-01,0.0966666666666666,51.068279569892475,4.015698924731183,2987.808333333333,0.8333333333333334,54.33724340175954,69.5,54.5,,939.1426,13545.85,0.0
Riverside,2003-02,1.8808333333333336,58.046932234432234,4.397163461538462,2938.1583333333333,0.5833333333333334,55.25791708291708,55.5,39.0,,2272.9521,688.125,0.0
Riverside,2003-03,0.9983333333333334,51.303763440860216,5.053037634408603,3759.491666666667,1.75,59.0574780058651,75.0,39.0,,4849.0448,748.845,0.0
Riverside,2003-04,0.5691666666666667,50.48888888888889,6.144083333333334,4423.516666666666,3.75,62.26424242424242,58.0,45.5,,6004.4696,869.9675,0.0
Riverside,2003-05,0.0966666666666666,48.51344086021505,5.672580645161291,4220.341666666666,2.5833333333333335,68.5683284457478,93.0,69.5,,3809.9407,2952.932,0.16933309852477
Riverside,2003-06,0.0249999999999999,51.17884615384616,5.808632478632479,4137.8,2.3333333333333335,75.08552447552448,95.0,65.5,,1578.8434,13186.7835,0.1128887323498467
Riverside,2003-07,0.1016666666666666,47.465053763440864,5.002016129032258,3721.2166666666662,0.3333333333333333,80.27390029325512,77.0,59.5,,2298.5229,636.8135,0.16933309852477
Riverside,2003-08,0.0499999999999999,47.42204301075268,4.791397849462366,3564.816666666667,0.25,81.52727272727273,64.0,54.0,,164.7028,20618.2729,0.16933309852477
Riverside,2003-09,0.0158333333333333,46.3,4.451583333333334,3205.1499999999996,0.0,78.32303030303031,96.5,56.0,,1273.7187,17093.0824,0.2822218308746168
Riverside,2003-10,0.0133333333333333,44.103782642089094,4.2541743471582185,3140.7999999999997,0.25,72.14956011730204,96.0,80.0,,1227.0343,16198.0594,0.2257774646996934
Riverside,2003-11,0.48,57.375757575757575,3.6770606060606066,2622.927272727273,0.3636363636363636,59.91727272727273,66.0,40.5,,916.2188,7626.3275,0.1128887323498467
Riverside,2003-12,0.3254545454545454,52.26001955034213,3.8484164222873902,2673.3636363636365,0.3636363636363636,53.08230694037145,71.0,46.0,,1306.3488,4120.6975,0.2257774646996934
Riverside,2004-01,0.1590909090909091,51.1,3.995645161290322,2702.609090909091,0.0909090909090909,51.70788018433179,77.5,40.0,,585.7318,7963.16,0.2154543231448575
Riverside,2004-02,1.1245454545454543,51.98965517241379,4.497999999999999,2845.872727272727,0.0909090909090909,53.10961685823755,60.0,26.0,,2103.5388,1130.125,0.3770450655035006
Riverside,2004-03,0.3109090909090909,48.20322580645161,4.589,3104.2363636363634,0.4545454545454545,62.75612903225806,80.0,59.0,,5029.7239,941.8335,0.0
Riverside,2004-04,0.4054545454545454,47.7002265850092,5.526807019067888,3846.472727272727,1.4545454545454546,66.23177605003691,75.5,55.0,,14827.9897,403.9,0.2693179039310718
Riverside,2004-05,0.0072727272727272,41.42677419354838,5.9232903225806455,4006.245454545455,2.363636363636364,71.15322580645162,63.0,56.0,,1160.7714,443.0,0.1615907423586431
Riverside,2004-06,0.0018181818181818,48.24190476190476,5.5149380952380955,3451.4545454545455,1.3636363636363635,74.59361904761906,90.0,56.5,,307.2385,2075.3638,0.3231814847172862
Riverside,2004-07,0.0036363636363636,45.35109748511508,4.927148138274238,3073.0636363636363,0.1818181818181818,78.36571714209543,71.0,56.5,,1357.4576,648.8675,0.1615907423586431
Riverside,2004-08,0.0381818181818181,47.34846359811297,4.640901440775213,2997.190909090909,0.0,78.48844617280803,86.0,56.0,,2057.3588,726.8032,0.3231814847172862
Riverside,2004-09,0.11,43.752988505747126,4.7007666666666665,3076.972727272727,0.8181818181818182,74.38733333333333,68.0,58.0,,1358.0008,45166.1949,0.3231814847172862
Riverside,2004-10,1.4227272727272726,60.05630498533724,4.222709677419354,2899.4454545454546,0.2727272727272727,67.28868035190615,75.0,44.0,,2592.7177,835.74,0.1077271615724287
Riverside,2004-11,0.6663636363636364,61.54967061923583,3.992882740447958,2823.218181818182,0.4545454545454545,57.98268774703558,70.0,50.0,,1836.9087,2399.64,0.1077271615724287
Riverside,2004-12,1.0536363636363637,60.19835892694625,3.799402619071696,2596.9454545454546,0.1818181818181818,52.39646613119917,63.0,40.5,,2058.4855,51373.905,0.2693179039310718
Riverside,2005-01,2.8400000000000003,71.85395894428153,3.7041918483573464,2468.418181818182,0.1818181818181818,53.58102341790981,58.5,32.0,,4248.165,13844.9972,0.2588279751628675
Riverside,2005-02,2.772727272727273,71.60887445887445,3.7106965761511215,2389.781818181818,0.1818181818181818,56.435014430014434,61.0,31.0,,8140.8613,3466.5361,0.3623591652280145
Riverside,2005-03,0.3463636363636364,55.70381231671554,4.759736070381232,3541.2909090909093,1.4545454545454546,60.31055718475073,60.0,41.5,,6471.9946,4339.3817,0.103531190065147
Riverside,2005-04,0.2963636363636363,44.95454545454545,5.573333333333334,4012.927272727272,2.0,63.13963203463204,64.5,55.5,,3949.3719,2956.9086,0.0
Riverside,2005-05,0.1909090909090909,47.09090909090909,5.562815249266862,4138.690909090909,2.1818181818181817,70.61469659372885,74.0,57.0,,1830.0097,3578.5141,0.0517655950325735
Riverside,2005-06,0.0,46.690909090909095,5.787969696969697,4167.536363636364,2.1818181818181817,74.173,74.0,52.0,,1026.55,2341.0447,0.103531190065147
Riverside,2005-07,0.0,47.448680351906155,4.7443695014662755,3529.790909090909,0.0,79.2358064516129,73.0,58.5,,402.3023,3198.1452,0.0517655950325735
Riverside,2005-08,0.2099999999999999,51.71231671554253,4.5914105571847506,3406.372727272727,0.0,80.67277419354839,72.0,57.5,,404.4886,1730.8645,0.103531190065147
Riverside,2005-09,0.0554545454545454,44.49856459330144,4.487746411483254,3151.318181818182,0.3636363636363636,75.11177777777777,78.5,59.0,,855.5962,3858.772,0.207062380130294
Riverside,2005-10,0.4254545454545454,54.70025136154168,4.176793045664014,2986.4272727272723,0.1818181818181818,69.07885304659499,76.0,54.0,,2276.3488,5495.7612,0.517655950325735
Riverside,2005-11,0.0645454545454545,48.03333333333333,3.700030303030303,2664.090909090909,0.1818181818181818,62.56888888888889,79.0,56.0,,1633.5173,7615.2334,0.4658903552931615
Riverside,2005-12,0.1390909090909091,53.00027929060187,3.413854210305823,2445.0545454545454,0.0,54.63770609318996,97.0,54.0,,1598.0,12428.1761,0.3623591652280145
Riverside,2006-01,0.3454545454545454,47.75692407950473,4.339273378950798,3182.618181818182,0.4545454545454545,53.4858064516129,69.5,51.0,,1694.8466,9746.6264,0.3975412076308035
Riverside,2006-02,0.7427272727272727,41.83168831168831,4.316966233766234,2870.190909090909,0.3636363636363636,55.63811428571429,67.5,56.0,,3340.0769,3414.594,0.347848556676953
Riverside,2006-03,0.825,57.59032258064516,4.941548387096774,3676.5,0.5,56.91971198156682,59.0,36.0,,5812.092,3389.2986,0.1987706038154017
Riverside,2006-04,0.567,54.876666666666665,5.1504666666666665,3708.37,0.9,63.418666666666674,54.5,45.5,,6193.565,4543.3765,0.1987706038154017
Riverside,2006-05,0.1263636363636363,48.870784457478,5.060872434017596,3367.509090909091,0.3636363636363636,72.34323680351906,95.0,56.5,,6438.3429,3793.0213,0.0496926509538504
Riverside,2006-06,0.0,43.42299950503217,4.592709387104124,3129.318181818182,0.0,78.10551378446115,70.0,62.0,,1778.6811,2304.16,0.0496926509538504
Riverside,2006-07,0.0,47.83168927846347,4.733643131062486,3453.527272727273,0.1818181818181818,82.85956462891947,65.0,61.0,,820.3518,1303.7823,0.1490779528615513
Riverside,2006-08,0.0772727272727272,47.683284457478,4.300205278592376,2767.9363636363637,0.0,80.15102639296187,68.5,60.0,0.0,1039.975,3849.8323,0.347848556676953
Riverside,2006-09,0.1363636363636363,43.30712121212121,4.008978787878788,2790.890909090909,0.1818181818181818,76.31968181818182,68.0,63.0,0.0,1383.4688,3018.4811,0.1987706038154017
Riverside,2006-10,0.105,52.13682211313697,4.128328073866292,2924.37,0.1,68.24088066853669,65.0,52.0,96.32,1433.8999,4661.4288,0.4472338585846539
Riverside,2006-11,0.026,48.351851851851855,3.8084074074074072,2467.71,0.1,62.096666666666664,74.0,62.0,660.53,1638.0161,4039.7883,0.0993853019077008
Riverside,2006-12,4.943,47.82645161290323,3.936402150537634,2709.15,0.4,52.63391129032258,61.5,58.0,81.06,2215.4666,6501.7652,0.2484632547692521
Riverside,2007-01,0.102,42.292741935483875,4.746703225806451,3415.79,0.6,49.15189216144616,61.0,53.0,889.6,3661.9033,6776.9678,0.240942606025589
Riverside,2007-02,0.2845454545454545,50.53896103896104,4.636540404040404,2925.1454545454544,0.2727272727272727,54.658982683982686,61.5,53.0,52.26,2808.864,3814.3176,0.1445655636153534
Riverside,2007-03,0.1363636363636363,42.27996089931574,4.541964809384164,3379.081818181818,0.3636363636363636,60.36598240469208,68.0,30.0,1887.35,4551.6723,4774.3686,0.1927540848204712
Riverside,2007-04,0.2090909090909091,49.22121212121212,5.181757575757576,3731.0454545454545,0.2727272727272727,64.69787878787879,71.0,49.0,562.3,3191.041,3847.0261,0.0963770424102356
Riverside,2007-05,0.0027272727272727,45.48857725515123,5.234046920821114,3894.0454545454545,0.2727272727272727,71.2542521994135,76.0,58.0,1204.9,3200.0898,17968.6576,0.1927540848204712
Riverside,2007-06,0.0,41.92534435261708,4.643187878787878,3034.0363636363636,0.3636363636363636,76.3169696969697,72.0,62.0,221.3,1522.3663,1939.0937,0.1445655636153534
Riverside,2007-07,0.0009090909090909,51.47666034155598,4.162905775851078,2943.090909090909,0.0,81.30879765395895,66.5,69.5,1054.45,155.6258,1759.8618,0.1927540848204712
Riverside,2007-08,0.0081818181818181,49.18699902248289,4.203388074291301,2847.681818181818,0.0,82.06408602150537,67.0,61.0,86.57000000000001,2476.5434,1832.5336,0.1445655636153534
Riverside,2007-09,0.0618181818181818,48.47226107226107,4.1116293706293705,2821.418181818182,0.0,76.59750582750583,58.0,53.0,1551.15,1002.4255,2923.7557,0.2891311272307069
Riverside,2007-10,0.0309090909090909,44.77449691576499,4.171055718475073,3103.4,0.6363636363636364,67.55043988269794,66.0,58.0,348558.16000000003,1279.1298,6646.0894,0.2891311272307069
Riverside,2007-11,0.6799999999999999,51.658874458874465,3.151123376623376,2252.2363636363634,0.0,61.87125541125542,87.0,56.5,50.5,5693.156,13807.5777,0.240942606025589
Riverside,2007-12,0.2481818181818181,61.09010752688172,3.628387096774193,2454.109090909091,0.2727272727272727,51.76870967741936,55.0,40.0,7.7,5367.4159,10734.5393,0.0963770424102356
Riverside,2008-01,1.8527272727272728,60.50701444037474,3.5712127136467315,2216.763636363636,0.6363636363636364,50.67003465742469,59.0,31.0,9.06,4403.0248,5639.027,0.14219950400813
Riverside,2008-02,0.6136363636363636,60.47720016254499,3.7743900208986414,2576.6363636363635,0.3636363636363636,53.797831765935214,64.0,41.0,10.61,4836.9333,4058.925,0.1895993386775067
Riverside,2008-03,0.0281818181818181,47.82260878580527,4.6198269794721405,3426.4545454545455,0.9090909090909092,59.832326490713584,63.0,54.0,26.86,6329.678,2865.5388,0.14219950400813
Riverside,2008-04,0.0063636363636363,44.30367965367965,5.109090909090909,3678.290909090909,1.0,65.56121212121212,75.0,59.0,259.61,4091.0531,5435.0703,0.0947996693387533
Riverside,2008-05,0.2136363636363636,47.7926267281106,5.133838709677419,3806.909090909091,0.8181818181818182,70.23129032258065,71.0,50.0,567.8299999999999,3381.9221,9569.2133,0.14219950400813
Riverside,2008-06,0.0018181818181818,41.02121212121212,4.389636363636364,3160.6454545454544,0.2727272727272727,78.00454545454546,93.0,66.5,533.14,1514.5361,2060.5885,0.0473998346693766
Riverside,2008-07,0.019090909090909,51.39903373878624,4.426656891495601,3293.0636363636363,0.0,84.46989247311829,99.0,62.0,242.12,2391.3768,2698.8472,0.14219950400813
Riverside,2008-08,0.0136363636363636,52.40096465503936,4.2025587843241805,3035.9636363636364,0.0909090909090909,84.74195698924731,70.0,57.0,385.99,3100.9375,5528.7192,0.3791986773550134
Riverside,2008-09,0.0445454545454545,46.809090909090905,3.787030303030303,2726.872727272727,0.0,81.41952380952381,68.0,53.0,324.56,2209.8561,3853.6662,0.14219950400813
Riverside,2008-10,0.0245454545454545,36.1218963831867,3.881516129032258,2879.2000000000003,0.2727272727272727,72.01935483870967,62.0,61.0,806.5600000000001,1804.7582,7073.6916,0.3317988426856367
Riverside,2008-11,0.289090909090909,49.14472309299895,3.464787878787879,2439.0636363636363,0.0,64.85333333333334,61.0,58.0,30386.050000000003,2107.1419,11105.9202,0.28439900801626
Riverside,2008-12,0.9454545454545452,63.526186120969214,3.257704301075269,2195.4,0.0,54.998225806451615,58.0,39.0,10.68,5867.1762,10792.0933,0.14219950400813
Riverside,2009-01,0.0727272727272727,45.83790322580645,3.7155483870967743,2513.127272727273,0.0909090909090909,53.75064516129032,58.0,44.0,24.61,7615.7181,4103.5148,0.3260780957039211
Riverside,2009-02,0.9145454545454546,59.81607142857143,3.435928571428571,2099.2636363636366,0.0,54.723571428571425,55.0,35.5,29.26,7118.3607,2630.1878,0.0465825851005601
Riverside,2009-03,0.0672727272727272,48.019354838709674,4.070225806451613,2752.8636363636365,0.1818181818181818,61.118064516129024,63.0,52.0,105.76,5741.0427,4059.4273,0.3260780957039211
Riverside,2009-04,0.0990909090909091,45.67333333333333,4.712133333333333,3084.218181818182,0.3636363636363636,66.58566666666665,64.0,55.5,256.32,3954.1744,7854.687,0.2329129255028007
Riverside,2009-05,0.07,47.72903225806452,4.0811935483870965,2760.6454545454544,0.2727272727272727,75.0141935483871,85.0,55.0,913.48,4916.1831,3024.395,0.2794955106033609
Riverside,2009-06,0.01,50.63230769230769,4.2866,2805.890909090909,0.3636363636363636,76.16766666666666,69.5,56.0,258.2,2006.3643,1403.173,0.2794955106033609
Riverside,2009-07,0.0009090909090909,41.67157054415119,3.9212197241229494,2874.518181818182,0.0,77.1508800512196,74.0,72.0,910.29,4037.3694,1260.1247,0.3260780957039211
Riverside,2009-08,0.0018181818181818,41.85741733238952,3.7523753665689146,2791.9454545454546,0.0909090909090909,58.88181818181818,80.0,55.0,2176.73,1559.1391,471.6889,0.3260780957039211
Riverside,2009-09,0.0109090909090909,41.15684430512017,3.5754242424242424,2574.2636363636366,0.0,71.51818181818182,76.5,56.0,1026.25,1465.5666,292.6675,0.3726606808044812
Riverside,2009-10,0.03,43.87096774193549,3.7071260997067457,2758.0545454545454,0.7272727272727273,69.49442815249267,62.0,53.0,157.65,10.7557,306.1603,0.5124084361061617
Riverside,2009-11,6.534545454545454,45.088154269972456,3.0333833992094856,2150.818181818182,0.0909090909090909,61.92071146245059,73.0,53.5,69.82,9.8577,32.5,0.1863303404022406
Riverside,2009-12,0.4890909090909091,58.26409141470321,3.3884944888259683,2361.8272727272724,0.0909090909090909,53.78884012539185,69.0,35.0,14.03,222.0807,49.5,0.3260780957039211
Riverside,2010-01,1.6783333333333337,58.49512768817204,3.4966437381404174,2342.4416666666666,0.3333333333333333,53.48629032258065,72.0,31.0,26.22,6807.5327,191.6565,0.2727406618143072
Riverside,2010-02,0.8166666666666665,61.49675324675325,4.001753246753247,2465.1,0.25,56.72857142857143,63.0,30.0,0.91,9200.7416,3183.2156,0.1818271078762048
Riverside,2010-03,0.1725,47.3484404158891,4.898941615569182,3079.441666666667,0.5833333333333334,59.63620367901893,61.0,39.0,10.05,5532.5723,1871.1805,0.2727406618143072
Riverside,2010-04,0.4072727272727272,46.927126436781606,5.227451724137931,3393.618181818182,1.3636363636363635,64.78622988505747,63.5,52.5,21.52,3300.8993,1917.3009,0.1818271078762048
Riverside,2010-05,0.0254545454545454,42.20645161290322,5.379354838709678,3638.3363636363633,1.0,69.83967741935484,64.0,48.0,2251.85,3013.4149,3437.3101,0.1818271078762048
Riverside,2010-06,0.0154545454545454,43.68,4.8874,3198.9545454545455,0.3636363636363636,75.89733333333334,87.0,51.0,445.39,2938.4603,1227.3599,0.227283884845256
Riverside,2010-07,0.2854545454545454,46.3537017029377,4.655801769820446,3292.881818181818,0.0,79.50861929996056,83.0,49.0,1637.23,1464.3499,9350.1258,0.2727406618143072
Riverside,2010-08,0.0981818181818181,40.577712609970675,4.436510263929619,3300.8,0.0,81.37838709677419,77.0,64.0,2800.3799999999997,3353.9934,4121.4572,0.4091109927214608
Riverside,2010-09,0.0636363636363636,39.24545454545454,4.048878787878788,2915.327272727273,0.0,77.83033333333334,79.5,61.5,1311.6699999999998,5510.6324,24577.0539,0.454567769690512
Riverside,2010-10,0.4836363636363636,56.328445747800586,3.913020527859238,2911.2272727272725,0.0,58.694545454545455,78.0,49.0,74.79,2036.2222,3009.518,0.4091109927214608
Riverside,2010-11,0.4281818181818181,48.10292580982236,4.150575757575758,2988.390909090909,0.1818181818181818,59.188787878787885,60.5,51.0,69.35,4542.2458,3990.2545,0.5454813236286145
Riverside,2010-12,3.3263636363636366,63.50251000390044,3.390140560218424,2501.8636363636365,0.1818181818181818,54.773364344220845,71.0,33.0,43.0,10475.0562,4507.4553,0.3636542157524097
Riverside,2011-01,0.1818181818181818,50.80420332355816,3.6172140762463343,2691.072727272727,0.0909090909090909,41.51044439431536,66.0,44.0,27.86,10922.0294,966.1823,0.4044084111557408
Riverside,2011-02,1.2254545454545456,51.46082251082251,4.23643722943723,2722.281818181818,0.1818181818181818,42.23584415584416,61.5,42.5,7.92,7551.6641,721.8904,0.1348028037185802
Riverside,2011-03,0.6445454545454545,52.522098628105304,4.454926686217009,3293.2454545454543,0.7272727272727273,50.16814642532106,71.0,53.0,13.53,6085.6016,960.0694,0.2246713395309671
Riverside,2011-04,0.0818181818181818,47.877220480668754,5.402454545454545,3889.8363636363633,1.7272727272727273,66.90744444444445,67.5,55.0,43.629999999999995,2599.6282,5325.5862,0.2696056074371605
Riverside,2011-05,0.0972727272727272,44.830862815345576,5.754277480028314,4243.854545454546,2.4545454545454546,69.25335148722246,67.0,59.0,242.15,3631.3551,44450.549,0.314539875343354
Riverside,2011-06,0.07,42.80608382677348,4.944454545454545,3559.8636363636365,0.1818181818181818,74.37121212121212,78.0,57.5,1298.25,2097.5476,24721.0553,0.1348028037185802
Riverside,2011-07,0.1936363636363636,44.75874125874125,4.584918790886532,3379.090909090909,0.0,79.62061711079944,84.0,58.0,15129.52,6524.725,20458.3758,0.1348028037185802
Riverside,2011-08,0.05,41.146627565982406,4.072991202346041,3030.4,0.0,81.64580645161291,90.0,59.0,2215.52,2587.2225,5213.35,0.1348028037185802
Riverside,2011-09,0.1381818181818181,45.11012759170654,3.9331291866028706,2747.1181818181817,0.0,77.73212719298246,98.0,61.5,1491.53,1563.1285,3652.0938,0.3594741432495474
Riverside,2011-10,0.1669999999999999,42.082142857142856,4.033870967741935,3001.19,0.6,70.81258064516129,85.0,60.0,2280.0899999999997,1735.8692,3488.3876,0.314539875343354
Riverside,2011-11,0.5499999999999999,54.82666666666667,3.6858333333333335,2653.73,0.0,59.403,65.0,37.0,36.21,2705.8944,1807.8105,0.3594741432495474
Riverside,2011-12,0.356,47.81612903225807,4.0243548387096775,2994.31,0.6,51.03354838709677,70.0,42.0,21.52,3958.1887,1634.1657,0.4493426790619343
Riverside,2012-01,0.195,41.99354838709677,3.8603225806451618,2872.01,0.2,52.05225806451613,71.0,52.0,49.58,6142.379,6023.074,0.178119688415229
Riverside,2012-02,0.334,47.5634236453202,4.323906403940887,2997.23,0.2,54.83995073891625,64.0,44.0,26.04,21217.9181,3453.4823,0.2226496105190363
Riverside,2012-03,0.5549999999999999,45.37741935483871,4.814548387096774,3582.0199999999995,1.3,59.36903225806452,91.0,45.0,19.55,4536.3973,9767.5303,0.0890598442076145
Riverside,2012-04,0.411,41.63666666666667,5.0343,3624.8,0.9,66.206,63.5,46.0,45.4,3831.9529,14289.8065,0.0890598442076145
Riverside,2012-05,0.1359999999999999,40.752580645161295,5.188225806451613,3860.05,0.8,72.9790322580645,80.0,63.0,5980.84,5265.769,23351.0866,0.2671795326228435
Riverside,2012-06,0.061,38.837816091954025,4.889433333333334,3520.35,0.3,76.63300000000001,76.5,63.0,4287.9,7073.8704,87971.7048,0.178119688415229
Riverside,2012-07,0.242,45.33870967741935,4.461774193548387,3319.59,0.0,79.3583870967742,75.0,56.0,1523.89,6212.4797,22289.2697,0.0890598442076145
Riverside,2012-08,0.211,48.41935483870968,4.30458064516129,3202.5699999999997,0.0,82.06677419354838,79.0,58.0,29589.45,2995.5184,52325.2396,0.2226496105190363
Riverside,2012-09,0.043,41.66666666666667,3.9984333333333337,2878.99,0.0,79.777,78.0,62.5,3209.62,1603.3582,20932.2883,0.4452992210380727
Riverside,2012-10,0.076,44.46697388632872,4.030029185867895,2888.9700000000003,0.0,71.2695084485407,75.0,56.0,46.7,1849.723,5772.1887,0.2226496105190363
Riverside,2012-11,0.1272727272727272,49.58787878787879,3.57560606060606,2574.2090909090907,0.0909090909090909,61.876666666666665,77.5,59.0,128.79,3847.1551,2011.3619,0.2671795326228435
Riverside,2012-12,0.85,59.74863845831589,3.4524046920821116,2568.3999999999996,0.1818181818181818,56.137829912023456,75.0,32.0,13.69,3708.2667,2376.9457,0.2226496105190363
Riverside,2013-01,0.3909090909090909,43.42854349951124,4.172932551319648,3104.4636363636364,0.1818181818181818,50.47214076246335,58.0,40.0,43.95,5810.0514,1398.8014,0.0441636031847257
Riverside,2013-02,0.3063636363636364,45.91558441558441,4.36724025974026,2935.0545454545454,0.3636363636363636,53.63344155844156,61.5,40.5,426.32,6496.6551,1430.0117,0.0883272063694515
Riverside,2013-03,0.3954545454545454,45.17595307917889,4.493841642228738,3343.2636363636366,0.0909090909090909,60.87600364040853,77.0,52.0,29.06,15270.979,13409.9833,0.0883272063694515
Riverside,2013-04,0.0666666666666666,41.07194444444445,5.253069444444445,3637.9666666666662,1.4166666666666667,65.65777777777778,69.5,59.0,263.75,4335.6477,39290.3666,0.0883272063694515
Riverside,2013-05,0.26,45.46820846932082,5.253282523927685,3668.9,0.3076923076923077,70.80989010989012,67.0,54.0,9778.02,4221.0512,32409.113,0.2208180159236287
Riverside,2013-06,0.0207692307692307,43.75384615384615,4.682333333333333,3371.4384615384615,0.0,75.72128205128205,81.0,53.0,743.4100000000001,2752.929,13137.2398,0.2208180159236287
Riverside,2013-07,0.1992307692307692,47.004608294930875,4.452429853025387,3270.992307692308,0.0,79.80917292718405,72.0,54.0,35135.67,7842.7961,25429.3455,0.0441636031847257
Riverside,2013-08,0.2269230769230769,44.12903225806451,4.345558312655087,3233.3153846153846,0.0,78.55980148883374,74.0,59.0,20720.09,3337.5559,4460.6544,0.1324908095541772
Riverside,2013-09,0.0584615384615384,42.7172919034988,4.276897435897435,3079.4384615384615,0.0,77.24435897435897,65.0,64.5,272.61,2057.3343,2615.8041,0.1324908095541772
Riverside,2013-10,0.1930769230769231,43.55831265508685,4.248684863523573,3161.0692307692307,0.6923076923076923,66.78411910669975,72.0,60.0,382.86,2049.3261,6460.5715,0.0883272063694515
Riverside,2013-11,0.3261538461538462,51.416524216524216,3.864039886039886,2766.1923076923076,0.1538461538461538,60.50678062678063,63.5,48.0,26.14,1989.7884,1745.8378,0.2649816191083545
Riverside,2013-12,0.1469230769230769,44.19106699751861,4.1446401985111665,3083.6846153846154,0.2307692307692307,53.06401985111662,62.0,50.0,13.7,5206.7113,2297.1645,0.0883272063694515
Riverside,2014-01,0.0176923076923076,37.163771712158805,3.7432506203473945,2784.8999999999996,0.3076923076923077,53.24739454094293,72.0,69.0,64.25,6363.3954,3948.314,0.1311898658452432
Riverside,2014-02,0.7923076923076924,50.61388611388611,3.815931568431568,2516.5538461538463,0.1538461538461538,57.19822677322678,80.5,58.0,29.58,6253.2063,10293.9126,0.2623797316904864
Riverside,2014-03,0.4692307692307693,47.238042269187986,4.635216907675194,3431.107692307693,0.3076923076923077,61.58140669119534,64.0,62.0,477.96,5505.0887,20835.0047,0.0874599105634954
Riverside,2014-04,0.2253846153846154,41.24387464387465,5.166410256410256,3719.93076923077,1.0769230769230769,65.98307692307694,66.0,59.5,253.48,4498.5935,34423.222,0.1311898658452432
Riverside,2014-05,0.0069230769230769,40.52807434271454,5.520561529271206,4076.06923076923,1.0769230769230769,70.57431302270012,71.0,68.0,780.72,4128.7684,39158.844,0.1311898658452432
Riverside,2014-06,0.0076923076923076,40.14020588606796,5.055974358974359,3610.707692307692,0.2307692307692307,75.80028438228439,77.0,77.5,217.67,1741.6001,54699.1652,0.0437299552817477
Riverside,2014-07,0.0461538461538461,43.987899660591545,4.866301695616212,3557.2153846153847,0.0769230769230769,80.08185992873958,72.0,59.0,481.84,4459.0325,38255.017,0.0874599105634954
Riverside,2014-08,0.556923076923077,48.34996455157746,5.116827129859388,3782.146153846154,0.8461538461538461,78.93091627607757,68.0,55.0,58.99,5703.8685,8821.1066,0.0874599105634954
Riverside,2014-09,0.3446153846153846,48.0393251188344,4.9335641025641035,3552.0692307692307,0.8461538461538461,78.57461538461538,69.0,56.5,41.95,4914.8153,9976.3392,0.2186497764087386
Riverside,2014-10,0.0069230769230769,48.33498759305211,3.5269571960297768,2530.730769230769,0.0,72.27360421836228,78.0,64.0,27.27,5508.8574,14531.6351,0.1749198211269909
Riverside,2014-11,0.1608333333333333,47.455263157894734,4.143194444444444,2913.116666666667,0.25,61.98744152046783,62.0,53.5,122.89,4300.2349,11890.8312,0.0874599105634954
Riverside,2014-12,1.8241666666666667,67.72954331973799,3.697455837173579,2730.9833333333336,0.25,56.69031298003072,74.0,39.0,6.76,6857.8952,16560.6307,0.2186497764087386
Riverside,2015-01,0.3007692307692308,55.19930121787741,3.7746253101736977,2678.4692307692308,0.1538461538461538,53.75188585607941,80.0,44.0,9.98,7282.5955,9790.655,0.0865997683456196
Riverside,2015-02,0.3238461538461538,53.6537365768135,3.973901098901099,2670.4538461538464,0.1538461538461538,58.63076923076923,74.0,54.5,15.28,7939.6287,19155.9372,0.3463990733824786
Riverside,2015-03,0.3576923076923076,44.36136936848839,4.254083658277207,3139.5,0.0,62.18683091102446,65.0,49.0,31.67,10898.575,35298.6028,0.1298996525184295
Riverside,2015-04,0.0923076923076923,43.52864721485411,5.187333333333333,3734.93076923077,0.2307692307692307,65.55025641025641,67.5,60.0,1363.95,5697.5856,27630.4138,0.259799305036859
Riverside,2015-05,0.5307692307692308,54.792408129504906,5.397493796526055,4015.7461538461544,0.6923076923076923,68.58436724565757,64.0,58.0,44.32,4486.9685,41830.1829,0.0432998841728098
Riverside,2015-06,0.0684615384615384,43.092732510423666,4.813899204244032,3460.4076923076927,0.0,76.23752810407983,77.5,61.5,330.49,1194.4026,50482.5586,0.3030991892096688
Riverside,2015-07,0.4723076923076922,47.86508873301891,4.88667493796526,3635.776923076923,0.0,78.97096774193548,73.0,60.0,595.84,4481.1663,14133.5997,0.3030991892096688
Riverside,2015-08,0.0307692307692307,40.80301311591634,4.348064516129032,3235.0,0.0,80.5952853598015,77.0,59.0,1261.52,2069.631,8190.4871,0.3463990733824786
Riverside,2015-09,0.3946153846153846,45.92362637362638,4.079128205128205,2937.076923076923,0.0,78.68461538461538,69.0,53.5,31.55,4777.3371,16102.4849,0.3030991892096688
Riverside,2015-10,0.2007692307692307,48.9152955398613,4.131538461538462,3073.8,0.2307692307692307,72.77593052109181,62.0,47.0,81.02000000000001,3818.6073,7878.514,0.1298996525184295
Riverside,2015-11,0.1253846153846154,42.215384615384615,4.227384615384616,3043.5923076923073,0.3846153846153846,59.22179487179487,55.5,49.5,9.6,4049.7799,9258.9403,0.0432998841728098
Riverside,2015-12,0.3153846153846154,47.825310173697275,4.070992555831266,3028.8153846153846,0.6923076923076923,51.790669975186105,64.0,50.0,12.98,3473.938,15379.5241,0.1731995366912393
Riverside,2016-01,1.3015384615384618,60.90570719602977,3.638064516129032,2706.8153846153846,0.5384615384615384,51.479842845326715,67.0,44.0,126.12,5472.1472,19067.1236,0.1284030005213161
Riverside,2016-02,0.0815384615384615,37.27246700825412,4.1442175066313,2884.2384615384613,0.3846153846153846,56.19787798408488,57.0,53.0,13.79,4822.5218,13081.2943,0.0856020003475441
Riverside,2016-03,0.3538461538461538,45.69009841646588,4.561464019851116,3393.5923076923073,0.5384615384615384,62.09429280397023,58.0,52.0,29.36,9291.9994,6036.9843,0.2140050008688603
Riverside,2016-04,0.24,44.03631766111872,5.019923076923077,3614.415384615385,1.1538461538461535,65.54153846153847,59.5,52.5,26.77,9434.487,20522.6578,0.2568060010426323
Riverside,2016-05,0.1630769230769231,51.258772401433696,5.436158441319732,4014.976923076923,0.5384615384615384,70.3108262108262,69.0,49.0,116.97,2932.0786,15536.1243,0.1712040006950882
Riverside,2016-06,0.0346153846153846,41.63022013844295,4.579076923076923,3296.9615384615386,0.0,77.7148717948718,73.0,62.0,7977.73,1110.0186,75863.2701,0.1712040006950882
Riverside,2016-07,0.1061538461538461,40.91761786600496,4.8807344913151365,3621.553846153846,0.0,81.01630272952853,67.0,60.0,478.11,1884.5939,16761.4995,0.2140050008688603
Riverside,2016-08,0.0915384615384615,44.16728273580331,4.560272952853598,3383.5,0.0,81.32995037220843,68.0,60.0,1762.9899999999998,2275.6799,7612.9501,0.2568060010426323
Riverside,2016-09,0.1653846153846154,45.07926613616269,4.56936516357206,3103.138461538462,0.0769230769230769,75.3634792219275,67.5,62.0,37.57,3786.8656,22411.2592,0.3424080013901765
Riverside,2016-10,0.1776923076923077,52.13504626630322,4.006600496277915,2296.507692307692,0.0,69.60223325062034,62.0,56.0,80.25,3563.3463,7595.6606,0.1712040006950882
Riverside,2016-11,0.3807692307692308,46.03178111798801,3.8875207780725023,2792.723076923077,0.5384615384615384,62.17273209549072,62.5,53.0,51.77,4315.5609,23533.7778,0.1712040006950882
Riverside,2016-12,1.6238461538461535,56.105151580537274,3.994798593879239,2578.5384615384614,0.9230769230769232,53.45029569892473,65.0,36.0,7.23,5634.079,10194.6515,0.5564130022590368
Riverside,2017-01,1.7676923076923077,60.12272834692189,4.2260722169932405,2833.2846153846153,0.4615384615384615,51.782786001540174,55.0,24.0,4.29,7441.7181,14552.4757,0.3383417784851
Riverside,2017-02,1.1576923076923078,67.2343461381923,3.846401098901099,2584.507692307692,0.0769230769230769,56.21451973951974,59.5,34.5,12.15,6688.025,11463.3693,0.3383417784851
Riverside,2017-03,0.0538461538461538,48.35210062462565,4.547925044921708,3367.5307692307692,0.6923076923076923,61.7792241214762,61.0,51.0,28.209999999999997,7778.1942,12001.3608,0.16917088924255
Riverside,2017-04,0.0046153846153846,42.35137850655092,4.959356643356643,3448.4692307692308,0.6153846153846154,65.85,61.0,51.5,1534.92,5955.43,9908.8735,0.1268781669319125
Riverside,2017-05,0.2076923076923077,48.90343116283049,5.298794753633463,3860.369230769231,0.7692307692307693,70.11272598369372,65.0,53.0,2477.69,3284.7061,18430.5449,0.084585444621275
Riverside,2017-06,0.003076923076923,41.87666175459279,4.85625641025641,3431.4384615384615,0.2307692307692307,77.55456137879216,70.5,56.0,6937.3099999999995,1141.6078,57106.1782,0.3806345007957376
Riverside,2017-07,0.033076923076923,44.80301118051396,4.597795698924731,3357.3076923076924,0.0,82.59665620590668,74.0,60.0,1485.06,1666.9592,20985.2885,0.253756333863825
Riverside,2017-08,0.1046153846153846,46.780027258614574,4.410094977325233,3262.5461538461536,0.0,82.02590485154445,73.0,58.0,2973.47,2528.693,14707.1796,0.8035617239021127
Riverside,2017-09,0.1630769230769231,50.04915021121918,4.572563597322218,3264.7,0.2307692307692307,77.03754375254375,66.0,51.0,3980.37,3248.0693,7359.4439,0.5920981123489252
Riverside,2017-10,0.0023076923076923,40.46104039709756,4.1830264681555,3096.3230769230768,0.1538461538461538,68.80052050100437,65.0,63.0,315.05,2444.1627,15118.6221,0.9304398908340252
Riverside,2017-11,0.0269230769230769,54.36350605915823,3.372878205128205,2360.6153846153848,0.1538461538461538,63.026411794102955,67.5,56.5,183.36,4243.5054,10042.9721,0.7189762792808376
Riverside,2017-12,0.0276923076923076,32.603469037166306,3.8014484375756905,2657.7615384615387,0.5384615384615384,54.11992519069939,70.0,73.0,4373.24,2595.1255,7021.8814,0.9727326131446627
Riverside,2018-01,1.1876923076923078,47.27886247547838,3.7714229133149737,2615.223076923077,0.3076923076923077,54.50020785046219,67.0,46.0,22.04,5725.3333,5273.4693,0.6700338660242159
Riverside,2018-02,0.2715384615384615,43.57855550246855,4.284689349112426,2863.992307692308,0.2307692307692307,55.308362637362634,58.5,48.0,132.01,7598.8958,3110.2665,0.6281567493977024
Riverside,2018-03,0.9746153846153848,49.78792370032637,4.617791563275434,3435.5307692307692,0.3846153846153846,58.63497932175351,51.0,30.0,14.64,6004.7648,2632.8504,0.4187711662651349
Riverside,2018-04,0.1084615384615384,41.53618000037098,5.319353400222965,3777.415384615385,0.9230769230769232,65.92432552954291,64.0,50.5,171.14,6084.0613,3698.2101,0.5444025161446754
Riverside,2018-05,0.1225,49.70752688172043,5.5408064516129025,4122.608333333334,0.9166666666666666,69.38274935113088,62.0,51.0,1498.47,4064.818,15228.5068,0.5862796327711889
Riverside,2018-06,0.0566666666666666,44.814957264957265,4.821655982905983,3386.275,0.0833333333333333,75.32679045092839,71.0,58.5,549.1800000000001,1975.6056,101133.1439,0.5444025161446754
Riverside,2018-07,0.0775,44.82731109114591,4.652545078577337,3229.7333333333336,0.0,80.84912882785241,68.0,56.0,2570.04,2690.9781,59836.0774,0.4606482828916484
Riverside,2018-08,0.0974999999999999,46.75537634408602,4.561935483870967,3394.066666666666,0.0,82.27688172043011,72.0,58.0,190.92,3621.179,10384.3468,0.5025253995181619
Riverside,2018-09,0.085,46.37021072796935,4.046333333333333,2913.4500000000003,0.0,77.52055555555556,68.5,59.5,98.59,2194.2305,27332.7454,0.3768940496386214
Riverside,2018-10,0.805,51.37123655913979,4.1483602150537635,3086.0416666666665,0.0833333333333333,69.81077956989247,58.0,49.0,19.08,4333.7084,8193.4536,0.5444025161446754
Riverside,2018-11,0.4983333333333333,45.21666666666667,3.710777777777778,2671.85,0.25,59.90272727272727,68.0,54.5,135.92,5309.5652,6834.2437,0.4606482828916484
Riverside,2018-12,0.8283333333333333,59.83691756272401,3.4621630824372764,2571.1,0.0833333333333333,53.592033235581624,67.0,34.0,7.32,3251.356,7306.172,0.2093855831325674
Riverside,2019-01,1.6783333333333337,60.47455197132617,3.72239247311828,2769.433333333333,0.4166666666666667,51.530731115380725,56.0,26.0,12.9,6970.2813,4730.5933,0.5824618248279346
Riverside,2019-02,2.3533333333333335,61.960978835978835,4.262495590828924,2856.9,0.0,52.06832039337474,52.5,25.0,6.58,12466.4124,7026.8893,0.4992529927096581
Riverside,2019-03,0.6216666666666667,54.58548387096774,4.54853853046595,3374.975,0.0833333333333333,58.66215554159103,53.0,35.0,617.35,16216.6952,14796.63,0.7904839051236254
Riverside,2019-04,0.1149999999999999,47.00684333759046,5.273248084291188,3788.5166666666664,0.6666666666666666,65.62506704980844,54.5,52.5,114.93,17443.0382,10134.5907,0.4160441605913818
Riverside,2019-05,0.4541666666666666,54.17216042516376,5.6120698924731185,4175.391666666666,1.5833333333333333,68.49677419354839,55.0,44.0,206.51,8403.7081,37706.3909,0.3744397445322436
Riverside,2019-06,0.0508333333333333,49.178591954022984,4.963138888888889,3573.308333333333,0.4166666666666667,74.96,66.5,47.5,982.77,1928.3572,138989.1542,0.8320883211827637
Riverside,2019-07,0.0358333333333333,42.15322580645161,4.586317204301075,3412.1749999999997,0.0,79.00303379416282,63.0,56.0,766.11,2243.4208,50644.8065,0.4992529927096581
Riverside,2019-08,0.03,39.13172043010753,4.4743010752688175,3328.866666666667,0.0,79.6266129032258,60.0,55.0,449.84,2050.1934,22995.5647,0.8320883211827637
Riverside,2019-09,0.1483333333333333,45.69166666666666,4.556527777777778,3280.6499999999996,0.0,76.9211111111111,59.0,57.5,1030.83,3547.8962,5756.0984,1.2897368978332835
Riverside,2019-10,0.0066666666666666,33.244623655913976,4.380994623655914,3259.316666666667,0.1666666666666666,66.51209677419355,61.0,63.0,1695.51,4179.5323,22205.7037,2.1634296350751856
Riverside,2019-11,1.54,46.24814814814815,3.719175925925926,2601.008333333333,0.0,59.336481481481485,67.0,63.5,87.48,4144.4717,8503.6681,2.205034051134324
Riverside,2019-12,1.835,65.66720430107527,3.6231908602150535,2395.375,0.1666666666666666,52.92055858120374,59.0,26.0,5.86,7107.9439,15072.5197,1.5809678102472509
Riverside,2020-01,0.1633333333333333,55.73131720430107,3.621838037634408,2542.0,0.1666666666666666,51.321068548387096,66.0,40.0,0.05,15386.8626,31229.027,1.3233010571934851
Riverside,2020-02,0.2741666666666666,44.66517667092379,4.286494252873563,2983.3250000000003,0.9166666666666666,53.70852873563218,59.0,52.0,0.0,8429.6674,10599.7173,0.9511226348578176
Riverside,2020-03,2.733333333333333,60.38995542551305,4.285215053763441,3188.1666666666665,0.25,58.32655588139459,38.0,23.0,0.0,17886.1981,18607.8007,0.4962378964475569
Riverside,2020-04,1.468333333333333,55.96123882503193,4.338638888888889,3123.9583333333335,0.0833333333333333,63.71969696969697,53.5,34.5,0.0,13820.7119,12776.2339,0.5375910544848533
Riverside,2020-05,0.0708333333333333,45.17636262513904,4.693347670250897,3486.3916666666664,0.0833333333333333,73.36264907135875,61.0,54.0,0.2,8895.8713,118043.5662,0.3308252642983713
Riverside,2020-06,0.1658333333333333,45.31953941120608,5.215944444444444,3755.3416666666662,0.8333333333333334,75.42151515151515,62.0,55.0,11.3,4956.6872,122825.5524,1.075182108969707
Riverside,2020-07,0.0575,38.42965949820789,4.675618279569893,3478.616666666667,0.0833333333333333,78.96715542521994,63.0,57.0,107.18,3666.9635,44431.3532,0.8270631607459283
Riverside,2020-08,0.0533333333333333,41.099030478557246,4.495215053763441,3344.308333333334,0.0833333333333333,81.16950146627566,66.0,54.0,0.1,2291.0549,12065.29,1.3233010571934851
Riverside,2020-09,0.315,35.97442528735632,3.810333333333334,2743.4,0.3333333333333333,76.93545454545455,73.5,64.5,0.0,2738.9484,9978.2927,1.4473605313053746
Riverside,2020-10,0.3683333333333333,38.3584229390681,3.781236559139785,2510.8416666666667,0.3333333333333333,71.00279290601871,81.0,70.0,1.1,5498.9859,11396.4211,1.5300668473799672
Riverside,2020-11,0.1608333333333333,41.01010101010101,3.6239393939393936,2177.891666666667,0.0,59.7139393939394,76.0,56.0,0.0,7652.2413,18312.1412,1.5300668473799672
Riverside,2020-12,0.395,37.13820989370906,3.643559850451118,2418.558333333333,0.0833333333333333,52.15715741255716,65.0,51.0,0.0,8810.6713,22021.8605,1.5300668473799672
Riverside,2021-01,1.0475,50.889751840669526,3.743817204301075,2785.2833333333333,0.25,51.101075268817205,54.0,36.0,6.28,16250.8711,26265.9373,1.9382738145806029
Riverside,2021-02,0.0625,45.5625,4.07172619047619,2736.308333333333,0.1666666666666666,53.51517857142857,63.0,42.5,13.3,11155.2731,8454.7214,1.690834604208611
Riverside,2021-03,0.7316666666666666,49.562455197132614,4.741021505376344,3527.3916666666664,0.4166666666666667,56.045062724014336,58.0,36.0,9.66,9455.1345,11581.8609,1.4021555254412872
Riverside,2021-04,0.0558333333333333,43.987452107279694,5.1465,3705.5833333333335,0.5833333333333334,64.74972222222222,62.0,55.5,114.73,14358.3759,24505.3971,1.9795136829759348
Riverside,2021-05,0.0116666666666666,48.77349661489446,5.2948655913978495,3939.508333333333,0.8333333333333334,70.43924731182796,66.0,56.0,5539.66,2968.8452,75846.7991,1.525875130627283
Riverside,2021-06,0.0825,41.964087301587305,4.706944444444445,3389.183333333333,0.0,76.99972222222222,62.5,56.0,1322.48,810.6326,218522.6545,1.1547163150692954
Riverside,2021-07,0.3983333333333334,44.30254154447703,4.5573118279569895,3390.6749999999997,0.0,81.61916567104738,63.0,54.0,439.97,1087.2718,31395.5382,1.6495947358132792
Riverside,2021-08,0.0883333333333333,44.38781362007168,4.431182795698924,3297.025,0.0,80.4186559139785,64.0,54.0,878.28,525.2553,12678.7718,1.6495947358132792
Riverside,2021-09,0.0866666666666666,45.480555555555554,4.119055555555556,2965.633333333333,0.0,77.13694444444444,67.5,56.0,139.48,2744.7076,7676.8429,1.525875130627283
Riverside,2021-10,0.4125,47.05750768049155,4.116182795698925,3062.4666666666667,0.0,66.48850806451613,60.0,51.0,10.85,3204.5217,8650.662,1.690834604208611
Riverside,2021-11,0.0083333333333333,44.16201423097974,3.6127777777777776,2600.9666666666667,0.0,61.7953373015873,81.5,62.0,14.04,3311.8631,20753.0744,0.9072771046973036
Riverside,2021-12,2.1241666666666665,61.28611111111112,3.557930107526882,2646.975,0.1666666666666666,54.34371945259042,72.0,46.0,4.08,4810.0443,14395.5672,1.690834604208611
Riverside,2022-01,0.0566666666666666,42.76612903225807,3.6531451612903223,2717.9083333333333,0.3333333333333333,52.31497695852534,59.0,40.0,56.0,7312.1945,10326.4758,0.9860847013889004
Riverside,2022-02,0.2358333333333333,35.535714285714285,4.715595238095238,3168.8250000000003,0.5,52.69642857142858,44.0,44.0,190.0,8386.4108,8894.6193,1.1504321516203837
Riverside,2022-03,0.4683333333333333,41.483870967741936,4.787526881720431,3562.1583333333333,0.3333333333333333,58.402688172043014,58.0,45.0,72.0,6809.9161,19671.3493,0.9039109762731584
Riverside,2022-04,0.1016666666666666,43.45143754181111,4.9999722222222225,3599.983333333333,0.6666666666666666,65.94,61.5,52.0,290.0,4861.0784,10553.6988,1.4380401895254795
Riverside,2022-05,0.0316666666666666,45.29569892473118,5.215913978494624,3880.6083333333336,1.25,70.97768817204302,66.0,60.0,1230.0,1715.8757,31987.6411,1.6845613648727047
Riverside,2022-06,0.1008333333333333,39.020593869731805,5.08225,3659.2083333333335,0.0,77.225,63.0,69.0,1795.0,1138.6828,40182.9168,1.1504321516203837
Riverside,2022-07,0.0499999999999999,42.373655913978496,4.7908333333333335,3564.316666666667,0.0,80.86344086021505,58.0,55.0,60862.0,1073.241,33275.6985,1.4791270520833506
Riverside,2022-08,0.3366666666666666,45.81701890989989,4.49986559139785,3347.9083333333333,0.0,81.80322580645161,60.0,64.0,4944.0,1035.5237,14737.5367,1.314779601851867
Riverside,2022-09,0.6008333333333333,49.71580459770115,4.132083333333333,2975.0166666666664,0.0,79.76388888888889,57.5,51.0,142470.0,3486.8561,7911.6262,1.1504321516203837
Riverside,2022-10,0.4033333333333333,54.02141268075639,3.769758064516129,2804.725,0.0833333333333333,71.84220430107527,63.0,51.0,76836.0,4866.2921,13804.0288,1.1915190141782543
Riverside,2022-11,0.8250000000000001,44.12222222222223,4.1626666666666665,2996.9833333333336,0.4166666666666667,58.442777777777785,54.5,45.5,150.0,2751.9009,6128.8652,0.9449978388310296
Riverside,2022-12,0.8975,62.753772710418986,3.144158015078482,2139.4416666666666,0.0,53.59757508342603,65.0,35.0,153.0,4976.1421,17466.7865,0.9449978388310296
Riverside,2023-01,2.2816666666666667,61.982404692082106,4.0531085043988275,2764.15,0.3333333333333333,51.15032258064516,54.0,29.0,152.0,5914.0473,9088.9958,1.683765095878102
Riverside,2023-02,1.0174999999999998,49.925324675324674,4.5833766233766235,2823.2916666666665,0.5,50.61785714285715,51.5,34.0,35.0,9042.4944,12163.9848,0.6981465031689691
Riverside,2023-03,2.03,59.98512341153471,4.135826612903226,2784.0833333333335,0.1666666666666666,55.57239736070381,51.0,27.0,9.0,8061.6059,14103.8867,1.7248325372409827
Riverside,2023-04,0.045,47.73040082522841,3.8545,2775.25,0.5833333333333334,63.18041245791246,65.0,53.5,108.0,7094.6717,16749.9074,1.1909557995235356
Riverside,2023-05,0.34,55.040400856919206,4.173413978494623,3105.125,0.4166666666666667,69.79236283429832,63.0,52.0,743.0,3451.8565,8301.0937,1.806967419966744
Riverside,2023-06,0.0108333333333333,49.99865900383142,4.656138888888889,3352.375,0.25,73.22203081232493,61.5,50.5,821.0,1769.1566,8472.8443,1.848034861329624
Riverside,2023-07,0.0308333333333333,38.39258868123115,4.018467741935484,2989.6749999999997,0.0,78.84032258064516,65.0,57.0,125848.0,3605.8333,5247.3794,1.1088209167977745
Riverside,2023-08,2.1333333333333333,44.27415423859157,4.0775,3033.6666666666665,0.1666666666666666,79.92781036168132,59.0,55.0,96542.0,2049.8883,7737.923,1.232023240886416
Riverside,2023-09,0.8633333333333333,52.83294871794872,3.874944444444445,2789.9166666666665,0.0833333333333333,75.93638888888889,67.0,67.5,933.0,9986.7925,4866.9847,1.3552255649750578
Riverside,2023-10,0.0383333333333333,41.413165863304904,4.189543010752688,3117.2000000000003,0.4166666666666667,69.4016129032258,58.0,55.0,5219.0,7075.2072,4317.1888,1.3552255649750578
Riverside,2023-11,0.425,41.73293650793651,4.075722222222223,2934.3250000000003,0.3333333333333333,59.99166666666667,53.5,52.5,338.0,5437.1065,6491.8034,1.683765095878102
Riverside,2023-12,0.7658333333333333,53.48709677419355,3.186263440860215,2370.4,0.0,54.74874551971326,64.0,48.0,160.0,6699.6665,12166.5493,1.4373604477008188
Riverside,2024-01,1.5783333333333334,59.26881720430108,3.5029838709677414,2606.1749999999997,0.1666666666666666,51.31085043988269,61.0,35.0,11.0,,,1.453152189839802
Riverside,2024-02,3.1024999999999996,63.2212643678161,3.686063218390805,2565.3333333333335,0.0,53.89592476489028,54.0,27.0,6.0,,,1.2513254968064962
Riverside,2024-03,1.8033333333333337,57.60334528076464,4.660295698924731,3467.4583333333335,0.8333333333333334,57.812609970674494,42.0,31.0,91.0,,,1.6549788828731078
Riverside,2024-04,0.23,47.246568627450976,4.912999999999999,3537.3583333333336,0.75,62.41878787878788,53.5,37.0,44.0,,,1.0898641423798514
Riverside,2024-05,0.0583333333333333,50.82873900293255,5.201827956989248,3870.2166666666662,0.5,69.58739002932552,63.0,48.0,990.0,,,0.7669414335265622
Riverside,2024-06,0.0075,44.55860805860806,4.770305555555556,3434.5166666666664,0.0833333333333333,77.1039393939394,62.0,51.5,55601.0,,,1.170594819593174
Riverside,2024-07,0.0133333333333333,39.32301075268817,4.568064516129032,3398.683333333333,0.0,83.30410557184751,62.0,49.0,63652.0,,,1.0494988037731905
Riverside,2024-08,0.0391666666666666,40.11699948796723,4.51518817204301,3359.191666666667,0.0,81.53999022482893,61.0,51.0,534094.0,,,1.6549788828731078
Riverside,2024-09,0.2716666666666666,42.27361111111111,4.1050555555555555,2955.558333333333,0.1666666666666666,77.65212121212122,68.0,52.5,379415.0,,,1.695344221479769
Riverside,2024-10,0.0208333333333333,39.55887096774194,3.7052347670250896,2748.4666666666667,0.4166666666666667,70.96619144728712,72.0,57.0,5113.0,,,2.462285655006331
Riverside,2024-11,0.0458333333333333,42.002092352092355,3.937885642135642,2636.733333333333,0.3333333333333333,58.02426046176046,58.0,50.5,15129.0,,,2.0182669303330583
Riverside,2024-12,0.0166666666666666,47.846063036923255,3.292771235136826,2154.6749999999997,0.0,54.93479831598111,79.0,58.0,303.0,,,2.5026509936129924
Sacramento,2001-01,2.955,78.06451612903226,4.814516129032258,3581.3999999999996,2.5,46.8,102.0,23.0,,113.1002,156.4,0.0
Sacramento,2001-02,3.735,73.44642857142857,6.046428571428571,4062.3,2.5,48.40535714285714,51.0,13.0,,381.7734,58.963,0.0
Sacramento,2001-03,1.23,70.52391546162403,5.684677419354839,4229.3,4.0,55.54193548387097,55.0,17.0,,3644.4377,532.67,0.0
Sacramento,2001-04,1.845,65.03563218390805,6.717833333333333,4837.05,6.0,58.94333333333333,33.0,19.5,,7943.8338,14.6,0.1579458198454184
Sacramento,2001-05,0.0,45.4258064516129,7.499193548387097,5579.25,10.0,68.01451612903226,44.0,31.0,,9418.8103,9.2,0.0
Sacramento,2001-06,0.05,44.55172413793103,6.8629999999999995,4941.049999999999,6.5,71.66333333333333,48.0,24.0,,1955.7561,2009.37,0.0
Sacramento,2001-07,0.0,53.85172413793104,6.796749379652605,4509.95,4.5,72.71290322580646,46.0,25.0,,1809.7125,1275.25,0.0
Sacramento,2001-08,0.0,52.11290322580645,7.205,5360.4,6.0,71.13387096774193,45.5,23.0,,450.3615,313.29,0.0
Sacramento,2001-09,0.1,53.366379310344826,6.366666666666666,4181.75,6.0,68.64166666666667,51.5,28.0,,287.1297,263.25,0.0
Sacramento,2001-10,0.41,56.91935483870968,5.286935483870968,3933.75,4.5,63.94677419354839,56.5,35.0,,1025.4686,1045.0396,0.1579458198454184
Sacramento,2001-11,2.6950000000000003,76.81666666666666,4.333333333333333,3119.75,1.5,58.245000000000005,66.0,20.5,,88.394,613.3,0.0
Sacramento,2001-12,4.98,81.16666666666666,6.041198156682028,3564.2,2.5,51.73233486943164,60.0,19.0,,100.6441,1.0,0.0789729099227092
Sacramento,2002-01,1.495,81.47695852534562,3.8742799539170503,2715.5,0.0,48.8464861751152,74.0,25.0,,168.9911,861.8,0.0768592837175913
Sacramento,2002-02,1.205,75.60714285714286,4.041785714285714,2715.75,0.0,49.73571428571428,61.5,22.0,,159.2976,101.4,0.0768592837175913
Sacramento,2002-03,2.5,66.1774193548387,5.664354838709677,4214.05,3.0,53.21935483870968,44.0,17.0,,3951.4808,218.2,0.0
Sacramento,2002-04,0.305,67.11666666666667,6.826166666666667,4915.4,6.0,59.73833333333333,33.0,19.5,,1951.5604,64.0,0.0768592837175913
Sacramento,2002-05,1.135,56.0,6.8029032258064515,5060.75,7.5,63.924193548387095,33.0,21.0,,6403.6321,7.5,0.0768592837175913
Sacramento,2002-06,0.0,51.35,7.636333333333333,5498.05,8.0,69.74833333333333,39.0,25.0,,3517.149,3.5,0.0768592837175913
Sacramento,2002-07,0.0,49.03225806451613,7.338225806451613,5459.75,8.0,71.79193548387096,50.0,25.0,,5119.1138,6.6625,0.0768592837175913
Sacramento,2002-08,0.0,52.45161290322581,6.668064516129032,4960.6,7.0,70.86129032258064,68.0,36.0,,954.489,29.0,0.0
Sacramento,2002-09,0.0,46.7,5.5715,4011.25,3.5,68.77333333333334,50.0,30.0,,171.1365,82.9,0.0768592837175913
Sacramento,2002-10,0.0,55.87096774193549,5.013870967741935,3730.45,3.0,62.29032258064516,58.0,40.0,,150.6582,513.5,0.0768592837175913
Sacramento,2002-11,2.0149999999999997,73.76666666666667,3.8465,2769.75,1.5,56.03,104.5,37.5,,403.4156,251.0,0.0
Sacramento,2002-12,6.36,82.19354838709677,5.732903225806451,4264.85,4.0,51.29516129032258,66.0,16.0,,93.8493,171.8,0.0
Sacramento,2003-01,1.065,91.1774193548387,3.084032258064516,2294.45,0.0,52.04354838709678,86.0,17.0,,131.896,1.5,0.0
Sacramento,2003-02,1.335,71.91071428571428,4.5060714285714285,3028.55,0.5,51.51607142857142,64.0,16.5,,140.3335,19.0,0.0
Sacramento,2003-03,1.975,69.6774193548387,5.816451612903226,4328.2,4.0,55.71290322580646,35.0,16.0,,7062.6087,2.0,0.2258133231366073
Sacramento,2003-04,3.06,70.28333333333333,5.910333333333334,4255.45,2.5,58.555,27.5,13.0,,8123.4883,95.8,0.0752711077122024
Sacramento,2003-05,0.75,60.596774193548384,6.4477419354838705,4796.5,4.5,65.18548387096774,44.0,23.0,,6266.3752,14.5625,0.0
Sacramento,2003-06,0.0,55.08333333333333,7.864666666666667,5662.75,10.5,72.96833333333333,50.0,21.0,,2676.869,73.7375,0.0
Sacramento,2003-07,0.0,42.38709677419355,7.016774193548387,5220.2,8.0,77.98870967741935,45.0,26.0,,2465.2524,75.2875,0.0752711077122024
Sacramento,2003-08,0.0,54.35483870967742,6.75758064516129,5027.9,8.0,75.68387096774192,39.0,20.0,,6319.4539,326.5,0.0
Sacramento,2003-09,0.0,52.63333333333334,6.469166666666666,4658.200000000001,7.5,71.72,55.0,28.0,,660.3105,1504.0,0.0752711077122024
Sacramento,2003-10,0.03,52.0,5.061129032258064,3765.6,3.0,65.11290322580646,55.0,35.0,,320.356,16.0,0.0752711077122024
Sacramento,2003-11,1.55,75.51666666666667,3.812,2744.8500000000004,0.0,55.29666666666667,85.0,23.0,,154.1772,507.3,0.0752711077122024
Sacramento,2003-12,4.5,83.80645161290323,5.0162903225806454,3731.85,2.0,51.51774193548387,72.0,19.0,,224.3046,858.0,0.0752711077122024
Sacramento,2004-01,2.175,85.70967741935485,3.9893548387096778,2967.9,0.5,49.19516129032258,81.0,18.0,,557.955,500.0,0.0
Sacramento,2004-02,4.8,75.74137931034483,5.170172413793104,3597.8999999999996,1.5,50.69827586206897,58.0,16.0,,112.2492,1222.0,0.0
Sacramento,2004-03,0.74,65.32258064516128,5.659032258064516,4210.3,4.0,58.03064516129032,44.0,20.0,,853.7386,6100.0,0.0741327212935863
Sacramento,2004-04,0.16,54.81666666666666,7.093396551724138,4988.200000000001,7.5,62.88166666666667,41.0,24.5,,6286.5349,14302.4613,0.222398163880759
Sacramento,2004-05,0.1,55.04838709677419,7.393870967741936,5501.0,8.5,70.98387096774194,48.0,19.0,,5555.5424,4810.25,0.0741327212935863
Sacramento,2004-06,0.0,51.55,8.694166666666666,6260.1,13.0,78.09345238095239,57.0,21.5,,5088.9484,4069.6875,0.0741327212935863
Sacramento,2004-07,0.0,53.5,7.476129032258065,5562.65,9.5,80.02903225806452,58.0,21.0,,3248.6115,3283.78,0.0741327212935863
Sacramento,2004-08,0.0,53.41935483870968,5.184354838709678,3856.45,4.0,80.1725806451613,52.0,21.0,,1718.2839,556.4219,0.0741327212935863
Sacramento,2004-09,0.305,46.9,5.7025,4105.75,5.0,76.34,59.5,30.5,,344.8983,6.5,0.0
Sacramento,2004-10,2.965,65.37096774193549,5.1846774193548395,3857.6,2.5,69.59717741935484,58.0,23.0,,209.4473,642.8329,0.1482654425871726
Sacramento,2004-11,2.165,76.23333333333333,3.9395,2836.65,1.5,57.004999999999995,84.0,21.5,,232.1189,1003.0,0.0
Sacramento,2004-12,4.38,83.37096774193549,4.81758064516129,3584.5,2.5,49.70483870967742,90.0,17.0,,74.813,6.875,0.222398163880759
Sacramento,2005-01,3.16,88.05241935483872,4.320127688172043,2752.15,1.0,48.81599462365591,70.0,13.0,,76.1025,11.4594,0.2939412822894498
Sacramento,2005-02,2.5149999999999997,79.53571428571428,4.105535714285714,2759.05,0.0,52.75357142857143,64.5,14.5,,10.5527,36.0669,0.0734853205723624
Sacramento,2005-03,3.61,73.38709677419354,5.28,3927.9,3.0,57.564516129032256,58.0,15.0,,2681.5626,220.0,0.0
Sacramento,2005-04,1.28,65.71666666666667,5.908166666666666,4253.299999999999,3.0,60.39666666666666,43.0,14.5,,14957.8907,19851.2262,0.0734853205723624
Sacramento,2005-05,1.3,65.70967741935485,6.040645161290322,4494.0,3.5,66.91129032258064,44.0,16.0,,31696.4261,17945.7257,0.0
Sacramento,2005-06,0.025,55.483333333333334,7.144833333333334,5144.7,7.5,69.715,49.0,21.0,,27869.5325,9310.4794,0.0
Sacramento,2005-07,0.0,47.516129032258064,7.008548387096775,5214.25,7.5,75.16451612903225,63.0,22.0,,9979.6219,3305.0426,0.0
Sacramento,2005-08,0.0,47.41935483870968,6.109193548387097,4545.4,3.0,73.47096774193548,61.0,25.0,,334.292,1144.345,0.0734853205723624
Sacramento,2005-09,0.0,55.55,5.617,4043.8,3.0,68.535,52.5,25.5,,776.7154,5550.0,0.1469706411447249
Sacramento,2005-10,0.145,60.85483870967742,4.853709677419355,3611.4,1.5,63.96129032258064,55.0,24.0,,503.5457,855.0,0.0
Sacramento,2005-11,0.73,67.25,4.497166666666667,3238.25,1.5,57.355,69.0,22.0,,166.0356,442.0,0.1469706411447249
Sacramento,2005-12,6.3500000000000005,82.91865357643758,4.147201963534362,2601.8999999999996,1.0,51.73267882187939,84.0,16.0,,172.8783,10.0,0.0734853205723624
Sacramento,2006-01,1.92,80.06891495601172,4.804376832844575,2919.25,1.0,50.95513196480938,66.0,16.0,,197.6706,18.2132,0.2190479736967193
Sacramento,2006-02,1.88,69.05357142857143,4.43125,2978.0,1.0,51.67142857142858,69.5,23.0,,6319.4601,64.3851,0.0
Sacramento,2006-03,5.135,73.8225806451613,5.8909677419354844,4382.95,3.0,52.64354838709677,43.0,16.0,,7600.5789,698.4001,0.0730159912322397
Sacramento,2006-04,3.405,73.63333333333333,5.564,4005.55,2.5,58.845,33.0,19.0,,5890.6545,6.18,0.1460319824644795
Sacramento,2006-05,0.455,58.806451612903224,8.209354838709677,6107.549999999999,7.0,67.91774193548387,56.0,27.0,,7628.7868,86347.5674,0.0
Sacramento,2006-06,0.0,53.38333333333333,8.801333333333332,6336.9,10.0,72.20833333333333,47.0,19.0,,5396.2214,6827.8133,0.0730159912322397
Sacramento,2006-07,0.0,47.59623655913978,6.080322580645161,4523.6,6.0,75.79516129032258,53.0,25.0,,3272.4506,9815.9134,0.0
Sacramento,2006-08,0.0,52.645161290322584,6.536935483870968,4863.85,5.5,72.83548387096774,57.0,26.0,0.0,1184.8771,16.7618,0.0730159912322397
Sacramento,2006-09,0.0,50.06666666666666,6.008333333333333,4326.2,5.0,68.69,57.5,33.5,0.0,4988.3808,346.0,0.1460319824644795
Sacramento,2006-10,0.015,58.096774193548384,4.736290322580645,3523.55,1.5,62.38870967741936,62.0,28.0,204.3,1399.7704,0.0,0.0730159912322397
Sacramento,2006-11,1.4300000000000002,79.15,4.110666666666667,2960.3,0.5,58.093333333333334,67.5,18.0,24.54,75.9285,0.0,0.0730159912322397
Sacramento,2006-12,2.785,78.08064516129033,4.42016129032258,3288.5,1.0,50.12258064516129,105.0,23.0,6.1,206.0592,50.0,0.0
Sacramento,2007-01,0.12,65.5,4.567258064516128,3397.5499999999997,1.5,45.66290322580645,108.0,25.0,24.05,361.9506,30.0,0.2172085658370023
Sacramento,2007-02,4.5600000000000005,77.35714285714286,5.347678571428571,3593.85,1.0,50.92142857142857,49.0,11.0,1.25,107.2908,388.3,0.1448057105580015
Sacramento,2007-03,0.335,66.24193548387098,5.452903225806452,4056.25,5.0,56.49032258064516,58.0,19.0,104.8,9848.0814,692.3651,0.1448057105580015
Sacramento,2007-04,1.625,59.45,7.172833333333333,5164.75,7.5,60.44166666666666,53.0,16.5,23.15,19769.8269,1495.7062,0.0
Sacramento,2007-05,0.27,53.11290322580645,8.362903225806452,6222.35,11.0,65.57258064516128,59.0,21.0,171.2,5931.5309,3532.7305,0.1448057105580015
Sacramento,2007-06,0.0,48.96666666666667,7.795333333333333,5612.25,9.5,69.28999999999999,59.5,20.0,679.72,17089.4653,3398.9871,0.1448057105580015
Sacramento,2007-07,0.0,53.435483870967744,7.67274193548387,5708.1,10.0,72.08548387096775,53.0,17.0,873.62,2161.2888,2415.9914,0.1448057105580015
Sacramento,2007-08,0.0,50.16129032258064,6.909354838709677,5140.2,6.5,71.74677419354839,40.0,19.0,872.77,1401.0546,480.237,0.1448057105580015
Sacramento,2007-09,0.045,58.400000000000006,6.1095,4399.1,5.0,69.10499999999999,54.0,20.0,225.7,1771.7889,106.6687,0.0
Sacramento,2007-10,0.7000000000000001,64.69354838709677,4.653548387096775,3462.5,2.0,62.54032258064517,51.5,20.0,119.91,755.8378,428.25,0.0
Sacramento,2007-11,0.375,67.61666666666667,4.153833333333333,2990.8500000000004,1.5,57.74666666666667,61.5,22.5,25.15,2141.5085,398.75,0.0
Sacramento,2007-12,1.7400000000000002,73.86200716845877,4.847123655913979,2663.75,0.5,50.54695340501792,56.0,13.0,4.75,1105.6022,0.0,0.0
Sacramento,2008-01,4.035,82.26944971537003,4.64061669829222,2568.6,2.0,47.951423149905125,53.0,12.0,1.8,525.0899,0.0,0.0
Sacramento,2008-02,1.6749999999999998,72.80541871921181,5.224316502463054,3556.05,3.5,49.88971674876847,58.0,16.0,0.74,1980.7407,0.0601,0.0
Sacramento,2008-03,0.12,61.03225806451613,6.190161290322581,4605.85,4.0,55.1758064516129,41.0,16.0,12.59,14252.4349,341.5014,0.0
Sacramento,2008-04,0.03,52.766666666666666,6.959666666666666,5011.25,8.0,59.849999999999994,40.0,20.0,59.07,11171.3975,2491.6272,0.0
Sacramento,2008-05,0.025,49.983870967741936,8.101774193548387,6027.700000000001,11.0,65.57903225806452,48.0,25.0,495.67,6928.138,8532.7484,0.0
Sacramento,2008-06,0.0,42.650000000000006,7.598333333333334,5470.45,9.0,69.39333333333333,53.0,22.5,1251.36,5749.438,4044.9849,0.0
Sacramento,2008-07,0.0,51.46774193548387,7.19258064516129,5351.05,9.0,72.74354838709678,58.0,26.0,511.21,2461.0641,1564.2339,0.0717134788352009
Sacramento,2008-08,0.0,48.61290322580645,6.437096774193548,4789.9,5.5,73.39354838709677,44.0,23.0,129.85,3615.9275,587.4474,0.0717134788352009
Sacramento,2008-09,0.0,49.46666666666667,5.621833333333333,4047.7,5.5,70.155,53.0,28.0,1016.79,2974.8601,513.1587,0.0
Sacramento,2008-10,0.475,52.03225806451613,4.621290322580645,3438.5,1.5,63.48709677419355,53.0,37.0,132.49,391.2346,100.0,0.0
Sacramento,2008-11,1.645,80.35,3.330333333333334,2398.1,0.0,58.51166666666667,65.5,20.5,3.65,449.5042,3.5,0.0717134788352009
Sacramento,2008-12,1.525,81.90132827324479,4.725882352941176,2495.7,1.0,50.16024667931688,77.5,15.0,4.87,209.9971,250.0,0.215140436505603
Sacramento,2009-01,1.485,75.59677419354838,3.245645161290322,2414.7,0.0,51.2258064516129,79.5,20.0,3.01,3300.8349,0.0,0.0
Sacramento,2009-02,3.795,78.14285714285714,4.822857142857143,3241.05,1.5,51.153571428571425,54.0,11.0,0.21,1617.7459,587.8612,0.0
Sacramento,2009-03,1.7199999999999998,66.8225806451613,6.0159677419354844,4475.95,3.5,55.475806451612904,42.0,14.0,3.92,22805.5726,18.7009,0.0
Sacramento,2009-04,1.125,58.45,6.481000000000001,4666.7,6.5,60.388333333333335,36.5,19.5,7.95,20134.5726,2513.6096,0.0709924243983924
Sacramento,2009-05,1.21,58.596774193548384,6.734516129032258,5010.700000000001,7.0,67.04677419354839,49.0,20.0,111.37,9932.9738,5713.0358,0.0
Sacramento,2009-06,0.26,56.98478260869565,7.659920289855071,5153.5,10.5,69.62442028985507,31.5,17.0,950.22,8604.3302,10178.8349,0.0709924243983924
Sacramento,2009-07,0.0,49.774193548387096,7.499193548387097,5578.95,8.0,73.51774193548388,45.5,20.0,1164.4,11614.6158,7988.9905,0.0
Sacramento,2009-08,0.0,50.95161290322581,6.634193548387097,4936.4,6.5,72.23870967741937,44.0,22.0,12603.95,3964.1272,269.5506,0.0
Sacramento,2009-09,0.17,49.43333333333334,5.407166666666667,3893.35,3.5,71.13666666666666,50.5,24.0,604.1,1609.4973,610.1669,0.0
Sacramento,2009-10,2.535,63.79032258064517,5.289838709677419,3935.75,3.0,64.2483870967742,45.0,20.0,138.79,912.5191,3673.25,0.0709924243983924
Sacramento,2009-11,0.68,72.21666666666667,3.929666666666667,2829.5,1.0,56.635,64.0,19.5,8.22,1400.5174,1131.0,0.0
Sacramento,2009-12,2.59,82.06350806451613,3.6837096774193543,1946.1,0.0,49.96034155597723,72.0,19.0,0.71,883.447,3135.0,0.0
Sacramento,2010-01,4.395,89.09677419354838,4.715806451612903,3509.05,2.5,50.920967741935485,62.0,13.0,0.1,817.6385,0.0,0.0
Sacramento,2010-02,1.645,83.625,4.232678571428572,2844.35,1.5,53.683928571428574,54.0,13.0,0.0,1279.1766,5359.0,0.0
Sacramento,2010-03,1.475,69.87096774193549,4.516612903225806,3359.8999999999996,1.5,55.461290322580645,37.0,11.0,2.46,24215.8577,1475.858,0.1406428220826107
Sacramento,2010-04,2.795,68.8,5.631166666666667,4054.5,2.0,58.335,28.0,11.0,3.01,37919.0189,2388.8147,0.0
Sacramento,2010-05,0.99,59.177419354838705,6.692096774193548,4978.7,7.0,62.82096774193548,23.0,11.0,107.65,12588.9842,7584.46,0.0
Sacramento,2010-06,0.065,53.58333333333333,6.496666666666666,4677.4,6.0,69.52000000000001,34.5,18.0,393.31,7808.6869,11712.6716,0.0703214110413053
Sacramento,2010-07,0.0,54.29032258064516,6.911612903225806,5142.1,7.5,72.2725806451613,46.0,19.0,266.49,5859.7362,5836.427,0.0703214110413053
Sacramento,2010-08,0.0,56.88709677419355,5.572741935483871,4146.75,3.0,70.91935483870968,38.0,17.0,823.1700000000001,3244.7404,2095.1559,0.1406428220826107
Sacramento,2010-09,0.0,53.900000000000006,5.160333333333334,3715.35,3.5,68.93666666666667,51.0,20.5,127.06,967.4082,61.4775,0.1406428220826107
Sacramento,2010-10,1.64,64.93548387096774,4.469032258064516,3324.8,1.0,64.89032258064516,52.0,20.0,204.53,490.4416,1701.5046,0.1406428220826107
Sacramento,2010-11,2.63,74.63333333333333,4.0885,2943.8999999999996,0.0,56.474999999999994,60.5,13.5,158.91,2365.8375,3169.5209,0.3516070552065269
Sacramento,2010-12,5.425,87.53225806451613,4.112096774193549,3059.3,1.0,53.04838709677419,63.0,11.0,1.0,1205.6811,252.2,0.0
Sacramento,2011-01,1.495,89.66129032258064,3.2646774193548387,2428.8999999999996,0.5,49.46774193548387,72.0,13.0,0.01,2408.9245,2707.9965,0.2087652163747085
Sacramento,2011-02,3.24,69.19642857142857,5.340892857142856,3589.05,2.5,49.375,45.0,12.0,3.48,591.3977,413.7491,0.6262956491241255
Sacramento,2011-03,5.89,78.29032258064515,5.939516129032258,4418.65,3.5,53.475806451612904,43.0,11.0,0.01,28700.0252,177.6991,0.0
Sacramento,2011-04,0.25,64.53333333333333,6.340999999999999,4565.0,5.0,59.07333333333334,49.5,14.0,4.78,31558.803,4088.9489,0.2783536218329446
Sacramento,2011-05,1.545,60.03225806451613,5.796774193548387,4312.9,2.0,62.69032258064516,46.0,16.0,14.56,8470.582,6844.5569,0.2087652163747085
Sacramento,2011-06,1.265,59.55,6.088333333333333,4384.0,5.0,68.36833333333334,39.5,18.5,377.58,8084.5128,9317.4144,0.1391768109164723
Sacramento,2011-07,0.0,55.38709677419355,6.497580645161291,4834.2,6.0,74.47419354838709,43.0,17.0,368.05,9209.758,7806.2482,0.2087652163747085
Sacramento,2011-08,0.0,54.20967741935484,5.702903225806452,4243.5,2.0,76.11290322580645,46.0,19.0,773.67,2974.6351,1814.1338,0.417530432749417
Sacramento,2011-09,0.01,54.916666666666664,4.9685,3577.45,3.0,74.61666666666667,54.0,28.0,187.03,593.0693,2296.7074,0.1391768109164723
Sacramento,2011-10,1.78,69.5,4.072903225806451,3030.25,0.5,66.48870967741937,58.0,23.0,55.04,1844.5569,1300.5783,0.1391768109164723
Sacramento,2011-11,0.96,77.18333333333334,4.0745000000000005,2933.6,1.5,56.91666666666667,61.5,18.5,10.46,1636.907,5030.9,0.2087652163747085
Sacramento,2011-12,0.15,69.04838709677419,3.868064516129032,2877.75,1.5,49.233870967741936,99.0,24.0,253.76,410.3621,2587.9965,0.2783536218329446
Sacramento,2012-01,2.3949999999999996,72.01612903225806,4.090806451612903,3044.1,2.5,48.37096774193549,72.0,20.0,12.62,1893.2603,96.872,0.0
Sacramento,2012-02,1.12,66.70689655172413,5.033103448275861,3502.55,1.0,51.33448275862069,50.0,8.0,11.86,1278.1685,2019.6808,0.0
Sacramento,2012-03,4.6850000000000005,69.53225806451613,5.316451612903226,3955.2,2.5,53.84193548387097,28.0,6.0,3.11,34310.8219,594.5772,0.0
Sacramento,2012-04,2.99,67.78333333333333,5.28,3801.85,2.0,60.43666666666667,24.5,18.0,8.64,26378.8565,2934.2173,0.0
Sacramento,2012-05,0.01,52.85483870967742,6.865483870967742,5108.3,6.5,66.53870967741936,42.0,18.0,57.33,9782.374,12797.4938,0.06892829596156
Sacramento,2012-06,0.08,49.18333333333334,7.585833333333333,5461.95,9.0,70.18333333333334,28.0,15.5,808.37,6512.3161,6196.5639,0.0
Sacramento,2012-07,0.025,51.483870967741936,6.2337096774193546,4637.35,4.5,73.57096774193548,43.0,15.0,3500.59,2157.264,3247.8119,0.06892829596156
Sacramento,2012-08,0.0,47.87096774193549,5.843064516129032,4347.05,4.5,73.66612903225807,48.0,19.0,454.4,1918.8937,1111.5062,0.0
Sacramento,2012-09,0.0,49.96666666666667,4.826333333333333,3474.75,2.0,71.175,45.0,21.0,19579.7,511.7332,98.8496,0.06892829596156
Sacramento,2012-10,1.035,64.85483870967742,4.626612903225807,3442.6499999999996,1.0,66.37741935483871,39.0,17.0,55.29,492.3706,90.8084,0.0
Sacramento,2012-11,4.585,79.06666666666666,3.655666666666667,2632.2,0.0,58.44166666666666,61.0,14.0,6.8500000000000005,631.7068,56.3737,0.1378565919231201
Sacramento,2012-12,5.345000000000001,82.61290322580645,4.695967741935483,3493.8,1.5,52.43387096774194,53.0,8.0,0.0,240.1482,81.6451,0.0
Sacramento,2013-01,0.8300000000000001,75.46774193548387,3.448870967741936,2566.05,0.0,45.920967741935485,83.0,14.0,5.4,1701.6996,51.0,0.0
Sacramento,2013-02,0.27,65.44642857142857,4.602321428571429,3092.8,1.0,48.56964285714286,57.0,13.0,1.6,126.9818,125.7967,0.0
Sacramento,2013-03,0.49,64.33870967741936,4.934193548387097,3671.2,0.5,54.86290322580645,37.0,15.0,17.45,33036.3225,415.7198,0.0682176634631651
Sacramento,2013-04,0.42,54.21666666666667,7.155333333333333,5151.85,6.0,61.175,36.0,16.5,49.47,33007.6397,6114.3178,0.0
Sacramento,2013-05,0.15,51.322580645161295,7.204354838709677,5360.1,7.5,67.15645161290323,48.0,18.0,659.18,20642.7988,13015.2106,0.1364353269263303
Sacramento,2013-06,0.05,53.93333333333334,7.013833333333333,5049.3,6.0,73.31,54.0,16.5,373.6,8256.2518,11280.967,0.0682176634631651
Sacramento,2013-07,0.0,50.53225806451613,6.826612903225807,5079.35,7.0,77.56290322580645,60.0,20.0,1089.78,3034.3617,11414.3312,0.1364353269263303
Sacramento,2013-08,0.0,56.03225806451613,6.684516129032258,4973.85,7.0,76.11774193548388,45.0,16.0,262.14,1991.3168,2802.9077,0.0682176634631651
Sacramento,2013-09,0.265,56.516666666666666,6.135,4417.45,4.0,72.47666666666666,39.5,16.0,3140.8700000000003,801.6827,1774.4021,0.0
Sacramento,2013-10,0.0,51.66129032258064,4.3348387096774195,3225.3,2.0,64.50806451612902,54.0,31.5,121.71,766.1933,44.0,0.0682176634631651
Sacramento,2013-11,1.335,63.016666666666666,3.7205,2678.95,2.0,57.178333333333335,70.0,31.0,234.43,562.629,4.5,0.0
Sacramento,2013-12,0.485,65.01612903225806,3.4469354838709676,2563.85,1.0,47.504838709677415,90.0,31.0,20.84,1335.2162,331.75,0.0682176634631651
Sacramento,2014-01,0.305,62.693548387096776,3.205161290322581,2384.55,0.0,47.975806451612904,75.0,29.0,143.5,988.4503,5.0,0.1345814416229445
Sacramento,2014-02,5.824999999999999,74.64285714285714,5.027321428571428,3378.55,2.5,52.43571428571428,51.0,12.0,24.34,777.3293,13.172,0.0
Sacramento,2014-03,1.99,64.69354838709677,5.3395161290322575,3972.5,2.5,57.306451612903224,32.0,13.0,7.65,34240.1823,1215.0918,0.0672907208114722
Sacramento,2014-04,1.61,63.53333333333333,5.555666666666666,4000.05,2.0,62.22,43.0,18.5,9.31,39420.4758,8748.5017,0.0
Sacramento,2014-05,0.105,49.46774193548387,6.900806451612903,5134.25,8.0,69.16774193548387,43.0,21.0,139.09,12231.217,22748.8167,0.0
Sacramento,2014-06,0.225,48.0,6.7935,4891.15,6.0,72.56166666666667,48.0,20.0,333.13,5731.3144,13036.9943,0.1345814416229445
Sacramento,2014-07,0.12,51.52849462365592,6.95347311827957,5052.799999999999,7.0,75.79032258064515,36.0,16.0,4406.96,4618.5014,12911.3281,0.0672907208114722
Sacramento,2014-08,0.0,55.263626251390434,6.592903225806452,4905.1,5.5,75.16774193548386,41.0,17.0,408.56,2680.757,2947.3844,0.1345814416229445
Sacramento,2014-09,0.325,57.28333333333333,5.774500000000001,4157.75,5.5,72.98833333333332,52.5,21.0,97775.2,1662.0617,1899.3301,0.269162883245889
Sacramento,2014-10,0.395,58.12150537634409,4.074999999999999,3031.6000000000004,0.5,67.30967741935484,52.0,24.0,603.16,366.2478,326.4505,0.1345814416229445
Sacramento,2014-11,1.39,75.78333333333333,3.3898333333333337,2440.8999999999996,0.5,59.271666666666675,62.0,14.0,5.74,300.5293,110.2,0.0672907208114722
Sacramento,2014-12,8.1,82.70483870967742,4.85758064516129,3614.1,2.5,55.66129032258064,43.0,12.0,21.45,375.5188,199.699,0.2018721624344167
Sacramento,2015-01,0.045,83.32258064516128,2.9438709677419355,2190.35,0.0,50.76451612903226,83.0,29.0,1.53,1790.5668,23.1966,0.1990105196960711
Sacramento,2015-02,1.77,76.17857142857143,4.362142857142857,2931.55,2.5,54.87142857142857,55.5,18.5,7.74,2424.0895,145.0178,0.0663368398986903
Sacramento,2015-03,0.2,63.096774193548384,4.43258064516129,3297.95,0.5,58.98548387096774,42.0,16.0,8.33,48830.4619,5168.0726,0.0
Sacramento,2015-04,1.14,56.51481481481481,6.200964285714286,4380.9,4.0,62.15574074074074,36.5,11.0,31.88,34391.3101,9900.5275,0.1990105196960711
Sacramento,2015-05,0.275,62.95161290322581,6.918709677419355,5148.3,8.5,66.99516129032259,42.0,14.0,33.3,10781.2287,22610.1828,0.1990105196960711
Sacramento,2015-06,0.0849999999999999,49.91666666666667,6.471833333333333,4659.15,6.5,74.86666666666667,51.0,19.5,390.34,7043.1527,8850.5775,0.1326736797973807
Sacramento,2015-07,0.01,53.744086021505375,7.313225806451612,5441.05,9.0,78.66451612903225,53.0,15.0,1201.29,4481.1634,9758.811,0.0663368398986903
Sacramento,2015-08,0.005,53.277956989247315,6.745645161290323,5019.0,8.0,77.70645161290322,63.0,19.0,96.3,4044.2641,6936.2222,0.1326736797973807
Sacramento,2015-09,0.005,47.41666666666667,4.854166666666667,3495.55,1.5,74.10666666666665,58.0,25.5,71091.11,3502.0484,2740.7248,0.0663368398986903
Sacramento,2015-10,0.155,57.2258064516129,4.276774193548388,3181.65,0.5,69.48709677419355,56.0,30.0,39.65,154.4165,432.91,0.1990105196960711
Sacramento,2015-11,1.515,69.9,3.9611666666666663,2851.85,2.0,56.946666666666665,65.5,16.5,14.94,58.872,1354.1422,0.0663368398986903
Sacramento,2015-12,1.7133333333333332,78.78136200716847,5.158205645161289,3110.2666666666664,1.6666666666666667,50.02298387096774,64.0,15.0,1.32,260.7595,1099.2463,0.1990105196960711
Sacramento,2016-01,5.03,84.49462365591398,5.220645161290322,3884.2,2.6666666666666665,50.88172043010752,52.0,10.0,0.0,351.0336,9.764,0.0654464396155152
Sacramento,2016-02,0.82,75.92733990147782,4.004022988505747,2786.6,0.6666666666666666,53.77241379310345,60.0,16.0,1.01,2089.4065,11065.7397,0.1308928792310305
Sacramento,2016-03,4.493333333333333,75.1588925967124,5.601612903225806,4167.433333333333,2.0,57.991397849462366,40.0,9.0,1.49,82194.3178,3938.7839,0.0654464396155152
Sacramento,2016-04,1.1733333333333331,62.65555555555556,6.256555555555555,4504.599999999999,3.6666666666666665,62.00444444444444,42.5,13.5,6.13,60275.9467,13029.1975,0.0654464396155152
Sacramento,2016-05,0.2066666666666667,59.67741935483871,6.4937634408602145,4831.266666666666,5.0,66.69032258064516,46.0,17.0,216.72,19868.6467,19420.5922,0.0
Sacramento,2016-06,0.0,47.11111111111111,6.534666666666666,4705.099999999999,6.333333333333333,72.87444444444445,38.0,18.0,6975.6,2429.1257,17690.655,0.0654464396155152
Sacramento,2016-07,0.0,47.79569892473118,6.683763440860216,4973.0,4.333333333333333,75.73496961196821,41.0,17.0,575.37,4377.0468,15033.8344,0.0654464396155152
Sacramento,2016-08,0.0,53.612903225806456,7.126559139784946,5301.666666666667,6.333333333333333,73.86894127377998,48.0,17.0,277.59,1515.0461,1071.857,0.3272321980775763
Sacramento,2016-09,0.0,50.44444444444445,5.720777777777777,4119.099999999999,4.0,69.96777777777777,53.0,26.0,149.9,1167.1484,139.0361,0.261785758462061
Sacramento,2016-10,4.1033333333333335,69.49463601532567,4.469681003584229,3204.4666666666667,1.0,64.22867383512545,44.0,16.0,206.9,536.0064,77.274,0.1963393188465457
Sacramento,2016-11,1.6366666666666667,83.58888888888889,3.223333333333333,2320.6,0.0,58.39222222222222,62.5,15.5,0.36,263.6693,40.6925,0.261785758462061
Sacramento,2016-12,3.6166666666666663,83.72652329749104,4.215888888888889,3112.0333333333333,2.3333333333333335,49.58795698924731,82.0,19.0,0.0,101.2328,168.2072,0.261785758462061
Sacramento,2017-01,8.446666666666667,89.31577060931899,5.654623655913979,4206.866666666667,5.0,48.65376344086022,60.0,8.0,0.11,254.1079,16.454,0.1938989062809026
Sacramento,2017-02,2.9233333333333333,85.66191832858499,5.783095238095238,3886.2333333333336,3.6666666666666665,52.89523809523809,56.0,6.0,0.0,589.1581,15.4746,0.1938989062809026
Sacramento,2017-03,1.3766666666666667,73.51792114695341,4.644946236559139,3455.9666666666667,1.3333333333333333,55.2494623655914,52.0,10.0,0.6,56635.3153,381.0298,0.0646329687603008
Sacramento,2017-04,2.7266666666666666,68.81111111111112,5.171777777777778,3723.4666666666662,2.0,59.46333333333333,39.0,9.0,1.7,55970.9379,6275.5565,0.0
Sacramento,2017-05,0.0766666666666666,57.92580645161291,6.581827956989247,4896.933333333333,4.0,66.01505376344086,48.0,15.0,123.96,16436.4293,21740.6912,0.0
Sacramento,2017-06,1.0,53.97820676556308,6.646000000000001,4784.8,4.333333333333333,72.85555555555555,50.5,16.0,284.42,7866.3633,25581.3027,0.2585318750412035
Sacramento,2017-07,1.106666666666667,44.11827956989247,6.101290322580645,4539.599999999999,3.0,77.98172043010753,56.0,22.0,3641.34,3940.8138,14408.7474,0.1938989062809026
Sacramento,2017-08,0.04,52.645161290322584,6.754623655913979,5025.266666666666,5.666666666666667,78.00390681003584,64.0,28.0,121.6,1095.2497,738.3102,0.3877978125618053
Sacramento,2017-09,0.1166666666666666,51.37931034482759,5.666777777777778,4080.3,2.6666666666666665,74.0742735042735,58.0,25.5,253.23,1243.9401,801.099,0.0
Sacramento,2017-10,0.1733333333333333,49.0,4.2972043010752685,3196.7666666666664,0.6666666666666666,65.01182795698925,57.0,44.0,199.02,791.1635,969.4185,0.4524307813221062
Sacramento,2017-11,2.61,79.76666666666667,3.198444444444444,2302.766666666667,0.0,58.44333333333333,61.0,16.0,16.2,230.3302,0.1191,0.5816967188427079
Sacramento,2017-12,0.1366666666666667,71.31182795698925,3.1747311827956985,2362.4666666666667,0.6666666666666666,48.95268817204302,94.0,34.0,5.6899999999999995,117.9532,273.5701,0.3231648438015044
Sacramento,2018-01,5.133333333333334,89.63440860215053,3.2083870967741936,2387.0,0.0,51.34731182795699,69.0,17.5,1.02,473.5552,0.1455,0.3202227725784273
Sacramento,2018-02,0.4133333333333333,63.141975308641975,3.344589947089947,2204.733333333333,1.0,50.851190476190474,59.5,16.0,3.78,2000.3438,29.9035,0.1921336635470564
Sacramento,2018-03,4.953333333333333,76.02150537634408,3.2145161290322584,2391.4666666666667,0.6666666666666666,54.01505376344087,44.0,11.0,1.64,27901.1161,556.7204,0.2561782180627419
Sacramento,2018-04,2.61,64.99425287356321,5.260888888888889,3788.0333333333338,0.6666666666666666,60.08555555555555,51.5,17.5,3.13,49826.4929,3016.7035,0.2561782180627419
Sacramento,2018-05,0.48,63.18817204301075,7.633118279569892,5679.033333333333,9.0,66.22903225806452,51.0,20.0,22.23,21849.5064,12558.8858,0.3842673270941128
Sacramento,2018-06,0.2233333333333333,51.62222222222223,6.489333333333334,4672.433333333333,3.3333333333333335,73.35777777777777,57.0,23.0,102531.28,9613.7761,17336.8001,0.0
Sacramento,2018-07,0.24,47.00602150537634,7.352352688172044,5287.333333333333,8.0,75.79397849462366,52.0,22.0,2311.81,4886.3325,5397.7668,0.0640445545156854
Sacramento,2018-08,0.0433333333333333,54.406104051265345,6.434486803519062,4195.933333333333,4.333333333333333,73.06129032258065,74.0,29.0,3111.43,6067.0935,2170.8015,0.2561782180627419
Sacramento,2018-09,0.0033333333333333,41.48888888888889,5.377888888888889,3872.1,2.6666666666666665,70.39444444444445,54.5,25.5,164.4,985.268,218.6367,0.1921336635470564
Sacramento,2018-10,0.1899999999999999,51.0489247311828,5.018924731182795,3734.066666666667,1.6666666666666667,65.35806451612903,47.0,28.0,35.66,200.4427,20.0304,0.3842673270941128
Sacramento,2018-11,3.293333333333333,64.8888888888889,3.5043333333333333,2523.5333333333333,1.3333333333333333,56.098888888888894,66.0,46.5,38.22,121.3174,944.5798,0.2561782180627419
Sacramento,2018-12,3.5066666666666664,81.0752688172043,3.9402150537634415,2931.566666666667,1.0,51.82365591397849,64.0,15.0,1.84,385.176,302.9459,0.1921336635470564
Sacramento,2019-01,2.48,84.17204301075269,4.119032258064516,3064.7333333333336,1.0,50.49354838709678,56.0,13.0,1.08,153.0417,2.5423,0.5075591417428692
Sacramento,2019-02,5.723333333333333,77.15476190476191,5.9921428571428565,4026.5333333333338,3.3333333333333335,50.082142857142856,26.0,6.0,0.01,477.8069,46.8672,0.5075591417428692
Sacramento,2019-03,2.513333333333333,73.68817204301075,4.68516129032258,3485.3999999999996,1.6666666666666667,54.16559139784946,34.0,7.0,7.05,20587.3912,118.1283,0.6344489271785866
Sacramento,2019-04,0.45,69.16932129173507,5.040333333333333,3629.1666666666665,0.6666666666666666,60.71555555555556,47.0,13.5,2.8000000000000003,46958.9539,3497.8048,0.380669356307152
Sacramento,2019-05,2.7566666666666664,69.40086021505375,6.231720430107527,4636.599999999999,3.0,63.61902113459399,47.0,11.0,20.869999999999997,35813.6912,10127.7592,0.5075591417428692
Sacramento,2019-06,0.0066666666666666,50.65,7.054111111111112,5079.099999999999,6.333333333333333,70.50711111111112,49.0,18.0,426.85,8742.9607,12516.8742,0.8247836053321627
Sacramento,2019-07,0.0133333333333333,49.97849462365591,6.067204301075269,4514.0,1.6666666666666667,73.20752688172043,43.0,18.0,620.41,8208.9308,13383.6896,0.5075591417428692
Sacramento,2019-08,0.01,51.182795698924735,6.07763440860215,4521.833333333333,2.6666666666666665,73.9731182795699,37.0,19.0,1252.62,4056.1476,698.9759,0.4441142490250106
Sacramento,2019-09,0.38,53.27777777777778,5.631777777777778,4055.3666666666663,2.3333333333333335,70.42222222222223,32.0,15.5,876.51,3470.9961,301.0887,0.571004034460728
Sacramento,2019-10,0.4666666666666667,44.59318996415771,4.700752688172043,3497.9,1.6666666666666667,61.659139784946234,51.0,37.0,291.38,446.8031,16.5696,0.4441142490250106
Sacramento,2019-11,0.7966666666666665,63.88888888888889,3.321333333333333,2391.4,0.6666666666666666,55.47555555555556,67.0,44.0,323.8,254.6961,682.1046,0.95167339076788
Sacramento,2019-12,4.093333333333333,87.3010752688172,3.470752688172043,2581.9,0.6666666666666666,52.443010752688174,53.0,11.0,3.6,286.0237,329.6095,0.2537795708714346
Sacramento,2020-01,1.4266666666666667,87.93548387096774,3.691935483870968,2746.5,0.0,50.03763440860215,59.0,13.0,0.0,647.2689,107.609,0.504713710611038
Sacramento,2020-02,0.0133333333333333,59.747126436781606,4.343563218390805,3023.2666666666664,1.3333333333333333,50.98275862068965,57.0,20.0,0.0,1955.0197,840.8737,0.3785352829582785
Sacramento,2020-03,2.106666666666667,70.51612903225806,4.307096774193549,3204.3333333333335,1.0,54.1731182795699,26.0,8.0,0.0,34742.6638,1559.3119,0.4416244967846582
Sacramento,2020-04,2.286666666666666,63.844444444444456,5.5986666666666665,4031.1666666666665,2.6666666666666665,59.45666666666667,31.0,12.0,0.0,27172.1888,7289.1328,0.1892676414791392
Sacramento,2020-05,0.5733333333333334,53.548387096774185,6.122258064516129,4555.099999999999,2.6666666666666665,66.46989247311828,28.0,13.0,0.25,10645.8768,12702.44,0.252356855305519
Sacramento,2020-06,0.1633333333333333,46.92222222222222,7.136666666666667,5138.666666666667,6.0,71.19444444444444,39.5,15.0,0.6,11621.4263,10667.2531,0.1892676414791392
Sacramento,2020-07,0.0333333333333333,47.87096774193549,7.7945161290322575,5799.266666666667,9.666666666666666,73.11397849462365,39.0,16.0,29.0,4894.4257,8512.6629,0.1261784276527595
Sacramento,2020-08,0.0433333333333333,48.909781576448246,6.158709677419355,4582.066666666667,3.0,74.73136818687429,54.0,34.0,0.1,2416.4258,349.6974,0.3154460691318987
Sacramento,2020-09,0.0,51.32183908045977,5.441666666666666,3918.1999999999994,2.6666666666666665,71.50555555555555,87.0,52.0,0.0,2529.6729,68.1161,0.3154460691318987
Sacramento,2020-10,0.0166666666666666,48.96031746031746,4.198064516129032,3123.633333333333,1.3333333333333333,65.93763440860215,68.0,51.0,0.0,216.8374,120.9029,0.3154460691318987
Sacramento,2020-11,0.7066666666666667,64.07777777777778,3.6556666666666664,2632.1666666666665,1.3333333333333333,55.28111111111111,63.5,26.5,0.0,322.0342,695.3233,0.504713710611038
Sacramento,2020-12,1.8,76.5078853046595,3.736365591397849,2744.7000000000003,0.6666666666666666,49.682473118279574,68.0,21.0,0.0,312.4432,3170.1936,0.0630892138263797
Sacramento,2021-01,1.6466666666666665,80.84193548387096,4.735483870967742,3523.5,3.0,49.69032258064516,58.0,20.5,1.13,243.7314,0.4544,0.314846392741909
Sacramento,2021-02,0.7266666666666666,66.22619047619048,5.065476190476191,3403.7333333333336,0.6666666666666666,51.530952380952385,32.0,12.5,1.2,2208.6211,17.2997,0.314846392741909
Sacramento,2021-03,1.4966666666666668,60.95698924731183,5.321182795698925,3959.4,1.6666666666666667,52.75376344086021,39.0,13.0,4.909999999999999,27934.0614,912.3553,0.3778156712902908
Sacramento,2021-04,0.0266666666666666,54.8,6.277666666666666,4519.766666666666,3.3333333333333335,60.01777777777778,48.5,21.0,13.9,31659.4275,3598.9338,0.4407849498386727
Sacramento,2021-05,0.01,46.69744160177976,7.390430107526882,5498.599999999999,6.333333333333333,66.62043010752689,40.0,21.0,169.92000000000002,8828.2914,11349.9283,0.3778156712902908
Sacramento,2021-06,0.0033333333333333,48.11111111111111,8.040666666666667,5788.766666666667,10.666666666666666,72.29333333333334,35.0,16.0,40.72,7390.8186,7291.7882,0.1259385570967636
Sacramento,2021-07,0.0033333333333333,45.25806451612903,7.495376344086021,5576.8,9.333333333333334,75.29247311827957,51.0,19.0,4.8,5409.1289,6557.5503,0.5667235069354364
Sacramento,2021-08,0.01,48.784946236559136,6.588064516129033,4901.066666666667,5.333333333333333,74.21827956989247,71.0,26.0,2620.24,5372.8541,2683.2012,0.5037542283870545
Sacramento,2021-09,0.0766666666666666,48.63333333333333,5.668666666666667,4081.433333333333,3.6666666666666665,71.99777777777778,60.0,28.0,412.04,5270.1851,362.5805,0.7556313425805817
Sacramento,2021-10,6.216666666666666,61.50537634408602,4.556344086021505,3390.133333333333,1.3333333333333333,64.05268817204302,48.0,21.0,1.02,3809.7199,25.754,0.3778156712902908
Sacramento,2021-11,0.92,85.62222222222222,3.0003333333333333,2160.133333333333,0.0,58.22666666666667,61.0,17.5,0.0,304.7576,18.4039,0.5037542283870545
Sacramento,2021-12,7.23,91.10752688172045,4.644838709677419,3455.8333333333335,2.0,50.99032258064516,67.0,13.0,0.0,127.9842,52.2544,0.4407849498386727
Sacramento,2022-01,0.1033333333333333,83.59139784946235,3.1646236559139784,2354.7333333333336,0.3333333333333333,49.23010752688172,82.0,26.0,1.0,244.1172,16.9976,0.443021151095528
Sacramento,2022-02,0.0066666666666666,62.654761904761905,4.295000000000001,2886.0333333333333,2.6666666666666665,50.13571428571428,70.5,26.0,11.0,1125.4178,81.9141,0.443021151095528
Sacramento,2022-03,0.4966666666666667,62.04301075268817,5.424193548387097,4035.6333333333337,1.6666666666666667,55.13333333333333,42.0,11.0,82.0,27564.4231,118.9247,0.1898662076123691
Sacramento,2022-04,1.2,55.82222222222222,6.66,4795.333333333333,4.666666666666667,60.58222222222222,35.0,12.0,45.0,26548.6027,373.464,0.1898662076123691
Sacramento,2022-05,0.0233333333333333,48.91111111111112,7.433548387096775,5530.566666666667,7.0,66.30645161290323,29.0,13.0,1430.0,7093.5535,33.1254,0.5695986228371075
Sacramento,2022-06,0.1866666666666666,43.08888888888888,6.6865555555555565,4814.666666666667,4.666666666666667,73.46888888888888,32.5,15.5,1476.0,7222.6029,1806.9947,0.1898662076123691
Sacramento,2022-07,0.0833333333333333,49.23328213005632,7.700863799283155,5643.333333333333,10.0,75.85329749103943,33.0,15.0,10257.0,5747.6103,4478.9165,0.0632887358707897
Sacramento,2022-08,0.06,48.70860215053764,6.681827956989248,4971.5,6.0,76.57956989247312,37.0,19.0,349.0,5889.5398,656.8536,0.443021151095528
Sacramento,2022-09,0.82,51.28939974457216,5.3373333333333335,3843.4,2.6666666666666665,74.82555555555555,46.5,21.0,167575.0,9440.1482,76.1199,0.1898662076123691
Sacramento,2022-10,0.0166666666666666,57.365591397849464,4.799784946236559,3570.966666666667,2.3333333333333335,67.9279569892473,52.0,26.0,194.0,3607.2955,134.4297,0.3164436793539485
Sacramento,2022-11,1.4166666666666667,67.77777777777777,3.527111111111111,2539.5333333333333,0.0,54.093333333333334,59.5,18.5,43.0,384.3331,81.6031,0.2531549434831588
Sacramento,2022-12,9.616666666666667,90.53637374860956,4.217096774193548,3137.6,2.0,49.36129032258065,67.0,14.0,1.0,240.1883,54.9793,0.1898662076123691
Sacramento,2023-01,6.8,79.25806451612904,6.647634408602151,4945.966666666666,6.333333333333333,50.22258064516129,36.0,6.5,1.0,169.6592,140.3305,0.0631367738245037
Sacramento,2023-02,2.5766666666666667,73.70238095238095,5.358928571428572,3601.3333333333335,2.3333333333333335,48.292857142857144,57.0,12.0,126.0,1201.4017,113.2844,0.3156838691225188
Sacramento,2023-03,4.793333333333333,75.94623655913979,5.906129032258065,4394.166666666667,3.3333333333333335,51.68709677419355,36.0,6.0,2.0,23935.4646,162.2498,0.6313677382450377
Sacramento,2023-04,0.1966666666666666,61.71111111111111,5.918444444444444,4261.433333333333,3.6666666666666665,58.78111111111111,38.0,11.5,30.0,21855.5811,2080.8716,0.7576412858940451
Sacramento,2023-05,0.4233333333333333,68.47813620071685,6.156559139784946,4580.533333333334,3.0,66.09354838709677,41.0,12.0,362.0,15274.1412,4147.8791,0.252547095298015
Sacramento,2023-06,0.0033333333333333,61.36666666666667,7.626777777777778,5491.766666666666,8.666666666666666,70.87222222222222,39.0,14.5,447.0,11354.1891,4582.2963,0.1262735476490075
Sacramento,2023-07,0.0033333333333333,47.78371735791091,6.49763440860215,4833.833333333333,5.333333333333333,76.35268817204302,48.0,17.0,924.0,9643.2021,5058.9342,0.1894103214735112
Sacramento,2023-08,0.0533333333333333,53.654275473630314,5.916021505376345,4401.7,2.0,77.19247311827957,49.0,20.0,114023.0,8722.8299,3439.5254,0.3788206429470225
Sacramento,2023-09,0.0333333333333333,60.692929292929286,5.818666666666666,4189.3,3.3333333333333335,72.74777777777778,41.5,14.5,54228.0,2766.5323,1041.6505,0.1262735476490075
Sacramento,2023-10,0.61,60.39784946236559,4.13,3072.7666666666664,0.6666666666666666,67.61827956989247,44.0,20.0,198.0,2428.4725,193.6274,0.4419574167715263
Sacramento,2023-11,0.7366666666666667,67.13333333333334,3.4075555555555557,2453.6,0.0,57.60444444444445,62.0,21.0,158.0,1763.773,69.3256,0.4419574167715263
Sacramento,2023-12,3.313333333333333,85.66810035842293,3.286451612903226,2444.7999999999997,0.0,52.23225806451613,58.0,19.0,42.0,92.065,18.7205,0.6313677382450377
Sacramento,2024-01,3.716666666666667,87.87096774193549,4.378709677419355,3257.433333333333,0.3333333333333333,51.97956989247312,47.0,12.0,0.0,,,0.5623833054641162
Sacramento,2024-02,4.4366666666666665,83.18390804597702,4.732068965517242,3293.566666666667,1.6666666666666667,53.75977011494253,40.0,8.0,2.0,,,0.3124351697022868
Sacramento,2024-03,1.6499999999999997,75.24731182795699,5.381290322580646,4004.066666666667,2.0,56.222580645161294,24.0,7.0,20.0,,,0.4998962715236588
Sacramento,2024-04,1.346666666666667,70.93333333333334,5.0136666666666665,3609.8333333333335,1.0,60.08111111111111,36.0,13.0,14.0,,,0.2499481357618294
Sacramento,2024-05,0.6699999999999999,56.41935483870967,6.571505376344086,4889.099999999999,3.3333333333333335,65.447311827957,37.0,17.0,239.0,,,0.5623833054641162
Sacramento,2024-06,0.0066666666666666,48.6,6.182555555555556,4451.466666666667,2.6666666666666665,73.2688888888889,51.5,18.0,35650.0,,,0.3749222036427441
Sacramento,2024-07,0.0,46.65860215053763,6.352043010752689,4726.066666666667,5.0,75.8225806451613,52.0,17.0,36676.0,,,0.9373055091068604
Sacramento,2024-08,0.06,49.193548387096776,6.326129032258065,4706.833333333333,5.333333333333333,73.46666666666667,51.0,16.0,2662.0,,,0.5623833054641162
Sacramento,2024-09,0.11,53.47777777777778,5.6642222222222225,4078.3000000000006,3.3333333333333335,71.06555555555555,52.5,17.0,921.0,,,0.187461101821372
Sacramento,2024-10,0.1533333333333333,53.20353302611367,4.413978494623656,3283.9666666666667,0.6666666666666666,66.48279569892473,51.0,24.0,124.0,,,0.6248703394045736
Sacramento,2024-11,3.635,71.90833333333333,3.6410833333333334,2621.5,0.5,55.281666666666666,51.0,13.5,21220.0,,,0.6873573733450309
Sacramento,2024-12,3.7225,88.8521505376344,3.780967741935484,2813.275,0.75,52.12741935483871,58.0,15.0,3.0,,,0.7498444072854882
San Bernardino,2001-01,1.5500000000000005,65.05430107526881,4.448064516129032,3309.2,0.5,46.788709677419355,84.5,19.0,,69.4444,545.63,0.0567945927004181
San Bernardino,2001-02,1.855,70.92592592592592,6.303571428571429,4235.9,4.5,47.86964285714285,68.0,14.0,,132.6712,193.125,0.0
San Bernardino,2001-03,0.52,59.25806451612903,5.89258064516129,4384.35,1.5,55.21290322580646,99.5,23.0,,230.2196,414.4461,0.1135891854008363
San Bernardino,2001-04,0.435,50.56896551724138,8.475999999999999,6102.700000000001,10.0,57.788333333333334,74.5,28.5,,417.4528,281.1513,0.0
San Bernardino,2001-05,0.0499999999999999,33.65,6.6366129032258065,4937.950000000001,2.0,66.92258064516129,100.5,31.0,,55.1676,356.3198,0.0
San Bernardino,2001-06,0.0,27.62315270935961,8.154166666666667,5871.450000000001,6.5,70.60166666666666,75.5,35.0,,390.9608,517.7325,0.1135891854008363
San Bernardino,2001-07,0.25,32.86774193548387,7.064123655913979,5177.85,3.0,72.95,80.0,27.0,,24.6789,629.851,0.0
San Bernardino,2001-08,0.005,30.483870967741936,6.176774193548386,4595.55,2.0,73.69193548387096,77.5,32.0,,60.625,497.9725,0.1135891854008363
San Bernardino,2001-09,0.335,33.6865763546798,5.522333333333334,3781.45,0.0,71.19999999999999,78.0,35.0,,81.7876,828.9063,0.0567945927004181
San Bernardino,2001-10,0.13,37.33978494623656,4.733548387096774,3521.5,1.0,65.89193548387097,99.0,35.5,,56.5,309.5216,0.0567945927004181
San Bernardino,2001-11,0.7450000000000001,59.39770114942529,4.526166666666667,3258.8999999999996,1.5,58.51833333333334,100.0,19.0,,64.4055,280.4975,0.1703837781012545
San Bernardino,2001-12,0.41,60.09065628476085,4.284032258064515,3187.25,0.0,50.63548387096774,76.5,20.0,,152.9543,292.875,0.0567945927004181
San Bernardino,2002-01,0.08,51.45161290322581,4.122258064516129,3066.3,0.0,48.480645161290326,82.0,23.0,,55.5986,934.292,0.0555620069219148
San Bernardino,2002-02,0.0,37.714285714285715,4.681964285714286,3146.2,0.5,44.21071428571429,97.5,25.5,,63.7211,755.542,0.0555620069219148
San Bernardino,2002-03,0.11,41.0,5.740967741935483,4271.450000000001,2.0,54.10645161290323,82.0,29.0,,71.2793,148.917,0.0
San Bernardino,2002-04,0.115,45.23735632183908,7.647,5506.200000000001,5.5,60.58166666666666,74.5,28.5,,71.6208,241.785,0.1666860207657444
San Bernardino,2002-05,0.0,36.46774193548387,7.522903225806452,5596.700000000001,5.0,65.13225806451612,77.0,34.0,,99.7949,264.5215,0.0
San Bernardino,2002-06,0.0,26.22241379310345,7.731666666666667,5566.65,4.5,71.03833333333333,78.5,38.0,,14.4091,243.108,0.1666860207657444
San Bernardino,2002-07,0.02,25.306451612903224,6.468387096774194,4812.5,0.5,75.07419354838709,75.0,31.0,,324.2803,320.1943,0.1111240138438296
San Bernardino,2002-08,0.415,23.483870967741936,6.55741935483871,4878.5,0.5,73.25322580645161,84.0,39.0,,46.5802,254.625,0.1111240138438296
San Bernardino,2002-09,3.56,29.933333333333337,5.230833333333333,3766.35,1.0,70.38166666666666,88.5,39.0,,13.6723,443.0625,0.0
San Bernardino,2002-10,0.03,40.596774193548384,4.9920967741935485,3714.1,1.0,63.45161290322581,114.5,38.0,,36.2827,439.0429,0.1111240138438296
San Bernardino,2002-11,0.265,36.628571428571426,4.897,3525.7,3.0,55.45666666666666,80.0,31.0,,46.2082,575.0,0.0
San Bernardino,2002-12,0.715,63.20852534562212,4.884032258064516,3633.15,1.5,49.56200716845878,90.0,22.0,,5.4735,348.4375,0.1666860207657444
San Bernardino,2003-01,0.03,51.08064516129032,3.9675806451612905,2952.3,1.0,49.5741935483871,82.0,29.0,,8.0076,551.1875,0.108335612895188
San Bernardino,2003-02,16.985,52.91468253968254,5.902678571428572,3967.0,2.0,49.73571428571428,70.0,23.0,,111.6497,84.682,0.054167806447594
San Bernardino,2003-03,4.765000000000001,48.54838709677419,6.940322580645161,5163.75,4.5,54.16774193548387,63.0,19.0,,148.3811,619.7051,0.0
San Bernardino,2003-04,1.06,50.71666666666667,9.564333333333334,6887.0,14.5,56.196666666666665,58.5,21.0,,21.9181,587.2001,0.0
San Bernardino,2003-05,0.185,37.87903225806451,7.829516129032259,5825.55,7.5,63.55645161290323,84.0,28.0,,35.6427,117.9375,0.0
San Bernardino,2003-06,0.02,32.93333333333334,7.7375,5571.2,6.0,71.19,87.0,32.5,,57.6455,240.372,0.0
San Bernardino,2003-07,0.065,28.841013824884794,6.547903225806452,4871.6,2.5,74.07096774193548,79.0,39.0,,7.039,549.0358,0.162503419342782
San Bernardino,2003-08,0.03,31.859447004608292,5.976290322580645,4446.6,0.0,74.24790322580645,64.0,27.0,,42.5631,456.0523,0.108335612895188
San Bernardino,2003-09,0.0,30.016666666666666,5.314833333333333,3826.9,2.0,71.51833333333333,90.5,33.0,,5.7913,334.4286,0.054167806447594
San Bernardino,2003-10,0.03,30.87096774193548,4.965483870967742,3694.6,2.5,65.94354838709677,91.0,37.0,,10.3823,678.125,0.108335612895188
San Bernardino,2003-11,1.225,56.95,4.616833333333333,3323.7,1.5,54.086666666666666,85.0,21.0,,7.4257,334.375,0.162503419342782
San Bernardino,2003-12,0.375,54.57230255839822,5.29241935483871,3937.9,4.0,47.430645161290315,83.0,21.0,,50.3494,278.3125,0.054167806447594
San Bernardino,2004-01,0.17,52.483870967741936,4.775161290322581,3552.8999999999996,2.0,45.44354838709677,71.0,27.0,,68.685,1285.3215,0.1053149839526293
San Bernardino,2004-02,2.315,57.63793103448276,5.695689655172414,3963.9,3.0,46.5948275862069,58.0,17.0,,93.4767,543.535,0.1053149839526293
San Bernardino,2004-03,0.3366666666666666,45.61648745519714,4.968745519713262,3021.3333333333335,1.3333333333333333,52.66075268817204,71.0,29.0,,74.0675,965.0,0.1579724759289439
San Bernardino,2004-04,0.5166666666666667,44.10038314176245,6.3438888888888885,4567.3,4.0,56.306666666666665,86.0,29.5,,65.8258,297.7536,0.0526574919763146
San Bernardino,2004-05,0.01,41.483870967741936,7.293870967741936,5426.666666666667,5.666666666666667,61.47311827956989,63.5,34.0,,1.3751,513.5038,0.1579724759289439
San Bernardino,2004-06,0.0066666666666666,38.22222222222222,6.471333333333333,4659.266666666666,1.6666666666666667,65.92111111111112,83.5,36.0,,114.7029,423.4375,0.1579724759289439
San Bernardino,2004-07,0.01,29.301075268817204,6.191612903225806,4606.466666666666,0.6666666666666666,68.23309438470729,71.5,28.0,,39.3416,1076.0975,0.1579724759289439
San Bernardino,2004-08,0.7833333333333332,37.11605487578792,5.439354838709678,4047.066666666667,0.6666666666666666,68.24408602150538,76.0,33.0,,65.3168,851.3125,0.0526574919763146
San Bernardino,2004-09,0.0666666666666666,36.824521072796934,4.019888888888889,2894.1,0.6666666666666666,64.80555555555556,71.0,33.0,,16.2847,968.8594,0.1053149839526293
San Bernardino,2004-10,7.580000000000001,56.15340501792115,5.239462365591398,3898.133333333333,2.6666666666666665,57.77573476702509,84.5,28.0,,2.9688,454.9375,0.2106299679052586
San Bernardino,2004-11,1.3066666666666666,65.73333333333333,4.53,3261.8333333333335,1.0,48.663333333333334,82.5,19.0,,1.75,517.5875,0.1053149839526293
San Bernardino,2004-12,4.1866666666666665,62.964516129032255,4.981720430107527,3706.5333333333338,2.3333333333333335,43.3741935483871,67.0,23.0,,47.0292,384.5625,0.0526574919763146
San Bernardino,2005-01,4.239999999999999,77.27803379416282,5.176436251920123,3713.1,2.6666666666666665,43.98444700460829,64.0,18.0,,142.8314,349.6819,0.360096382368858
San Bernardino,2005-02,2.9966666666666666,77.20238095238095,5.039880952380952,3386.4666666666667,1.0,45.30714285714286,67.0,16.0,,97.7522,803.7944,0.1543270210152248
San Bernardino,2005-03,0.7566666666666667,62.90322580645161,6.421612903225807,4777.533333333334,3.6666666666666665,48.54301075268817,59.0,18.0,,31.5828,7565.8346,0.1028846806768165
San Bernardino,2005-04,0.3133333333333333,49.72222222222222,6.932555555555556,4991.3,6.666666666666667,52.28111111111111,62.0,20.5,,18.8055,7386.438,0.1028846806768165
San Bernardino,2005-05,0.06,49.44086021505376,6.513763440860216,4845.733333333334,4.333333333333333,60.54731182795698,75.0,28.0,,30.7331,6861.9149,0.1543270210152248
San Bernardino,2005-06,0.0166666666666666,41.21111111111112,7.051555555555556,5077.099999999999,3.0,65.56333333333333,66.0,34.5,,75.6714,6998.9517,0.1543270210152248
San Bernardino,2005-07,1.3675000000000002,47.621292014437174,4.7369786262124975,3043.125,0.25,70.90378599894728,78.5,34.0,,43.5566,7201.275,0.1028846806768165
San Bernardino,2005-08,0.925,44.815524193548384,4.102177419354839,3051.775,0.25,69.51370967741936,81.0,30.0,,60.1227,8126.4521,0.0
San Bernardino,2005-09,0.4475,40.26752873563218,4.459416666666667,3210.625,1.0,63.65166666666667,78.0,31.5,,5.75,7491.8627,0.0514423403384082
San Bernardino,2005-10,1.38,51.17612903225806,4.596370967741936,3419.425,0.25,56.873387096774195,72.0,25.0,,10.4036,6925.8095,0.2057693613536331
San Bernardino,2005-11,0.0075,46.604905582922825,4.471333333333334,3219.4,0.5,49.83083333333333,84.0,36.0,,11.3457,7484.6698,0.3086540420304497
San Bernardino,2005-12,0.065,54.36207330602492,4.218122119815668,3072.6000000000004,0.75,43.3628168202765,94.0,32.0,,12.827,8176.4618,0.1028846806768165
San Bernardino,2006-01,1.4525,54.63709677419355,5.289354838709677,3935.125,1.75,40.983870967741936,74.0,30.0,,22.8816,7930.278,0.2532748437294214
San Bernardino,2006-02,0.645,44.17857142857143,5.012053571428572,3368.075,1.25,42.63214285714286,64.0,31.5,,18.6261,7531.5,0.0506549687458842
San Bernardino,2006-03,2.4,63.153225806451616,6.580483870967742,4896.125,4.25,43.41935483870968,66.0,16.0,,65.7751,7434.2356,0.1013099374917685
San Bernardino,2006-04,3.2124999999999995,57.12797619047619,6.759166666666667,4866.325,4.75,49.545833333333334,52.5,20.5,,185.5641,7243.7733,0.1013099374917685
San Bernardino,2006-05,0.8575,41.49596774193549,5.595403225806451,4162.85,1.75,60.9008064516129,78.0,35.0,,28.7923,7140.0942,0.1013099374917685
San Bernardino,2006-06,0.5825,33.858333333333334,5.4310833333333335,3910.15,1.0,67.16666666666666,83.5,37.0,,38.1516,7435.5167,0.0506549687458842
San Bernardino,2006-07,0.47,41.40880893300248,5.239677419354838,3898.2,1.75,72.65620133481646,72.0,31.0,,5.6278,334.2081,0.1013099374917685
San Bernardino,2006-08,0.0125,31.529301075268815,5.41991935483871,4032.4,0.0,70.31935483870967,74.5,36.0,0.0,51.3904,7865.5604,0.2026198749835371
San Bernardino,2006-09,0.0,34.916666666666664,4.710333333333334,3391.025,1.0,65.88416666666666,80.0,38.0,0.0,246.4314,7554.0738,0.2532748437294214
San Bernardino,2006-10,0.035,45.21021505376344,4.766370967741936,3546.475,0.25,57.5,66.0,31.0,3.9,172.0067,7410.0758,0.0506549687458842
San Bernardino,2006-11,0.1425,44.49511494252874,4.680916666666667,3370.5,1.0,51.45230769230769,70.0,37.5,316.18,253.4646,6925.3448,0.2026198749835371
San Bernardino,2006-12,0.6125,48.03225806451613,4.629838709677419,3444.35,1.25,43.17436332767402,81.0,32.0,57.24,362.6448,8506.894,0.2026198749835371
San Bernardino,2007-01,0.205,43.03225806451613,5.2253225806451615,3887.575,1.75,40.86129032258065,61.5,29.0,873.65,94.7283,8136.2474,0.1505902384395638
San Bernardino,2007-02,1.1375,54.25,6.073928571428572,4081.425,3.75,45.070238095238096,65.5,28.0,55.05,401.07,7326.2907,0.0501967461465212
San Bernardino,2007-03,0.305,40.653225806451616,5.3261290322580646,3962.6,1.25,51.264516129032266,61.0,30.0,1896.9,609.3868,7769.5124,0.1003934922930425
San Bernardino,2007-04,0.41,44.56666666666666,6.044666666666667,4352.225,3.5,56.86222222222222,67.5,30.0,586.7,263.7236,7226.7479,0.2007869845860851
San Bernardino,2007-05,0.0699999999999999,33.23924731182796,4.478709677419355,3332.025,1.0,60.57008797653959,64.0,35.0,1197.25,391.0198,7399.822,0.1505902384395638
San Bernardino,2007-06,0.0175,28.03333333333333,6.042,4350.075,2.0,63.5625,71.0,39.0,78.0,420.6506,5811.5137,0.0
San Bernardino,2007-07,0.125,31.927419354838708,5.367177419354839,3993.475,0.0,67.03064516129032,64.0,34.0,786.75,380.2456,6512.9491,0.1505902384395638
San Bernardino,2007-08,0.1225,34.983870967741936,5.298306451612904,3941.65,0.5,67.61854838709678,68.0,31.0,71.29,343.7841,6372.8429,0.1003934922930425
San Bernardino,2007-09,0.48,43.3,5.4465,3921.45,0.75,63.83166666666666,59.5,25.5,608.5,748.6503,6354.1403,0.0501967461465212
San Bernardino,2007-10,0.035,40.774193548387096,5.425403225806451,4036.375,2.75,56.38306451612903,65.0,34.0,1130.4,555.6732,850.2606,0.1003934922930425
San Bernardino,2007-11,1.37,39.275,3.6619166666666665,2636.575,0.0,50.534166666666664,111.0,36.5,18.4,256.9678,989.5159,0.0501967461465212
San Bernardino,2007-12,0.8975,59.70967741935484,5.01016129032258,3727.3,2.0,40.262903225806454,63.0,19.0,5.5,141.1589,1145.2699,0.1003934922930425
San Bernardino,2008-01,3.5825,63.733870967741936,5.855080645161291,4355.975,4.25,38.01774193548387,57.0,21.0,6.41,73.5606,616.941,0.1996271962110758
San Bernardino,2008-02,1.01,54.76724137931035,5.704913793103449,3970.25,4.25,41.13965517241379,54.0,25.0,17.29,82.0693,431.4375,0.0499067990527689
San Bernardino,2008-03,0.08,40.29032258064516,6.027177419354839,4484.474999999999,3.75,48.03306451612903,68.0,31.0,788.0,112.8448,148.5625,0.0
San Bernardino,2008-04,0.01,36.20833333333333,6.605583333333334,4755.725,4.0,53.655833333333334,62.5,39.0,232.71,270.7367,168.0883,0.0499067990527689
San Bernardino,2008-05,0.045,43.21774193548387,6.404838709677419,4765.05,2.75,58.9991935483871,60.5,39.0,522.36,254.9225,116.1116,0.1497203971583068
San Bernardino,2008-06,0.0,28.40833333333333,5.91675,4260.35,2.0,63.84916666666667,68.0,47.5,347.28000000000003,251.2006,1270.3673,0.1497203971583068
San Bernardino,2008-07,0.0,38.48604218362283,5.154354838709677,3834.9,0.25,67.71451612903226,66.0,44.0,225.19,4.8808,1311.2251,0.0499067990527689
San Bernardino,2008-08,0.115,39.07258064516129,5.192338709677419,3863.125,0.5,67.08629032258065,61.0,41.0,213.95,525.3815,1356.4023,0.0
San Bernardino,2008-09,0.0625,38.891666666666666,4.2010000000000005,3024.675,0.0,64.31666666666666,66.0,43.0,299.65,1052.8174,668.3973,0.0
San Bernardino,2008-10,0.015,34.63709677419355,4.614838709677419,3433.65,2.0,56.935483870967744,61.0,44.0,600.12,452.6468,171.375,0.0
San Bernardino,2008-11,0.615,51.86999407042511,4.406,3172.5750000000003,1.0,51.67,64.0,31.5,30343.0,402.125,115.4976,0.1996271962110758
San Bernardino,2008-12,1.1725,60.26915322580645,4.759450604838709,3146.5,2.0,42.288655913978495,63.0,21.0,8.4,214.9915,419.7889,0.2994407943166137
San Bernardino,2009-01,0.055,51.10349462365591,4.42,3288.425,0.25,39.237096774193546,66.0,25.0,17.51,191.4274,1206.15,0.1986136765377663
San Bernardino,2009-02,2.6425,63.25892857142857,5.422499999999999,3643.7,2.75,39.83482142857143,61.0,19.5,974.65,160.4017,6354.6547,0.0993068382688831
San Bernardino,2009-03,0.01,47.40198511166253,5.782172043010752,3733.375,2.5,45.06464019851117,74.5,30.0,147.92000000000002,296.2375,7012.8329,0.1489602574033247
San Bernardino,2009-04,0.3,44.291666666666664,6.8395,4924.35,5.0,50.79333333333334,58.0,31.0,246.83,350.2427,6829.966,0.0496534191344415
San Bernardino,2009-05,0.0274999999999999,34.62096774193549,5.989193548387097,4455.725,2.75,61.744354838709675,72.0,42.0,768.93,289.8166,6861.6904,0.0496534191344415
San Bernardino,2009-06,0.1175,47.50833333333333,6.412833333333333,4617.675,3.75,63.30833333333333,74.5,25.0,236.99,349.5923,6628.3821,0.1489602574033247
San Bernardino,2009-07,0.1475,33.177419354838705,5.475725806451613,4073.9,0.25,68.18225806451613,84.0,40.0,867.21,2075.4133,7554.8374,0.1489602574033247
San Bernardino,2009-08,0.0825,31.25,5.13241935483871,3818.55,1.0,66.7491935483871,77.0,39.0,2135.2,1556.0817,6923.3595,0.1986136765377663
San Bernardino,2009-09,0.4175,33.233333333333334,4.627416666666667,3331.8250000000003,1.0,65.31083333333333,80.0,41.5,956.95,737.1227,6743.9452,0.1986136765377663
San Bernardino,2009-10,0.3125,41.66881720430108,5.017258064516129,3733.025,2.5,56.86693548387097,60.0,36.0,149.58,637.6661,7611.5781,0.1986136765377663
San Bernardino,2009-11,0.4024999999999999,41.09166666666667,4.12975,2973.525,0.0,49.59,67.5,30.5,45.66,252.5431,6819.0159,0.0993068382688831
San Bernardino,2009-12,2.2525,60.159946236559136,4.510967741935484,3356.4,2.0,41.218548387096774,70.0,24.0,11.68,201.9219,419.6443,0.3475739339410912
San Bernardino,2010-01,4.7375,63.814516129032256,3.740806451612903,2783.25,0.75,40.03387096774194,66.0,24.0,26.22,14.861,1550.7749,0.5880485022404648
San Bernardino,2010-02,3.255,67.75,4.640357142857143,3118.2,1.25,40.96339285714286,64.0,20.5,0.7,23.5,714.125,0.0980080837067441
San Bernardino,2010-03,0.4399999999999999,48.96774193548387,5.9716129032258065,4442.875,4.0,44.39677419354839,61.0,25.0,9.45,477.8035,1642.7986,0.049004041853372
San Bernardino,2010-04,1.4875,52.50398550724638,6.696938405797101,4495.775000000001,4.75,49.7231884057971,66.5,30.0,21.13,531.261,2928.0901,0.3430282929736045
San Bernardino,2010-05,0.1925,44.58870967741935,6.546774193548387,4871.075,5.25,57.34596774193548,66.0,33.0,2158.78,582.6942,2513.8359,0.2940242511202324
San Bernardino,2010-06,0.165,37.858333333333334,5.8334166666666665,4200.05,2.0,66.37833333333333,80.5,38.5,277.89,678.542,1958.1184,0.2940242511202324
San Bernardino,2010-07,0.2125,36.09435483870968,4.152177419354839,3088.95,0.25,71.87741935483871,83.0,35.0,1458.4,458.7789,2388.0141,0.3920323348269766
San Bernardino,2010-08,0.285,35.20967741935484,5.270322580645161,3921.2,0.5,87.19349798387097,61.0,36.0,750.47,978.3937,7362.3421,0.3430282929736045
San Bernardino,2010-09,0.275,34.891666666666666,4.427833333333333,3188.15,0.5,84.74583333333334,70.5,39.0,339.59999999999997,733.7346,1897.1043,0.1960161674134883
San Bernardino,2010-10,0.9375,58.356915896890264,4.43233870967742,3297.7,1.5,90.04173387096773,69.0,28.0,24.49,741.4989,2122.4664,0.3920323348269766
San Bernardino,2010-11,0.3339999999999999,47.276,5.323533333333334,3704.72,2.6,69.32608484848485,60.0,22.5,68.89,245.0323,2538.2557,0.2940242511202324
San Bernardino,2010-12,7.153999999999999,61.330713737490406,5.059831496694049,3477.74,2.4,59.957176918453214,64.0,21.0,42.89,0.2128,2366.4357,0.1960161674134883
San Bernardino,2011-01,0.192,51.819354838709685,4.098516129032258,3049.2,0.2,53.03225806451612,56.0,26.0,27.41,57.7407,1294.951,0.1456439355321683
San Bernardino,2011-02,2.4159999999999995,49.28571428571429,6.017785714285714,4043.960000000001,3.2,58.434285714285714,52.5,22.0,11.77,50.0369,1297.9399,0.0970959570214455
San Bernardino,2011-03,0.806,50.44150537634409,6.338516129032258,4715.7,3.2,63.034021505376344,63.0,29.0,1255.18,181.121,1466.5566,0.3398358495750596
San Bernardino,2011-04,0.204,44.00666666666667,7.071,5090.9400000000005,5.4,56.27733333333333,69.0,31.0,38.97,233.3674,881.1037,0.1941919140428911
San Bernardino,2011-05,0.07,41.19332591768632,7.537096774193548,5607.42,6.8,61.15806451612904,68.0,32.0,177.55,1005.7119,1029.2136,0.0970959570214455
San Bernardino,2011-06,0.032,33.56,6.544666666666667,4712.14,3.2,67.89333333333335,84.0,33.0,962.03,482.4028,1456.4694,0.3398358495750596
San Bernardino,2011-07,0.722,37.90322580645161,5.515032258064516,4103.219999999999,0.4,72.70774193548388,80.0,36.0,915.26,892.5845,7865.4475,0.0970959570214455
San Bernardino,2011-08,0.164,29.243225806451612,5.1243225806451616,3812.76,0.2,73.63290322580644,89.0,39.0,1965.59,787.6843,7548.9925,0.2427398925536139
San Bernardino,2011-09,0.2219999999999999,39.34,4.3078666666666665,3101.54,0.2,70.13266666666667,93.0,42.0,6699.83,778.0129,7623.0458,0.2427398925536139
San Bernardino,2011-10,0.7360000000000001,38.86451612903225,4.429548387096775,3295.76,1.0,62.10838709677419,73.0,32.0,110.87,1017.4942,7327.9599,0.3398358495750596
San Bernardino,2011-11,0.5860000000000001,52.84,4.590066666666667,3304.7,0.8,50.13466666666666,64.5,21.5,30.53,204.2102,7023.7516,0.0970959570214455
San Bernardino,2011-12,0.3283333333333333,45.45698924731183,4.048064516129032,3011.383333333333,0.5,42.7,64.0,25.0,18.3,59.8695,1033.9498,0.1941919140428911
San Bernardino,2012-01,0.21,36.666666666666664,4.347043010752688,3234.0499999999997,0.8333333333333334,43.61989247311828,63.0,28.0,49.93,71.5212,372.1405,0.3378888799321519
San Bernardino,2012-02,0.4916666666666667,44.58045977011494,5.313735632183907,3698.116666666667,1.5,45.970689655172414,60.0,25.0,21.75,157.2694,912.7256,0.2896190399418444
San Bernardino,2012-03,1.231666666666667,39.51075268817204,6.328796811271784,4658.016666666666,3.8333333333333335,50.2978494623656,64.0,29.0,20.63,100.2546,1021.0693,0.3378888799321519
San Bernardino,2012-04,0.7383333333333333,37.30555555555555,6.000055555555555,4320.25,2.8333333333333335,57.961666666666666,66.0,26.0,43.95,258.8166,6058.6419,0.3378888799321519
San Bernardino,2012-05,0.18,29.768267753751623,6.053205413422321,4445.366666666667,3.5,67.12847286226318,85.0,40.0,509.18,300.0898,6332.0553,0.1930793599612296
San Bernardino,2012-06,0.035,25.016954022988504,6.111611111111112,4400.433333333333,2.5,72.03111111111112,57.5,36.5,3154.2000000000003,482.0439,6542.9376,0.2896190399418444
San Bernardino,2012-07,0.8816666666666667,33.63917050691244,5.4218817204301075,4033.816666666666,0.6666666666666666,75.76075268817205,72.0,37.0,1379.89,464.3688,6878.5316,0.1448095199709222
San Bernardino,2012-08,0.9166666666666666,40.96574500768049,4.628064516129032,3443.4166666666665,0.5,77.39408602150537,73.0,38.0,4723.75,164.6639,5747.1619,0.2413491999515371
San Bernardino,2012-09,0.1116666666666666,34.387918871252204,4.389055555555555,3160.2833333333333,0.5,72.80888888888889,68.0,39.5,632.97,168.1304,5614.097,0.1930793599612296
San Bernardino,2012-10,0.035,38.18279569892473,4.454784946236559,3314.2666666666664,1.0,63.225806451612904,58.0,34.0,33.25,257.9238,5362.9261,0.1930793599612296
San Bernardino,2012-11,0.1916666666666666,43.152505157677574,4.202833333333333,3026.2000000000003,1.3333333333333333,53.19,65.5,34.0,127.61,356.1454,1331.8433,0.2413491999515371
San Bernardino,2012-12,1.02,59.2554452715743,4.8959836718438865,3557.383333333333,1.8333333333333333,47.03661887694145,57.0,23.0,12.69,125.6359,437.9983,0.0482698399903074
San Bernardino,2013-01,0.6283333333333333,46.19873271889401,4.498746755654431,3312.633333333333,1.1666666666666667,43.465480163144235,56.0,21.0,55.95,212.0163,494.4185,0.1923004810396533
San Bernardino,2013-02,0.2716666666666666,44.39880952380952,4.886488095238096,3283.65,1.1666666666666667,46.50952380952381,56.0,25.5,422.99,376.0058,657.3837,0.1923004810396533
San Bernardino,2013-03,0.1633333333333333,38.431067588325654,5.43978494623656,4047.2666666666664,1.1666666666666667,52.98817204301075,66.0,35.0,24.39,212.6513,825.6514,0.0961502405198266
San Bernardino,2013-04,0.0083333333333333,33.18,6.457922222222223,4488.05,4.166666666666667,59.58255555555556,63.0,41.5,137.35,293.9729,712.6717,0.14422536077974
San Bernardino,2013-05,0.1033333333333333,34.96749033317443,6.51231182795699,4845.483333333334,4.166666666666667,66.04462365591398,65.0,39.0,4300.99,579.0365,712.9351,0.2403756012995666
San Bernardino,2013-06,0.0,28.04722222222222,5.765777777777778,4151.216666666666,1.5,72.80333333333333,75.0,38.0,704.32,619.6156,843.1591,0.14422536077974
San Bernardino,2013-07,0.3233333333333333,33.44778545826933,5.258924731182796,3912.5166666666664,0.5,77.44193548387098,76.0,37.0,27822.65,705.6043,1639.8342,0.3365258418193933
San Bernardino,2013-08,0.2,30.49215821812596,5.185645161290323,3857.9166666666665,0.5,75.63010752688172,73.0,37.0,20687.99,1572.8436,945.5129,0.3365258418193933
San Bernardino,2013-09,0.4733333333333333,32.849603174603175,4.779888888888888,3441.3500000000004,0.8333333333333334,71.26,63.0,38.0,125.01,1571.7913,1153.0521,0.0480751202599133
San Bernardino,2013-10,0.1366666666666667,31.218434062538623,4.588050797182054,3347.133333333333,1.3333333333333333,59.14136695093313,63.0,39.0,236.24,308.2995,1097.1788,0.28845072155948
San Bernardino,2013-11,0.866,45.270114942528735,3.5568666666666666,2561.16,0.2,50.33133333333333,60.5,28.5,23.34,206.7495,861.7762,0.1923004810396533
San Bernardino,2013-12,0.076,40.851612903225806,4.1818064516129025,3111.04,1.0,44.06322580645161,53.0,27.0,8.3,210.1219,298.3001,0.14422536077974
San Bernardino,2014-01,0.03,32.722580645161294,3.59341935483871,2673.34,0.4,44.35806451612903,69.0,40.0,64.67,548.8659,509.716,0.1908670134084076
San Bernardino,2014-02,0.94,40.90124223602484,4.589428571428572,3083.82,0.8,48.19,65.5,36.0,24.9,994.5014,804.022,0.1431502600563057
San Bernardino,2014-03,0.282,39.16969696969697,4.71916129032258,3352.76,1.6,52.39947214076246,61.0,33.0,467.91,1290.0841,816.5856,0.0954335067042038
San Bernardino,2014-04,0.2319999999999999,35.28,5.369933333333334,3866.44,1.4,57.398,57.5,34.5,364.43,1262.6995,779.1259,0.0
San Bernardino,2014-05,0.1,33.29610421836229,5.82483870967742,4333.4400000000005,2.2,63.07182795698925,60.0,37.0,179.11,1648.6944,900.2822,0.1431502600563057
San Bernardino,2014-06,0.024,26.013333333333332,5.731199999999999,4126.64,1.6,69.14923809523809,77.5,46.0,196.55,4178.855,601.3569,0.0954335067042038
San Bernardino,2014-07,0.2759999999999999,33.11570751126983,5.291096774193548,3936.48,0.8,69.66801075268816,76.0,37.0,229.17,5549.464,622.2332,0.2863005201126115
San Bernardino,2014-08,0.416,36.82269187986652,5.114903225806452,3805.92,0.6,70.74610853382242,73.0,33.0,35.29,3567.2388,897.6383,0.1431502600563057
San Bernardino,2014-09,0.5040000000000001,40.26833333333333,4.655466666666667,3352.12,0.2,68.51333333333334,68.5,36.5,35.24,4115.01,1096.3345,0.0954335067042038
San Bernardino,2014-10,0.0,33.07142857142857,3.927806451612903,2922.58,0.2,60.37870967741935,73.0,45.0,23.71,3181.1696,697.3415,0.0954335067042038
San Bernardino,2014-11,0.3279999999999999,36.1,4.2324,3047.5,0.8,51.11333333333333,59.5,32.5,115.74,534.2212,475.061,0.1431502600563057
San Bernardino,2014-12,1.948,61.277419354838706,4.037096774193548,3003.56,0.2,46.85032258064516,60.0,22.0,4.51,662.7043,738.5484,0.1431502600563057
San Bernardino,2015-01,0.548,49.23440860215054,3.3085161290322582,2461.5,0.0,43.62387096774194,67.0,25.0,9.44,193.8071,503.0689,0.0473690069324541
San Bernardino,2015-02,0.5016666666666667,42.415616246498594,5.298333333333333,2567.016666666667,1.0,49.47876984126984,67.0,31.0,7014.86,766.7303,679.871,0.0947380138649083
San Bernardino,2015-03,0.2033333333333333,34.76881720430107,4.920645161290323,3660.75,0.8333333333333334,52.9264705882353,61.0,30.0,29.64,676.6671,795.6671,0.0947380138649083
San Bernardino,2015-04,0.0866666666666666,32.422222222222224,5.989888888888889,4312.716666666666,2.5,56.55222222222222,60.5,37.5,1359.9399999999998,645.3904,470.4901,0.2368450346622708
San Bernardino,2015-05,0.3266666666666666,41.81182795698925,6.666397849462366,4959.650000000001,3.8333333333333335,61.33387096774194,60.0,28.0,37.2,320.8605,765.8484,0.1421070207973624
San Bernardino,2015-06,0.3866666666666666,28.594444444444445,5.913833333333334,4257.716666666666,3.0,68.34777777777778,77.0,41.0,308.01,1339.3715,2023.843,0.1421070207973624
San Bernardino,2015-07,1.4883333333333333,40.0321186778176,5.721881720430107,4256.866666666666,2.0,70.82150537634409,65.0,32.0,459.01,2345.9078,675.8969,0.0947380138649083
San Bernardino,2015-08,0.3616666666666666,29.249061567526528,5.571129032258064,4144.849999999999,1.5,71.09784946236559,72.0,38.0,1198.64,2110.9247,1035.8718,0.2842140415947249
San Bernardino,2015-09,0.6566666666666666,39.9,5.1755555555555555,3726.4666666666662,0.8333333333333334,69.33075396825397,66.0,34.0,31.57,2481.1169,1054.1688,0.0473690069324541
San Bernardino,2015-10,0.43,46.95641321044547,4.4994623655913975,3347.566666666667,0.8333333333333334,63.417204301075266,65.0,26.0,79.84000000000002,1237.7217,845.5654,0.0473690069324541
San Bernardino,2015-11,0.325,39.87777777777778,5.012555555555555,3609.1666666666665,2.8333333333333335,50.971666666666664,60.5,28.5,8.79,147.2953,639.4105,0.0
San Bernardino,2015-12,0.4233333333333333,44.50824372759857,5.336612903225806,3970.616666666667,3.5,44.32096774193548,66.0,30.0,11.06,121.194,1000.7702,0.1421070207973624
San Bernardino,2016-01,1.6483333333333332,57.26344086021505,4.6681720430107525,3473.2833333333333,1.3333333333333333,42.75537634408602,69.0,30.0,126.41,157.9164,193.6619,0.0940364880380885
San Bernardino,2016-02,0.1849999999999999,35.16853325474015,4.606896551724138,3206.466666666667,1.3333333333333333,45.78103448275862,67.0,28.0,12.36,212.1815,527.8766,0.1880729760761771
San Bernardino,2016-03,0.4816666666666666,40.62029238836803,6.185483870967741,4602.383333333333,3.1666666666666665,51.96021505376344,61.0,30.0,28.41,126.9914,329.558,0.0470182440190442
San Bernardino,2016-04,0.68,40.14061302681992,6.238777777777777,4491.983333333334,3.6666666666666665,55.79444444444445,61.0,31.0,22.24,1290.4882,587.5871,0.0940364880380885
San Bernardino,2016-05,0.2033333333333333,42.32795698924731,6.293763440860215,4682.483333333334,3.1666666666666665,60.30537634408603,67.0,30.0,114.25,1311.4373,730.45,0.0940364880380885
San Bernardino,2016-06,0.0616666666666666,28.78846013501186,6.024000000000001,4337.016666666666,2.8333333333333335,68.9576984126984,77.5,42.5,349.87,3958.4107,850.8775,0.0470182440190442
San Bernardino,2016-07,0.0966666666666666,27.419827027943615,6.318279569892472,4700.966666666666,3.0,70.95738025415444,75.0,46.0,351.97,3300.7653,760.6064,0.0940364880380885
San Bernardino,2016-08,0.1116666666666666,31.1497110987517,5.712389486260453,3880.1999999999994,1.3333333333333333,68.35835125448028,78.0,43.0,1570.35,2891.8058,830.2628,0.2350912200952213
San Bernardino,2016-09,0.2116666666666666,33.89176245210728,5.258333333333334,3785.683333333333,1.8333333333333333,64.51688888888889,74.0,43.0,17.09,991.5636,950.8288,0.3291277081333099
San Bernardino,2016-10,0.3542857142857142,41.208932613842826,4.710492249685799,3275.7999999999997,1.5714285714285714,60.72697947214077,62.0,43.0,76.8,479.9957,1003.8157,0.2821094641142656
San Bernardino,2016-11,0.5342857142857144,40.81904761904762,4.253190476190476,3061.9714285714285,1.1428571428571428,53.65428571428571,63.0,27.0,10.89,396.7565,513.873,0.1410547320571328
San Bernardino,2016-12,2.44,54.178182107103126,4.335765135865247,3198.8857142857146,2.142857142857143,46.35987605275703,68.0,25.0,6.23,158.5789,1229.6629,0.1410547320571328
San Bernardino,2017-01,3.005714285714286,63.79759256316542,4.417381912442396,3053.9285714285716,1.5714285714285714,44.90901497695853,58.0,13.0,4.29,139.2325,410.3092,0.2796768613543911
San Bernardino,2017-02,1.3085714285714285,57.34674981103552,5.258520408163265,3533.5142857142855,1.8571428571428572,47.63673469387755,59.5,19.5,12.52,79.2199,631.7084,0.4195152920315868
San Bernardino,2017-03,0.2114285714285714,39.9815668202765,5.56036866359447,4136.757142857143,3.4285714285714284,53.016129032258064,61.0,26.0,29.15,132.1625,1124.9007,0.0932256204514637
San Bernardino,2017-04,0.2285714285714286,34.900164203612476,6.209428571428572,4470.857142857143,3.857142857142857,57.579047619047614,64.0,33.5,1531.29,208.7889,520.2096,0.0932256204514637
San Bernardino,2017-05,0.1685714285714286,38.83218125960061,5.7378341013824885,4268.914285714286,2.857142857142857,62.35622119815668,63.0,35.0,412.1,191.0472,801.5313,0.1864512409029274
San Bernardino,2017-06,0.4085714285714286,29.73563203059001,5.503190476190476,3962.342857142857,1.8571428571428572,68.21619047619048,76.5,42.0,6888.9,1199.8746,1255.3468,0.1864512409029274
San Bernardino,2017-07,0.5271428571428571,35.35268695291737,5.2563133640553,3910.857142857142,1.2857142857142858,72.14016897081413,75.0,39.0,1061.71,3005.6569,417.8995,0.1864512409029274
San Bernardino,2017-08,0.6771428571428572,38.889419179439834,4.784815668202765,3261.9285714285716,0.7142857142857143,71.09142345110088,77.0,41.0,2723.64,3114.7667,436.497,0.3729024818058548
San Bernardino,2017-09,0.5557142857142857,43.41275391275391,4.639202380952381,3126.2428571428572,1.1428571428571428,67.37117216117215,71.0,36.5,3833.13,1652.2484,483.3857,0.5127409124830504
San Bernardino,2017-10,0.3514285714285714,31.24406895374637,3.9866820276497696,2965.785714285714,1.0,59.601843317972346,69.0,52.0,161.99,954.3591,657.2549,0.6059665329345141
San Bernardino,2017-11,0.0942857142857142,41.12116402116402,3.852619047619048,2774.2428571428572,0.8571428571428571,55.441904761904766,65.5,39.0,181.49,273.8189,464.1734,0.6059665329345141
San Bernardino,2017-12,0.0485714285714285,21.80661051962498,3.7534133163832832,2756.4,0.4285714285714285,46.73551565231209,68.0,46.0,272.22,122.1587,233.2273,0.5593537227087823
San Bernardino,2018-01,1.445714285714286,40.89845860479898,3.7159192753853487,2722.6857142857143,1.1428571428571428,46.98699285424218,70.0,29.0,18.06,168.3624,219.5055,0.6480008479553954
San Bernardino,2018-02,0.2814285714285715,36.42857142857143,5.052244897959184,3395.057142857143,1.8571428571428572,46.82091836734694,60.5,31.5,116.3,123.8307,272.0779,0.0925715497079136
San Bernardino,2018-03,1.62875,48.52271505376344,5.48190188172043,3989.325,2.25,51.58597110215054,58.0,19.0,12.53,207.0349,653.8479,0.2777146491237408
San Bernardino,2018-04,0.27625,35.02297254150702,6.11,4399.0875,3.0,58.30583333333333,66.5,37.5,1232.65,390.6957,546.1107,0.2777146491237408
San Bernardino,2018-05,0.05875,44.00941393582523,5.761733870967742,4286.7375,2.375,62.673732718894016,61.0,28.0,1417.1,567.9579,706.1494,0.1851430994158272
San Bernardino,2018-06,0.01,36.310820680929375,5.635583333333333,4057.7375,1.75,67.63380952380952,71.0,39.0,269.08,1209.9133,1121.9284,0.1851430994158272
San Bernardino,2018-07,0.25875,42.29179451042179,5.087258064516129,3785.0,0.25,73.63963133640553,70.0,44.0,1857.17,2345.2076,737.0294,0.5554292982474817
San Bernardino,2018-08,0.01375,39.80389144905274,5.296612903225806,3940.5375,0.625,74.14764976958524,81.0,41.0,169.78,2765.9572,1918.6869,0.2777146491237408
San Bernardino,2018-09,0.01125,36.40416666666667,4.6899999999999995,3376.65,0.5,68.43238095238095,72.0,44.0,86.39999999999999,470.4493,317.6677,0.2777146491237408
San Bernardino,2018-10,0.50875,47.73428809788654,4.462943548387097,3320.35,0.5,62.07788018433179,60.0,30.0,11.46,1688.0038,524.4811,0.6480008479553954
San Bernardino,2018-11,0.4675,38.920833333333334,4.002083333333333,2881.6375,0.625,53.91285714285714,64.0,33.0,123.25,375.4871,379.9081,0.5554292982474817
San Bernardino,2018-12,0.9675,57.14516129032258,3.7056451612903225,2757.05,0.5,47.55760368663594,67.0,25.0,7.32,119.5907,354.1339,0.5091435233935249
San Bernardino,2019-01,2.8075,57.53081664812755,4.252016129032258,3163.45,0.75,45.27483541803819,59.0,22.0,12.9,170.5949,365.9614,0.598658728144927
San Bernardino,2019-02,4.58125,63.46180555555556,5.571696428571428,3744.2375,3.125,44.4984693877551,58.0,14.5,5.43,209.7379,260.6649,0.8749627565195086
San Bernardino,2019-03,1.45375,54.24082313681869,5.655604838709677,4207.8875,2.875,49.7778801843318,55.0,19.0,616.9599999999999,394.633,324.6058,0.8749627565195086
San Bernardino,2019-04,0.245,45.19444444444444,5.989625,4312.7,3.5,56.68,58.0,28.5,114.23,663.0086,616.0534,0.8749627565195086
San Bernardino,2019-05,1.20125,55.83286985539488,6.012822580645161,4473.95,3.25,59.81658986175115,57.0,22.0,157.53,612.3165,511.4075,1.0131147707067996
San Bernardino,2019-06,0.125,40.658887520525454,5.451625,3925.275,1.5,67.09375,62.5,30.0,1125.94,1567.1769,694.7474,0.5065573853533998
San Bernardino,2019-07,0.37625,37.97741852000267,5.3325000000000005,3967.25,1.875,71.1866935483871,67.0,35.0,509.85,3186.0398,293.6695,0.8749627565195086
San Bernardino,2019-08,0.07375,34.17342549923195,4.916895161290323,3658.1625,0.375,71.86532258064517,65.0,45.0,331.41,2078.204,581.2862,1.0591654421025631
San Bernardino,2019-09,0.2325,42.04712962962963,4.856416666666667,3497.125,1.5,68.86166666666666,62.5,44.0,762.13,1045.4535,688.6111,1.1052161134983267
San Bernardino,2019-10,0.06625,28.99132211128179,4.350403225806452,3236.7625,1.25,59.67173579109063,69.0,47.0,1570.51,140.1635,364.8762,1.197317456289854
San Bernardino,2019-11,1.515,40.719971264367814,4.048430555555556,2692.825,0.5,52.26714285714286,69.0,43.5,53.98,97.9072,291.1333,0.5526080567491634
San Bernardino,2019-12,2.14625,59.99737026647966,4.05551814516129,2495.65,0.75,46.63099579242637,62.0,20.0,4.7,61.799,258.9313,1.0131147707067996
San Bernardino,2020-01,0.14875,49.22603686635944,4.298519585253456,2541.275,0.5,43.94440860215054,69.0,32.0,0.0,96.3176,156.1835,1.237585754379564
San Bernardino,2020-02,0.285,36.42810227539292,4.648456486042693,2571.5875,1.125,45.56264367816092,62.0,35.0,0.0,44.4498,1039.2457,0.962566697850772
San Bernardino,2020-03,1.91125,60.38403602445941,5.6136989247311835,3727.975,2.5,50.882872023809526,46.0,14.0,0.0,186.0907,681.7426,1.0542397166937023
San Bernardino,2020-04,2.28,57.15944256892533,5.33175,3839.0625,2.25,56.78041666666667,56.0,22.0,0.0,394.4401,247.0569,0.4583650942146533
San Bernardino,2020-05,0.07125,39.75181868743048,5.73875,4269.8375,2.5,66.14444789081887,61.0,40.0,0.2,992.9768,250.1151,0.8250571695863759
San Bernardino,2020-06,0.15625,38.278909277715925,5.942477011494253,4062.3375,2.25,69.40443035835024,57.5,40.0,11.3,317.7698,3476.4498,0.6417111319005145
San Bernardino,2020-07,0.1475,30.85728287841191,5.435667741935484,3916.05,1.625,70.45890629800307,62.0,40.0,106.18,1367.5659,1936.1069,1.0542397166937023
San Bernardino,2020-08,0.03375,35.155485938792395,4.957915322580645,3407.5875,1.0,71.95240143369176,67.0,45.0,0.1,2238.2868,860.2105,0.8708936790078412
San Bernardino,2020-09,0.0,26.149261083743845,4.197380952380953,3021.7999999999997,0.5714285714285714,70.47809523809524,76.5,59.0,0.0,1811.6311,356.0479,1.1000762261151678
San Bernardino,2020-10,0.0,27.78341013824885,4.053548387096774,3015.871428571428,0.7142857142857143,63.92382759555436,82.0,56.0,1.1,885.9589,381.1978,1.008403207272237
San Bernardino,2020-11,0.4571428571428571,37.40996134585769,4.173847530316475,2853.285714285714,1.4285714285714286,53.50493213710605,73.0,44.0,0.0,71.6346,216.1928,0.5958746224790493
San Bernardino,2020-12,0.2866666666666667,36.17122375832053,3.450116743471582,2042.8833333333332,0.3333333333333333,45.17033794162827,61.0,44.0,0.0,31.8805,107.9778,0.8708936790078412
San Bernardino,2021-01,1.356666666666667,49.8792242703533,4.1762550982573226,3063.5,0.8333333333333334,44.10097529000476,66.0,31.0,6.28,34.953,72.6308,1.419382724189212
San Bernardino,2021-02,0.0783333333333333,39.636904761904766,4.472321428571429,3005.366666666667,0.6666666666666666,45.42797619047619,67.5,36.0,13.3,146.402,615.534,0.9157307897994916
San Bernardino,2021-03,0.6016666666666667,44.26344086021505,5.1906989247311826,3861.7166666666662,1.6666666666666667,47.85913978494623,58.0,28.0,8.41,47.8477,111.3034,0.9615173292894662
San Bernardino,2021-04,0.0699999999999999,35.333333333333336,5.216222222222222,3755.8,1.6666666666666667,56.20666666666667,66.0,43.0,23.22,437.8252,355.6955,0.9615173292894662
San Bernardino,2021-05,0.0016666666666666,36.0,5.1567741935483875,3836.5333333333338,1.0,62.17096774193548,63.0,42.0,127.06,379.1947,66.6954,0.7783711713295679
San Bernardino,2021-06,0.105,29.84942528735632,4.79838888888889,3454.7999999999997,0.3333333333333333,68.60888888888888,62.5,44.0,397.15,893.3548,90.2946,1.0988769477593898
San Bernardino,2021-07,0.4866666666666666,38.107526881720425,4.734408602150538,3522.2999999999997,0.1666666666666666,72.96827956989249,64.0,40.0,174.3,1279.854,77.7791,1.007303868779441
San Bernardino,2021-08,0.01,37.565628476084534,4.7662903225806454,3545.7166666666667,0.6666666666666666,72.03978494623657,64.0,50.0,798.84,1585.8957,86.028,0.8241577108195425
San Bernardino,2021-09,0.0583333333333333,31.372222222222224,4.022111111111111,2895.883333333333,0.1666666666666666,68.0838888888889,69.0,49.0,55.98,966.6039,366.3096,0.8699442503095169
San Bernardino,2021-10,0.98,41.876344086021504,4.137150537634409,3078.2833333333333,1.0,58.77634408602151,60.0,38.0,9.0,261.9047,136.9066,1.2362365662293138
San Bernardino,2021-11,0.0833333333333333,32.58271604938272,3.2868333333333335,2366.7833333333333,0.1666666666666666,53.401666666666664,82.5,49.5,13.64,23.9922,116.2581,0.5494384738796949
San Bernardino,2021-12,3.97,55.586021505376344,3.874247311827957,2882.2999999999997,1.8333333333333333,45.7983870967742,72.0,28.0,4.07,28.2465,33.5769,0.6867980923496186
San Bernardino,2022-01,0.185,39.5,3.2145698924731185,2391.766666666667,0.3333333333333333,42.97311827956989,69.0,33.0,34.0,35.0789,106.6552,0.8249010118785747
San Bernardino,2022-02,0.2283333333333333,32.19047619047619,4.274821428571428,2872.7166666666667,1.0,43.332142857142856,59.0,31.0,4480.0,50.0054,171.0281,0.9165566798650828
San Bernardino,2022-03,0.77,36.17204301075269,4.84521505376344,3604.7833333333338,2.1666666666666665,49.05430107526882,57.0,35.0,189.0,497.8181,38.2091,0.7332453438920663
San Bernardino,2022-04,0.3733333333333333,35.0,5.292833333333333,3810.7166666666662,1.6666666666666667,56.580000000000005,56.0,38.5,290.0,174.8032,71.5328,0.7790731778853205
San Bernardino,2022-05,0.3716666666666667,33.30107526881721,5.173118279569892,3848.8333333333335,2.0,61.891935483870974,61.0,46.0,1990.0,1231.0604,72.8776,0.9623845138583368
San Bernardino,2022-06,0.2816666666666667,31.17222222222222,5.043777777777778,3631.4666666666662,0.3333333333333333,69.05288888888889,61.5,47.0,5149.0,1372.0624,131.3105,0.8707288458718286
San Bernardino,2022-07,0.5366666666666667,35.483870967741936,4.882043010752688,3632.5333333333338,0.1666666666666666,72.99688172043011,57.0,39.0,60860.0,1584.2254,161.8445,0.9623845138583368
San Bernardino,2022-08,0.9283333333333332,42.56989247311828,4.220860215053764,3140.3333333333335,0.0,74.30322580645161,59.0,44.0,5987.0,1734.4626,232.8536,0.9623845138583368
San Bernardino,2022-09,1.0116666666666667,45.03838383838384,4.028891304347826,2760.35,0.0,70.12140974967062,58.0,42.5,142498.0,1114.0926,141.064,1.0082123478515912
San Bernardino,2022-10,0.4866666666666666,44.15784822642442,3.538763440860215,2632.9666666666667,0.5,62.08241680571005,66.0,43.0,77009.0,393.8628,236.3922,0.9165566798650828
San Bernardino,2022-11,1.705,42.28888888888889,4.181611111111111,3011.0166666666664,0.8333333333333334,49.69,60.5,30.5,28.0,46.9259,101.12,1.0998680158380991
San Bernardino,2022-12,1.1783333333333337,57.505376344086024,3.5983870967741933,2677.1666666666665,0.8333333333333334,44.172867383512546,63.0,30.0,13.0,75.3078,157.9042,0.3666226719460331
San Bernardino,2023-01,3.86,59.44336917562725,5.080268817204301,3779.65,2.3333333333333335,43.04229390681004,54.0,21.0,26.0,43.0038,103.5441,0.0
San Bernardino,2023-02,1.4533333333333334,47.535714285714285,5.425119047619048,3645.8333333333335,3.0,44.59642857142857,53.5,28.5,37.0,21.7702,145.53,0.0
San Bernardino,2023-03,3.513333333333333,58.656470152020766,5.719301075268817,4255.016666666666,3.1666666666666665,47.23978494623656,52.0,17.0,13.0,794.1051,90.1064,0.0
San Bernardino,2023-04,0.1183333333333333,38.46666666666667,4.819888888888889,3470.5333333333333,1.0,56.000652173913046,61.5,38.0,237.0,197.0766,105.9696,0.0459240773967661
San Bernardino,2023-05,0.535,46.05758112580508,5.371720430107527,3996.4833333333336,1.0,64.72447817836813,52.0,30.0,1420.0,66.8109,75.338,0.0
San Bernardino,2023-06,0.2716666666666666,41.37539682539683,5.112,3680.6666666666665,1.1666666666666667,69.35597222222222,55.5,31.0,2133.0,24.08,310.4779,0.0
San Bernardino,2023-07,0.5,30.311827956989248,4.671290322580645,3475.383333333333,0.1666666666666666,76.8571385902031,69.0,41.0,136014.0,1453.4608,190.8267,0.3214685417773628
San Bernardino,2023-08,1.7766666666666666,39.68699436763953,4.489301075268817,3339.866666666667,0.5,74.85291267871912,61.0,32.0,103089.0,1266.3086,376.8654,0.8266333931417901
San Bernardino,2023-09,0.5866666666666668,47.42777777777778,4.394111111111111,3163.5499999999997,1.1666666666666667,71.33333333333333,64.0,34.0,1239.0,304.9438,162.245,1.0103297027288545
San Bernardino,2023-10,0.215,39.55913978494624,3.614408602150537,2689.0499999999997,0.1666666666666666,64.0758064516129,59.0,39.0,5289.0,427.0033,334.9018,1.194026012315919
San Bernardino,2023-11,0.3966666666666666,39.815432098765434,3.6492222222222224,2627.7000000000003,0.5,53.98277777777778,58.0,40.0,424.0,67.1126,467.9113,1.194026012315919
San Bernardino,2023-12,0.4733333333333334,50.264516129032266,3.030215053763442,2254.8333333333335,0.0,48.866684587813616,67.0,35.0,465.0,14.4292,719.3062,1.3777223219029835
San Bernardino,2024-01,0.9433333333333334,56.08064516129033,4.1006451612903225,3050.5499999999997,0.5,46.20752688172043,56.0,20.0,69.0,,,0.0454157768959043
San Bernardino,2024-02,4.375,64.0314039408867,4.363448275862069,3037.0,0.6666666666666666,47.33505747126437,55.0,18.0,5.0,,,0.0908315537918086
San Bernardino,2024-03,2.1633333333333336,58.24605734767025,5.400967741935484,4018.1666666666665,2.0,51.38655913978494,47.0,19.0,16.0,,,0.0454157768959043
San Bernardino,2024-04,0.4466666666666666,46.75134099616858,5.0285,3620.6,2.3333333333333335,56.73499999999999,53.5,26.5,879.0,,,0.0
San Bernardino,2024-05,0.235,39.66129032258065,5.037903225806452,3747.95,1.5,65.86188556067589,63.0,31.0,6715.0,,,0.0
San Bernardino,2024-06,0.115,35.5526135741653,4.216944444444445,3036.0166666666664,0.5,73.93684343434343,65.0,41.0,81748.0,,,0.4995735458549474
San Bernardino,2024-07,0.1816666666666666,31.63440860215054,3.933064516129032,2926.133333333333,0.1666666666666666,78.98360215053764,65.0,46.0,85383.0,,,1.2262259761894163
San Bernardino,2024-08,0.445,33.69892473118279,4.824516129032258,3589.633333333333,0.8333333333333334,76.26645161290324,63.0,42.0,535043.0,,,1.3624733068771295
San Bernardino,2024-09,0.49,38.24444444444445,3.808555555555555,2742.2999999999997,0.1666666666666666,72.84416666666667,74.0,52.5,436134.0,,,1.317057529981225
San Bernardino,2024-10,0.2833333333333334,33.72043010752688,3.521935483870968,2620.4500000000003,0.3333333333333333,66.05726975222066,72.0,55.0,5292.0,,,1.135394422397608
San Bernardino,2024-11,0.4483333333333334,39.598467432950194,3.843277777777778,2767.2166666666667,0.3333333333333333,53.31444444444444,60.5,41.5,1095.0,,,1.2716417530853208
San Bernardino,2024-12,0.1849999999999999,37.833333333333336,3.094247311827957,2301.866666666667,0.0,49.26290322580645,78.0,52.0,4307.0,,,1.0899786455017035
San Diego,2001-01,1.8833333333333335,68.9034690220174,3.2492473118279572,2417.5499999999997,0.0,52.88333333333333,89.0,52.0,,2947.0863,924.552,0.0348471881106969
San Diego,2001-02,3.5066666666666664,72.65323565323565,3.9222619047619047,2635.733333333333,0.0,53.99404761904762,59.0,38.5,,2528.4212,793.2139,0.1393887524427879
San Diego,2001-03,0.9466666666666668,82.36989247311828,3.5305913978494625,2626.933333333333,0.0,59.65806451612903,71.0,47.5,,2892.1394,1465.6756,0.1742359405534848
San Diego,2001-04,0.9816666666666666,76.57769567597154,4.141055555555556,2981.4666666666667,0.0,63.14333333333334,57.5,33.0,,3373.9809,1823.8916,0.1742359405534848
San Diego,2001-05,0.1883333333333333,83.27187758478081,3.675913978494623,2734.9666666666667,0.0,70.0978494623656,69.0,35.5,,2559.0029,1574.5125,0.3136246929962727
San Diego,2001-06,0.06,78.7154761904762,3.895222222222222,2804.6,0.0,74.35722222222222,64.0,34.5,,3658.121,2209.6625,0.0696943762213939
San Diego,2001-07,0.0249999999999999,79.30130391793351,3.879516129032258,2886.5833333333335,0.0,76.62849462365591,55.0,28.0,,3534.4229,3086.3293,0.1045415643320909
San Diego,2001-08,0.005,79.82609594706369,3.4562179487179487,2508.45,0.0,77.81612903225806,64.0,45.0,,4157.5267,1687.0,0.0696943762213939
San Diego,2001-09,0.01,78.73613193403298,3.396555555555556,2354.7999999999997,0.0,75.53980842911878,66.0,37.0,,2061.0134,1839.925,0.0696943762213939
San Diego,2001-10,0.0616666666666666,79.15053763440861,3.200161290322581,2380.933333333333,0.0,71.4489247311828,75.0,45.5,,4110.4689,2005.6405,0.1393887524427879
San Diego,2001-11,0.77,78.57083333333333,3.296180555555555,2171.2833333333333,0.0,64.72597222222221,80.0,54.0,,3201.8622,2196.7253,0.3484718811069697
San Diego,2001-12,0.6383333333333333,70.00627240143369,3.3550657108721627,2351.633333333333,0.1666666666666666,55.63366188769415,81.0,35.0,,1967.2341,1897.115,0.3484718811069697
San Diego,2002-01,0.5519999999999999,67.0516129032258,3.1718709677419357,2359.68,0.0,55.46709677419356,79.0,52.0,,2927.4163,1034.9882,0.2758283037766066
San Diego,2002-02,0.238,60.53571428571429,3.94,2647.62,0.6,55.33357142857143,73.5,60.0,,2867.6022,1365.4148,0.1379141518883033
San Diego,2002-03,0.8333333333333334,69.09677419354838,4.340387096774194,2691.2166666666667,0.0,58.95483870967742,56.0,30.0,,3505.759,2025.2479,0.1723926898603791
San Diego,2002-04,0.3833333333333333,76.63333333333333,4.498972222222222,2841.566666666666,0.0,64.3744061302682,59.0,35.0,,2099.6895,1453.99,0.3447853797207583
San Diego,2002-05,0.13,76.06451612903226,4.449032258064516,3310.25,0.0,67.84997170345218,57.0,31.0,,1729.657,2548.37,0.1034356139162275
San Diego,2002-06,0.075,79.14444444444445,4.436444444444445,3021.8333333333335,0.0,73.25133333333333,60.0,44.0,,1766.397,3078.0232,0.1723926898603791
San Diego,2002-07,0.0133333333333333,76.9069967144564,4.05690188172043,2454.733333333333,0.0,75.98495818399044,59.0,40.5,,2285.733,1123.61,0.1379141518883033
San Diego,2002-08,0.0183333333333333,77.49462365591398,3.996021505376344,2972.9666666666667,0.0,75.72580645161291,67.0,50.5,,2259.0891,2353.5915,0.1379141518883033
San Diego,2002-09,0.1783333333333333,75.04444444444444,3.2455,2336.883333333333,0.0,74.37777777777778,62.0,59.0,,2282.5117,3031.7044,0.1034356139162275
San Diego,2002-10,0.125,74.90860215053763,3.056881720430108,2274.2000000000003,0.0,67.99408602150537,60.0,32.0,,4613.9221,1691.5396,0.1379141518883033
San Diego,2002-11,1.3883333333333334,61.04022988505747,3.5463888888888886,2553.4,0.0,62.73166666666666,71.0,49.0,,1658.9871,1672.7046,0.1034356139162275
San Diego,2002-12,1.9116666666666668,73.39247311827957,3.31494623655914,2466.5333333333333,0.0,57.17903225806452,83.0,52.0,,3403.952,1655.6175,0.206871227832455
San Diego,2003-01,0.1616666666666666,63.435483870967744,3.2724731182795703,2434.766666666667,0.3333333333333333,57.07688172043011,76.0,59.0,,2628.4426,1093.415,0.0686176494200779
San Diego,2003-02,6.243333333333333,69.92261904761905,3.659047619047619,2458.7333333333336,0.0,58.44583333333333,56.0,35.0,,2620.431,448.925,0.0686176494200779
San Diego,2003-03,2.28,72.36021505376344,3.598709677419355,2677.4166666666665,0.1666666666666666,60.663440860215054,57.0,27.0,,3624.4105,708.0325,0.0343088247100389
San Diego,2003-04,2.6833333333333336,72.63333333333334,4.0521111111111106,2917.4833333333336,0.0,62.95777777777778,46.0,24.0,,3021.873,2483.8463,0.1029264741301169
San Diego,2003-05,3.358333333333333,80.2768817204301,3.7304301075268818,2775.116666666667,0.0,67.33494623655913,58.0,29.5,,2838.6674,2144.345,0.0686176494200779
San Diego,2003-06,0.4666666666666666,83.6095785440613,3.819346743295019,2735.7666666666664,0.0,70.42335249042146,58.5,26.0,,3604.4477,7559.6075,0.1029264741301169
San Diego,2003-07,0.0999999999999999,81.80438378825475,3.928870967741935,2922.9,0.0,75.2167700578991,63.0,51.0,,2876.1747,2384.4974,0.1715441235501948
San Diego,2003-08,0.1016666666666666,78.68817204301075,3.9868279569892473,2966.0833333333335,0.0,76.69086021505376,56.0,46.0,,3537.0852,2375.4938,0.3087794223903507
San Diego,2003-09,0.0683333333333333,81.83601532567049,3.7798199233716474,2690.45,0.0,75.07568965517241,66.0,39.5,,4753.8368,4714.33,0.2401617729702727
San Diego,2003-10,0.065,75.38383256528418,3.541104070660522,2592.8,0.0,70.70478110599078,80.5,61.5,,3076.301,2490.0301,0.0343088247100389
San Diego,2003-11,0.988,66.24,3.6432,2623.06,0.2,61.878,65.0,57.0,,2448.2342,1936.8984,0.2401617729702727
San Diego,2003-12,0.618,64.15483870967742,3.386774193548387,2519.78,0.2,56.395483870967745,79.0,54.0,,2577.2323,1749.4942,0.4460147212305066
San Diego,2004-01,0.256,69.01935483870969,3.3674838709677415,2505.44,0.0,54.847741935483874,77.0,47.5,,2400.3824,2104.16,0.17064805647222
San Diego,2004-02,2.56,66.58620689655172,4.0121379310344825,2792.2799999999997,0.0,55.32137931034483,60.0,47.0,,2930.1829,2401.2127,0.204777667766664
San Diego,2004-03,0.364,75.52903225806452,3.639741935483871,2707.74,0.0,61.77225806451613,69.0,39.5,,3493.2118,2497.891,0.102388833883332
San Diego,2004-04,0.6439999999999999,72.13916666666667,4.03245,2611.42,0.0,65.9725,57.5,46.0,,3903.5333,1967.8032,0.034129611294444
San Diego,2004-05,0.09,69.12258064516129,4.385096774193548,3262.48,0.0,70.16774193548387,56.0,39.5,,2753.1267,2067.4162,0.068259222588888
San Diego,2004-06,0.068,79.70476190476191,4.4476,3202.1,0.0,72.34933333333333,58.0,44.5,,2584.3378,3489.8718,0.17064805647222
San Diego,2004-07,0.0,77.55483870967741,4.114322580645161,3060.94,0.0,75.57695291064145,56.0,29.0,,2489.2224,3041.1157,0.238907279061108
San Diego,2004-08,0.046,79.09677419354838,4.041483870967742,3006.9,0.0,76.7334724857685,58.0,39.0,,3465.9825,2845.8124,0.273036890355552
San Diego,2004-09,0.15,70.07666666666667,4.0052666666666665,2883.5,0.0,76.78999999999999,59.0,38.0,,4552.9336,2143.5152,0.238907279061108
San Diego,2004-10,4.1259999999999994,81.92709677419354,3.729539784946237,2755.3199999999997,0.0,67.61529339477727,57.0,42.0,,5019.6662,1786.4121,0.17064805647222
San Diego,2004-11,0.444,67.46285714285713,3.7173428571428566,2219.9399999999996,0.0,59.60847619047619,64.0,43.5,,3286.8319,2351.0173,0.375425724238884
San Diego,2004-12,2.3939999999999997,68.19068100358422,3.7955125448028673,2448.7,0.0,54.849820788530465,70.0,48.0,,2555.3134,1909.2403,0.068259222588888
San Diego,2005-01,4.012,75.32187615869483,3.709935483870968,2624.9,0.0,55.69112903225806,59.0,31.0,,3942.9732,1657.1299,0.136129663504488
San Diego,2005-02,4.882,77.0,4.1465000000000005,2786.4800000000005,0.0,57.26642857142857,52.0,37.5,,7617.0036,3191.1064,0.136129663504488
San Diego,2005-03,2.032,77.81290322580645,3.99458064516129,2971.92,0.0,61.211612903225806,51.0,37.5,,4820.5034,2141.8836,0.068064831752244
San Diego,2005-04,1.14,73.56,4.133066666666666,2975.76,0.0,63.635333333333335,55.0,34.0,,3518.5672,2752.6914,0.17016207938061
San Diego,2005-05,0.214,78.67096774193548,4.018580645161291,2989.68,0.0,68.34158986175115,56.0,35.0,,2487.3678,3067.1313,0.238226911132854
San Diego,2005-06,0.0,79.76,4.3476,3130.18,0.0,71.49619047619048,53.0,30.0,,2850.7689,4006.2985,0.136129663504488
San Diego,2005-07,0.0,80.95483870967742,4.082518279569892,3017.8599999999997,0.0,75.44993548387097,58.5,31.0,,1331.605,1560.7115,0.136129663504488
San Diego,2005-08,0.0,79.1858064516129,3.875221505376344,2864.32,0.0,75.38941935483872,60.0,26.0,,1999.8818,1071.9183,0.3062917428850981
San Diego,2005-09,0.1,75.2,3.7562666666666664,2704.42,0.0,71.98661538461538,58.5,54.0,,2934.5813,2060.9246,0.17016207938061
San Diego,2005-10,0.53,75.71590656284761,3.5854838709677415,2667.7200000000003,0.0,66.54322580645162,66.0,47.0,,2880.3058,4106.6857,0.272259327008976
San Diego,2005-11,0.156,60.379999999999995,3.4619999999999997,2492.8,0.0,61.845333333333336,66.5,42.0,,2612.3166,3568.3284,0.238226911132854
San Diego,2005-12,0.328,66.71612903225807,3.2359354838709677,2407.46,0.0,58.44193548387096,73.0,60.0,,2575.7178,3310.2454,0.476453822265708
San Diego,2006-01,0.8240000000000001,63.27964404894327,3.841548387096774,2858.16,0.0,57.30291434927697,65.0,58.0,,1387.6898,2077.3413,0.3053653713633105
San Diego,2006-02,1.502,64.5,3.738428571428572,2512.2799999999997,0.0,57.81142857142858,64.0,54.0,,1479.1319,1383.7665,0.0678589714140689
San Diego,2006-03,1.688,77.49815668202766,4.378709677419355,2872.48,0.0,58.91350230414747,43.0,19.0,,2957.2823,2528.3033,0.2714358856562759
San Diego,2006-04,1.344,78.3,4.105266666666667,2955.68,0.0,63.23733333333333,40.0,19.0,,4105.0951,2579.113,0.0678589714140689
San Diego,2006-05,0.5700000000000001,82.2709677419355,4.0050322580645155,2979.38,0.0,68.57741935483871,58.0,37.5,,3225.3382,4044.5941,0.1017884571211034
San Diego,2006-06,0.0,79.29761904761905,3.928533333333333,2828.12,0.0,73.15133333333333,60.5,45.0,,2911.0907,4305.2538,0.0678589714140689
San Diego,2006-07,0.0,79.87393103448275,3.7223225806451614,2769.56,0.0,77.56774193548387,58.0,38.0,,3142.9337,3211.368,0.0339294857070344
San Diego,2006-08,0.0,78.47096774193548,3.490129032258065,2596.6600000000003,0.0,76.04645161290323,58.0,30.0,0.0,3946.9691,2497.5531,0.2035769142422069
San Diego,2006-09,0.022,77.38,3.357066666666667,2417.14,0.0,73.22066666666667,61.0,45.0,0.0,4086.3084,5808.4682,0.2714358856562759
San Diego,2006-10,0.586,71.54193548387097,3.4258709677419352,2548.84,0.0,66.62451612903226,56.0,36.5,93.42,3984.513,5849.8773,0.2035769142422069
San Diego,2006-11,0.302,69.45885057471264,3.1413333333333333,2261.8,0.0,62.35066666666667,63.0,60.0,652.76,2885.7113,3521.7868,0.0678589714140689
San Diego,2006-12,0.776,60.84516129032259,3.655935483870968,2720.0,0.2,54.82387096774194,69.0,50.0,76.82,2940.3683,2821.146,0.1357179428281379
San Diego,2007-01,0.456,54.87741935483871,3.9076129032258065,2907.22,0.0,51.78451612903226,60.0,44.0,776.8000000000001,3614.6211,3127.4362,0.3360506387986592
San Diego,2007-02,1.506,73.70714285714286,3.906071428571429,2624.84,0.0,55.739999999999995,55.0,26.5,47.06,3211.4346,3699.3292,0.1344202555194637
San Diego,2007-03,0.216,69.22666666666666,4.066645161290323,3025.48,0.8,59.833548387096776,55.0,31.5,1882.95,3867.5219,3406.295,0.1344202555194637
San Diego,2007-04,0.542,80.35333333333332,3.8996,2807.56,0.0,63.16533333333334,56.0,35.5,547.5,3963.9382,4104.8263,0.1008151916395977
San Diego,2007-05,0.018,75.47070967741936,4.18858064516129,3116.1800000000003,0.0,67.56064516129032,56.0,26.0,1195.15,2995.5712,5551.6423,0.3024455749187933
San Diego,2007-06,0.0,79.41619047619047,3.895009523809524,2770.1,0.0,71.27457142857142,57.0,34.0,196.05,2414.1913,5453.5951,0.0672101277597318
San Diego,2007-07,0.0,79.81290322580645,3.7094193548387095,2759.66,0.0,75.19806451612904,55.0,31.0,566.65,4230.4718,14498.0437,0.2688405110389274
San Diego,2007-08,0.176,78.50322580645161,3.5578709677419353,2646.8,0.0,76.2,57.5,34.0,71.47,4240.6955,11632.5101,0.1680253193993296
San Diego,2007-09,0.074,75.74344827586206,3.3528,2414.06,0.0,72.84866666666667,55.0,29.0,1473.7,4043.792,3730.7042,0.3024455749187933
San Diego,2007-10,0.146,68.4843010752688,3.908387096774194,2448.44,0.6,66.8458064516129,58.0,71.0,348216.56,4077.5365,2652.5254,0.2688405110389274
San Diego,2007-11,1.23,72.45,3.4459166666666667,1984.64,0.0,62.51416666666667,69.0,50.0,50.3,3560.4522,2011.2284,0.4032607665583911
San Diego,2007-12,0.808,66.99740783410138,3.8818844086021502,2274.32,0.0,55.3394623655914,68.0,27.5,7.7,2954.546,2045.9697,0.2688405110389274
San Diego,2008-01,1.538333333333333,69.27836484983315,3.320782197429057,1847.9,0.1666666666666666,58.128743471582176,55.0,53.0,7.81,3987.0716,1552.1624,0.264715186313166
San Diego,2008-02,0.4233333333333333,72.82720306513411,3.7055440613026818,1502.75,0.0,54.15724411603721,59.0,54.0,9.46,2195.6272,3098.8805,0.3639833811806032
San Diego,2008-03,0.0833333333333333,57.61529271206691,3.2919354838709673,1172.5666666666666,0.0,59.49779928315413,62.0,48.0,25.86,2160.0405,2335.2264,0.4963409743371862
San Diego,2008-04,0.0166666666666666,57.06622710622711,3.711513554987212,1923.8666666666668,0.0,63.38484656084656,58.0,50.0,251.2,2223.0413,2738.2395,0.529430372626332
San Diego,2008-05,0.1233333333333333,68.36073775388292,3.6168636974584554,2129.233333333333,0.0,66.69363799283154,59.0,37.0,558.21,1864.1194,5937.3707,0.397072779469749
San Diego,2008-06,0.0,75.7455829228243,2.7282,1636.9666666666665,0.0,71.888,63.0,36.0,509.18,575.8496,247.5086,0.3308939828914575
San Diego,2008-07,0.0,72.43446336121066,2.9753270609318996,1850.2666666666669,0.0,76.13924731182796,73.5,42.0,219.0,4.7082,1204.7142,0.4963409743371862
San Diego,2008-08,82.65833333333335,69.5778801843318,2.9322332506203477,1823.25,0.1666666666666666,77.42414467253177,58.5,31.0,380.53,2497.6649,2308.4926,0.2978045846023117
San Diego,2008-09,29.799999999999997,76.24666666666667,2.6193333333333335,1571.7,0.0,74.5528,71.0,46.0,124.43,2048.4901,2633.7907,0.2316257880240202
San Diego,2008-10,0.055,50.455117483074474,2.6963548387096776,1715.7333333333331,0.0,67.22048387096774,65.0,58.0,361.06,3205.4484,1393.6409,0.529430372626332
San Diego,2008-11,0.555,61.68214285714286,3.397777777777778,1983.25,0.0,62.88055555555555,64.5,29.5,30378.65,1617.1101,999.7309,0.2316257880240202
San Diego,2008-12,1.7899999999999998,67.05657962109575,3.331129032258065,2223.2833333333333,0.0,56.216609062980034,69.0,32.0,9.68,2935.5224,2191.9583,0.3308939828914575
San Diego,2009-01,0.0699999999999999,54.82669632925473,3.1483225806451616,1952.2333333333331,0.0,54.92645161290322,60.0,63.0,23.61,731.2757,159.5846,0.4900034398241475
San Diego,2009-02,2.14,64.71428571428571,3.5088095238095236,2074.9166666666665,0.1666666666666666,55.81369047619048,59.0,39.0,29.26,1105.6853,1385.9384,0.261335167906212
San Diego,2009-03,0.135,65.40860215053765,3.49708064516129,2584.8166666666666,0.1666666666666666,59.417204301075266,64.0,39.0,105.66,1196.5959,1375.2817,0.196001375929659
San Diego,2009-04,0.1383333333333333,61.50833333333333,4.077488095238095,2894.633333333333,0.0,63.062579365079365,61.0,49.0,251.12,1082.1696,2160.8496,0.261335167906212
San Diego,2009-05,0.0466666666666666,70.75806451612904,3.768602150537635,2125.883333333333,0.0,70.78709677419354,69.0,49.0,830.33,1729.7266,2903.3511,0.4246696478475946
San Diego,2009-06,0.0,69.46666666666667,3.940611111111111,2837.4166666666665,0.0,71.70333333333333,54.5,31.0,207.18,2467.2584,2889.4385,0.4246696478475946
San Diego,2009-07,0.0066666666666666,66.86989247311828,3.8028870967741937,2641.3333333333335,0.0,76.57462365591398,66.0,54.0,893.02,2340.0468,1450.3762,0.4900034398241475
San Diego,2009-08,0.0,62.69471972225031,3.706559139784946,2757.5166666666664,0.0,75.69301075268817,62.0,48.0,152.51,2672.3177,3708.2137,0.2286682719179355
San Diego,2009-09,0.0133333333333333,62.75555555555555,3.4021666666666666,2449.6666666666665,0.0,75.47111111111111,61.0,45.0,649.3399999999999,1365.6803,1839.4373,0.3593358558710415
San Diego,2009-10,0.0533333333333333,61.07304412309974,3.5416666666666665,2634.9166666666665,0.0,67.01344086021506,56.0,69.0,150.43,1360.3088,1540.2037,0.2940020638944886
San Diego,2009-11,0.2666666666666667,58.18333333333334,3.238277777777778,2331.7166666666667,0.0,60.35333333333333,66.0,58.0,67.35,1380.7801,1875.7865,0.457336543835871
San Diego,2009-12,1.465,63.70286738351255,3.2290824372759857,2391.6666666666665,0.1666666666666666,54.60808243727598,66.0,58.0,12.82,1605.7125,2187.5704,0.5226703358124241
San Diego,2010-01,3.091666666666667,64.19354838709677,3.563709677419355,2651.5833333333335,0.3333333333333333,54.148387096774194,66.0,33.0,26.21,1996.6102,1860.2818,0.3868011832248195
San Diego,2010-02,2.068333333333334,71.80952380952381,3.891547619047619,2615.0166666666664,0.0,56.45178571428571,55.0,47.0,0.81,1889.7061,1482.3903,0.2256340235478113
San Diego,2010-03,0.3349999999999999,64.18817204301075,4.241397849462365,3155.4833333333336,0.0,59.21344086021505,53.0,47.5,9.95,1837.1628,3956.8276,0.4190346151602211
San Diego,2010-04,1.4416666666666669,67.22948717948718,4.622696581196581,3247.4666666666667,0.3333333333333333,63.09397435897436,55.5,31.0,19.95,1461.4295,3530.9093,0.3223343193540162
San Diego,2010-05,0.0183333333333333,67.1774193548387,4.530215053763441,3370.116666666667,0.0,66.95268817204301,58.0,37.0,2241.99,990.8698,1083.0963,0.3545677512894178
San Diego,2010-06,0.66,70.55555555555556,4.165888888888889,2999.5833333333335,0.0,72.99777777777778,65.5,38.0,431.36,2034.1149,1142.3656,0.4512680470956227
San Diego,2010-07,0.0166666666666666,70.32688172043011,3.9155913978494623,2913.5166666666664,0.0,68.98157108721625,60.0,42.0,1622.17,1767.0281,1435.98,0.1934005916124097
San Diego,2010-08,0.02,66.19743130227,3.9373655913978496,2929.316666666667,0.0,57.93691756272401,60.0,43.0,2708.98,1536.0783,1498.5081,0.2256340235478113
San Diego,2010-09,0.1266666666666666,66.05555555555556,3.6895,2656.25,0.0,53.12101449275362,62.0,35.5,1301.85,2636.321,1169.7138,0.3545677512894178
San Diego,2010-10,1.4516666666666664,73.64551521893013,3.3473709677419357,2476.8166666666666,0.0,46.4408064516129,56.0,39.0,72.99000000000001,2803.3572,639.4265,0.257867455483213
San Diego,2010-11,0.5566666666666666,57.810317460317464,3.5413968253968253,2420.7166666666667,0.0,47.33698412698413,59.5,34.5,65.97999999999999,1241.8863,513.6395,0.3545677512894178
San Diego,2010-12,0.8433333333333333,71.32743314033637,2.774555555555555,2051.516666666667,0.1666666666666666,37.717401433691755,67.0,27.5,41.89,951.8841,547.7214,0.870302662255844
San Diego,2011-01,0.27,57.59139784946237,3.093440860215054,2301.383333333333,0.0,34.71103430619559,63.0,27.0,27.76,2268.4604,2220.386,0.5107301206280704
San Diego,2011-02,1.1233333333333333,61.56569664902998,3.4613095238095237,2326.266666666667,0.1666666666666666,35.89702380952381,56.0,19.0,5.91,1411.882,2902.2896,0.3192063253925439
San Diego,2011-03,1.1233333333333333,70.80645161290322,3.644272273425499,2657.1,0.1666666666666666,51.22755376344086,60.0,25.0,13.43,1527.9426,2986.6738,0.5107301206280704
San Diego,2011-04,0.3166666666666667,67.86111111111111,3.6728888888888886,2644.366666666667,0.0,63.419999999999995,60.5,26.0,22.11,1414.467,4010.6847,0.2234444277747808
San Diego,2011-05,0.295,64.09659498207886,4.329516129032258,3220.9,0.0,66.68602150537635,63.0,29.0,232.95,1145.5696,3386.1461,0.3511269579317984
San Diego,2011-06,0.0366666666666666,69.18333333333334,4.247055555555556,3057.7166666666667,0.0,71.21944444444445,60.0,19.0,874.25,1939.7555,4996.9258,0.2872856928532896
San Diego,2011-07,0.04,68.71198156682028,4.021505376344086,2992.0499999999997,0.0,75.5010752688172,59.0,31.5,14839.63,1713.2771,3917.6453,0.3192063253925439
San Diego,2011-08,0.0466666666666666,68.69670651928716,3.798936950146627,2682.233333333333,0.0,76.80989736070381,64.0,23.5,2132.16,1388.4768,19390.6535,0.5426507531673248
San Diego,2011-09,0.0433333333333333,70.78638719855759,3.494335249042146,2502.0,0.0,74.47333333333333,69.0,30.0,308.19,1798.0635,3293.0304,0.4149682230103071
San Diego,2011-10,0.1133333333333333,66.05376344086021,3.4970430107526886,2601.65,0.0,66.7,69.0,24.0,2272.83,2098.2616,6490.9761,0.4149682230103071
San Diego,2011-11,1.2466666666666666,64.85555555555555,3.599888888888889,2591.7833333333333,0.0,58.90444444444445,65.0,28.0,36.19,1373.3956,2621.1083,0.3830475904710527
San Diego,2011-12,0.475,58.70732526881721,3.4898185483870967,2434.8166666666666,0.0,52.351915322580645,72.0,43.0,19.3,1710.3196,2274.1266,0.4468888555495616
San Diego,2012-01,0.425,57.20967741935484,3.3633870967741935,2502.5499999999997,0.0,53.25752688172043,69.0,44.0,47.44,1737.9598,3342.5663,0.4736196985379043
San Diego,2012-02,1.0116666666666667,62.77011494252874,3.972471264367816,2764.9666666666667,0.0,55.22701149425288,60.0,33.0,23.81,1310.3148,2465.2033,0.3473211122611299
San Diego,2012-03,1.225,64.78568645784635,4.277258064516129,3182.5166666666664,0.1666666666666666,58.06935483870968,55.0,28.0,16.81,2000.1443,7393.6412,0.3157464656919362
San Diego,2012-04,1.055,66.78333333333333,4.1658333333333335,2999.683333333333,0.1666666666666666,62.72888888888889,60.5,23.0,43.58,2583.9199,3714.3873,0.599918284814679
San Diego,2012-05,0.0866666666666666,69.60752688172043,4.070913978494624,3028.65,0.0,68.64784946236558,70.0,32.0,5972.650000000001,1778.5185,4021.2487,0.505194345107098
San Diego,2012-06,0.015,69.2388888888889,4.034888888888889,2905.15,0.0,72.345,63.0,33.0,4082.26,2575.5699,6780.503,0.3473211122611299
San Diego,2012-07,0.005,70.40779437470205,3.806290322580645,2831.9166666666665,0.0,63.495161290322585,62.0,31.0,381.14,1390.7172,4946.9179,0.3473211122611299
San Diego,2012-08,0.02,73.38978494623656,3.5281720430107524,2624.516666666667,0.0,77.24086021505376,60.0,62.0,29551.65,2127.0088,4516.6111,0.3473211122611299
San Diego,2012-09,0.02,65.93703703703703,3.465611111111111,2495.1,0.0,75.7911111111111,64.0,34.5,3136.52,1775.5041,5107.2276,0.4736196985379043
San Diego,2012-10,0.8316666666666667,62.622720897615714,3.4093010752688175,2536.483333333333,0.0,67.88333333333334,56.0,22.0,43.9,1719.0164,4044.1015,0.1262985862767745
San Diego,2012-11,0.2483333333333333,66.52088122605365,3.327833333333333,2395.9166666666665,0.0,61.16,67.0,27.0,126.34,1808.0704,2805.7307,0.252597172553549
San Diego,2012-12,1.695,73.68793828892005,3.4499999999999997,2566.5,0.0,57.020967741935486,66.0,23.0,13.39,1942.4502,2764.9449,0.252597172553549
San Diego,2013-01,0.7266666666666666,53.17204301075268,3.646129032258065,2713.0333333333333,0.1666666666666666,51.30483870967742,68.0,25.0,43.65,2362.0036,1964.8331,0.2188072317665589
San Diego,2013-02,0.42,60.620370370370374,3.9361133156966495,2631.766666666667,0.0,54.36567460317461,61.0,21.0,425.35,2151.4518,2648.0879,0.1562908798332563
San Diego,2013-03,0.8483333333333333,69.09534050179211,3.769799283154122,2788.4166666666665,0.0,60.22194042763565,63.0,31.0,25.81,3052.4359,3741.6839,0.2813235836998615
San Diego,2013-04,0.0416666666666666,65.8124521072797,4.440549808429119,3180.383333333333,0.0,65.1684269902086,60.5,46.5,259.95,1916.9568,5316.8096,0.343839935633164
San Diego,2013-05,0.28,67.62903225806451,4.358118279569893,3242.433333333333,0.0,71.07242383512545,62.0,32.5,9680.9,1747.1097,3355.9387,0.1875490557999076
San Diego,2013-06,0.0,69.19425287356322,4.014888888888889,2890.4166666666665,0.0,74.14641414141414,60.0,21.5,206.16,1678.012,2922.0609,0.1562908798332563
San Diego,2013-07,0.01,72.94528779253638,3.613172043010753,2688.25,0.0,77.32999231950845,58.0,27.0,35110.82,2292.7239,17478.9851,0.2188072317665589
San Diego,2013-08,0.0066666666666666,70.32382133995037,3.367204301075269,2505.3166666666666,0.0,75.6994623655914,58.0,33.0,20607.2,2714.7391,3638.063,0.3750981115998153
San Diego,2013-09,0.0333333333333333,65.2913203654583,3.414277777777778,2458.2833333333333,0.0,75.4211111111111,56.5,29.0,196.83,3094.3811,2826.6269,0.2500654077332102
San Diego,2013-10,0.445,64.16666666666667,3.416559139784946,2542.2000000000003,0.0,66.12319243604004,61.0,52.5,382.36,2609.5873,3440.665,0.2188072317665589
San Diego,2013-11,0.3166666666666666,61.977394636015326,3.076777777777778,2215.65,0.0,60.90444444444445,68.0,24.5,17.24,1305.919,1511.6806,0.3125817596665127
San Diego,2013-12,0.2833333333333333,51.58064516129033,3.283118279569893,2442.5333333333333,0.0,54.33709677419355,69.0,26.0,12.7,1713.1509,1458.8676,0.1875490557999076
San Diego,2014-01,0.1033333333333333,53.61827956989247,2.630591397849462,1957.0666666666664,0.0,55.0752688172043,72.0,28.0,62.55,2019.9581,3776.4656,0.3092042689978195
San Diego,2014-02,1.2483333333333333,66.81150793650794,3.274672619047619,2137.366666666667,0.1666666666666666,58.06111111111111,61.5,30.0,26.23,1980.9489,3183.6331,0.3401246958976014
San Diego,2014-03,0.6433333333333334,66.41935483870968,3.603709677419354,2681.0166666666664,0.0,62.00645161290323,58.0,45.0,476.66,3121.5829,3553.4452,0.2164429882984736
San Diego,2014-04,0.4433333333333333,61.75344827586207,3.876055555555556,2790.7166666666667,0.0,65.21499999999999,58.5,31.0,251.38,1638.2818,3264.0524,0.2782838420980375
San Diego,2014-05,0.0633333333333333,56.63082437275986,3.852258064516129,2866.2666666666664,0.0,70.20752688172043,60.0,29.0,766.9,906.1103,4371.1872,0.3710451227973834
San Diego,2014-06,0.0533333333333333,67.82222222222222,3.830666666666667,2757.9666666666667,0.0,75.42137931034483,61.0,28.5,215.87,1294.4506,13044.4294,0.2164429882984736
San Diego,2014-07,0.0533333333333333,69.47849462365592,3.509247311827957,2610.8333333333335,0.0,78.46424731182795,55.0,27.5,478.2399999999999,2129.015,9410.09,0.3092042689978195
San Diego,2014-08,0.08,70.24082313681869,3.482956989247312,2591.2833333333333,0.0,77.13655913978495,55.0,51.5,56.6,4073.3709,13871.648,0.1546021344989097
San Diego,2014-09,0.0316666666666666,68.8262315270936,3.382111111111111,2435.116666666667,0.0,77.175,54.5,25.0,40.53,5819.7091,9568.0637,0.2164429882984736
San Diego,2014-10,0.0916666666666666,64.49614695340502,2.941236559139785,2188.116666666667,0.0,70.47412186379928,64.0,29.0,15.26,4008.4861,19843.8429,0.1546021344989097
San Diego,2014-11,0.645,55.334782608695654,3.2148333333333334,2314.7166666666667,0.0,61.58777777777778,54.0,29.0,121.88,2477.8172,7900.7418,0.0309204268997819
San Diego,2014-12,2.19,74.60215053763442,2.9244086021505376,2175.9500000000003,0.0,58.02580645161291,59.0,24.0,6.26,2279.9967,9643.8306,0.1236817075991277
San Diego,2015-01,0.415,62.53703703703704,2.6891397849462364,1753.5,0.0,54.922461170848266,62.0,26.0,7.78,3086.5302,13049.8073,0.2452444796234025
San Diego,2015-02,0.3433333333333333,68.83613824447157,3.1937261904761907,1829.5,0.0,59.69238095238095,68.5,25.0,15.08,1962.311,2403.4124,0.2452444796234025
San Diego,2015-03,1.0733333333333337,63.611935335980576,3.420860215053763,2544.9,0.0,63.112365591397854,66.0,22.0,29.96,1657.2492,6159.4224,0.1839333597175519
San Diego,2015-04,0.1533333333333333,61.61323207443897,3.7962222222222226,2733.183333333333,0.0,65.6511111111111,60.5,24.0,1337.17,1228.7289,5885.4334,0.2452444796234025
San Diego,2015-05,0.4466666666666667,72.33870967741936,3.9843010752688177,2964.433333333333,0.0,68.30645161290322,52.0,16.0,40.59,2394.2241,6645.7519,0.2145889196704772
San Diego,2015-06,0.0283333333333333,72.25799945265463,3.670555555555555,2643.0333333333333,0.0,74.41055555555556,56.0,27.0,323.29,1957.0744,20720.4143,0.3372111594821785
San Diego,2015-07,0.88,74.4206238854459,3.5429032258064517,2635.9666666666667,0.0,76.23548387096774,52.0,17.0,589.6700000000001,4942.4435,6584.0188,0.3678667194351038
San Diego,2015-08,0.0349999999999999,70.01354042214258,3.2939784946236563,2450.9166666666665,0.0,77.73548387096774,63.0,33.0,1227.44,2692.6202,5947.7129,0.3372111594821785
San Diego,2015-09,0.545,69.21769020251779,3.1718888888888888,2283.883333333333,0.0,77.38666666666667,62.0,25.0,30.43,3435.8645,8132.964,0.2759000395763279
San Diego,2015-10,0.4983333333333333,68.34127168046801,3.3180869175627237,2145.9333333333334,0.0,72.3844982078853,62.0,32.0,78.32000000000001,2341.1981,8505.338,0.4291778393409545
San Diego,2015-11,1.005,50.714468642871545,3.6245996168582377,2451.0833333333335,0.1666666666666666,60.11554810557684,60.5,19.0,8.19,1416.0292,3843.8272,0.3678667194351038
San Diego,2015-12,1.1416666666666666,57.3805256869773,3.437934742306266,2532.383333333333,0.5,54.51038190582128,68.0,19.0,11.52,1370.9641,2844.5391,0.2145889196704772
San Diego,2016-01,4.655,71.77419354838709,3.1962903225806456,2378.116666666667,0.1666666666666666,54.33064516129033,66.0,21.5,124.88,2060.1887,3619.5003,0.3045898028207452
San Diego,2016-02,0.6716666666666667,51.953883813079216,3.111666666666667,2165.766666666667,0.1666666666666666,57.35114942528736,63.0,19.0,13.19,1555.8214,3841.2603,0.3045898028207452
San Diego,2016-03,0.8816666666666667,69.40322580645162,3.680537634408602,2738.316666666667,0.0,62.2236559139785,58.0,22.5,28.14,1761.3776,5634.4702,0.0913769408462235
San Diego,2016-04,0.685,65.07366052423524,3.629611111111112,2613.2999999999997,0.0,65.36166666666666,58.5,30.0,25.14,1921.4533,8027.6828,0.2436718422565962
San Diego,2016-05,0.6566666666666667,72.1989247311828,3.508602150537634,2610.35,0.0,68.44462365591399,51.0,18.0,114.26,2221.7467,6043.4596,0.1827538816924471
San Diego,2016-06,0.02,69.59563492063492,3.4019999999999997,2449.2333333333336,0.0,74.26166666666667,66.0,29.5,7968.219999999999,1979.3188,15607.7792,0.2741308225386707
San Diego,2016-07,0.0349999999999999,68.45161290322581,3.3596236559139783,2499.4666666666667,0.0,78.23089605734766,62.0,25.0,475.36,2631.2124,6701.0637,0.1827538816924471
San Diego,2016-08,0.0466666666666666,69.71505376344086,3.163064516129032,2353.2166666666667,0.0,79.65645161290323,62.0,27.0,1759.7399999999998,2412.2479,6137.8626,0.3959667436669688
San Diego,2016-09,0.3933333333333333,66.40659551176792,2.9646666666666666,2134.6666666666665,0.0,74.51555555555555,65.0,30.0,35.35,2374.0756,9591.7129,0.5787206253594159
San Diego,2016-10,0.1166666666666666,65.0074074074074,2.569405615292712,1692.6166666666668,0.0,69.53372162485066,58.0,27.0,74.61,3207.463,8040.6558,0.639638585923565
San Diego,2016-11,1.0466666666666666,63.80655902207626,2.5814666666666666,1548.95,0.0,62.986666666666665,62.0,26.0,50.47,1342.4683,5785.0497,0.5482616450773414
San Diego,2016-12,3.0050000000000003,68.80304659498208,2.713548387096774,2018.7833333333335,0.3333333333333333,55.99516129032258,67.0,22.0,5.12,1597.1475,4064.0743,0.2741308225386707
San Diego,2017-01,2.6033333333333335,74.63978494623656,2.796774193548387,2080.9666666666667,0.5,54.86344086021506,61.0,17.0,4.29,2263.3496,3744.6179,0.3340331834637783
San Diego,2017-02,3.6766666666666663,79.24404761904762,2.867202380952381,1927.0999999999997,0.0,58.24611344537815,54.0,15.0,12.15,2060.9004,6042.4726,0.273299877379455
San Diego,2017-03,0.1466666666666666,65.6247311827957,2.707043010752688,2014.25,0.0,62.38580645161291,55.0,22.5,26.93,1974.6668,11185.4446,0.3036665304216167
San Diego,2017-04,0.03,64.36428571428571,3.0928333333333335,2226.883333333333,0.0,69.02833333333334,54.0,27.0,1532.73,1726.9657,6110.8848,0.2429332243372933
San Diego,2017-05,0.995,68.37711213517666,3.127204301075269,2326.616666666667,0.0,69.51781609195403,53.0,22.0,2450.0699999999997,2391.5956,12088.8241,0.5162331017167484
San Diego,2017-06,0.0933333333333333,71.36111111111111,2.921944444444444,2103.6833333333334,0.0,74.66130268199234,54.0,21.0,6908.62,1566.7848,8007.6683,0.6073330608432335
San Diego,2017-07,0.0433333333333333,71.61290322580645,3.0002150537634407,2232.383333333333,0.0,78.57741935483871,58.0,21.0,917.18,2254.8328,6780.5594,0.5769664078010717
San Diego,2017-08,0.01,70.07641681640568,3.744838709677419,2785.7166666666667,0.0,77.43492703533026,63.0,24.5,2638.11,2874.0682,6839.4059,0.7287996730118801
San Diego,2017-09,0.1816666666666666,67.42260536398467,3.919611111111111,2822.15,0.0,75.63833333333334,59.0,23.0,3980.36,2561.0171,8709.8118,1.0324662034334968
San Diego,2017-10,0.0466666666666666,60.552039744336746,3.5056451612903228,2607.883333333333,0.0,69.05494623655915,66.0,29.0,312.25,2144.6725,5575.4099,0.9413662443070118
San Diego,2017-11,0.0483333333333333,65.38322538466217,3.1057341269841268,2204.6833333333334,0.0,63.750277777777775,63.0,22.0,83.53,1888.955,5248.4518,1.3361327338551134
San Diego,2017-12,0.095,44.52279825908858,3.4328821044546847,2503.1666666666665,0.0,55.487999231950845,73.0,29.0,4366.45,1294.1646,2950.5248,1.4272326929815984
San Diego,2018-01,1.6733333333333336,59.281318749227545,3.525967741935484,2622.9666666666667,0.1666666666666666,56.55860215053764,64.0,25.5,17.45,1933.9951,4453.1256,1.0899261756670349
San Diego,2018-02,0.5266666666666667,55.674162257495595,4.015535714285714,2698.1833333333334,0.1666666666666666,56.89969135802469,58.0,23.5,130.97,2485.4022,5158.8456,0.6357902691391036
San Diego,2018-03,1.0116666666666667,64.49402628434886,3.9125627240143377,2837.3333333333335,0.0,59.9715850258861,50.0,13.0,14.63,2234.6622,6661.734,0.8174446317502762
San Diego,2018-04,0.1033333333333333,63.990038314176246,4.232333333333333,3047.0499999999997,0.0,65.70879310344827,63.5,20.5,169.89,1616.9914,4977.0516,0.5752388149353795
San Diego,2018-05,0.1283333333333333,69.22043010752688,4.196344086021505,3121.75,0.0,68.24301075268816,54.0,21.0,1496.11,1468.3487,15215.5582,0.6660659962409657
San Diego,2018-06,0.0699999999999999,68.17567049808429,4.045055555555556,2912.2000000000003,0.0,72.71222222222222,63.0,31.0,541.04,2115.5976,15661.9406,0.393584452324207
San Diego,2018-07,0.2216666666666666,68.77435245510885,3.741758832565284,2544.0666666666666,0.0,77.59877112135176,61.0,23.0,1208.65,2240.5103,7011.3082,0.6055145420372415
San Diego,2018-08,0.0816666666666666,68.59964157706094,3.5383467741935486,2544.7999999999997,0.0,79.46299283154121,64.0,28.0,187.35,2653.168,7837.6204,0.8174446317502762
San Diego,2018-09,0.0233333333333333,70.28888888888889,3.2763750000000003,2110.65,0.0,75.28402777777778,66.0,29.5,96.28,3522.5362,7513.9,0.8174446317502762
San Diego,2018-10,0.4633333333333334,64.68637717121588,3.2211827956989247,2228.483333333333,0.0,69.81904218362284,58.0,21.0,19.06,3244.5634,6443.8061,0.7568931775465519
San Diego,2018-11,0.94,56.2135632183908,3.258342528735632,1494.5666666666666,0.3333333333333333,61.89232183908045,64.5,27.0,133.66,1893.8769,3768.1426,0.6963417233428278
San Diego,2018-12,1.825,68.63870967741936,2.829806451612903,1754.55,0.0,56.22516129032258,66.0,21.5,6.21,1728.8703,4577.5369,0.4844116336297933
San Diego,2019-01,3.2483333333333335,65.5815053763441,3.083032258064516,1911.3166666666664,0.0,53.78967741935484,58.0,17.0,12.67,1943.5904,4974.3609,1.243412189927876
San Diego,2019-02,3.3216666666666668,69.34814814814816,3.489071428571429,1954.0999999999997,0.0,53.59571428571428,51.5,11.0,6.48,2518.1726,4028.6756,0.909813797508202
San Diego,2019-03,1.745,68.2,3.278,2032.5333333333335,0.0,59.68387096774194,52.0,18.0,617.34,2195.3155,6066.6743,0.909813797508202
San Diego,2019-04,0.6633333333333333,65.64666666666668,3.3568,2014.2333333333331,0.0,66.096,63.5,21.0,90.17,1891.9173,8244.1289,0.7885052911737751
San Diego,2019-05,0.8650000000000001,72.11827956989247,3.618118279569893,2218.366666666667,0.0,67.89032258064516,55.0,15.0,201.35,2934.2034,15647.9261,0.909813797508202
San Diego,2019-06,0.035,71.86475095785441,3.3766743295019155,2423.35,0.0,72.63883141762453,61.0,15.5,917.59,2816.2734,9586.4371,0.8794866709245952
San Diego,2019-07,0.04,70.09623655913978,3.5121505376344087,2613.1833333333334,0.0,76.17204301075269,71.0,22.0,537.29,4498.9195,9735.4557,0.9704680506754156
San Diego,2019-08,0.015,70.3236559139785,3.3317204301075267,2478.75,0.0,77.21344086021504,68.0,22.5,413.42,6622.5345,6580.6411,1.1827579367606624
San Diego,2019-09,0.055,68.7298611111111,3.2842777777777776,2364.6,0.0,74.88333333333334,65.0,30.0,1014.55,3970.1204,8995.9263,1.4253749494295165
San Diego,2019-10,0.0083333333333333,56.527575809296245,3.452043010752688,2568.35,0.1666666666666666,66.8225806451613,70.0,35.0,1678.34,5703.4975,10234.8927,1.4253749494295165
San Diego,2019-11,2.248333333333333,61.5516339869281,3.1764642857142857,2206.4666666666667,0.0,60.649682539682544,73.5,26.5,86.13000000000001,3242.9991,5283.9432,1.0917765570098423
San Diego,2019-12,2.8499999999999996,71.30322580645161,3.451806451612903,2140.0166666666664,0.1666666666666666,56.47870967741935,58.0,16.5,5.8500000000000005,2473.7932,3643.7722,0.909813797508202
San Diego,2020-01,0.3833333333333333,73.38064516129032,3.225354838709677,1999.5666666666664,0.0,54.78304659498208,66.0,22.0,0.05,3743.4811,4919.7284,1.27325277887419
San Diego,2020-02,0.5966666666666667,59.667291354322835,3.3745402298850578,2179.4166666666665,0.0,56.42120689655172,64.0,32.0,0.0,1975.0415,5338.8464,1.3945149482907793
San Diego,2020-03,3.2433333333333336,72.01852180077987,3.619106699751861,2592.616666666667,0.0,60.145607940446645,40.0,16.0,0.0,2443.1936,8529.3911,1.364199405936632
San Diego,2020-04,3.421666666666667,72.72083333333333,3.562055555555555,2564.9666666666667,0.0,64.786,61.0,20.5,0.0,1917.5176,8604.0124,1.1823061518117477
San Diego,2020-05,0.255,68.70645161290322,3.4606989247311826,2575.016666666667,0.0,71.48709677419355,70.0,27.0,0.2,2210.4204,5334.5969,0.8488351859161266
San Diego,2020-06,0.235,67.98849206349206,3.3735,2428.9333333333334,0.0,74.11738095238094,62.5,24.0,11.3,2534.4731,7257.0801,1.27325277887419
San Diego,2020-07,0.2266666666666666,67.52889784946237,3.15,2343.6833333333334,0.0,76.73602150537634,67.0,21.0,107.08,2943.5718,8293.2439,0.8185196435619791
San Diego,2020-08,0.0083333333333333,68.00333086145099,3.0010215053763445,2232.7999999999997,0.0,78.50698924731182,74.0,27.0,0.1,3956.5905,5479.278,1.121675067103453
San Diego,2020-09,0.0066666666666666,63.082081807081806,3.1259676434676433,1920.85,0.0,74.96482905982906,87.0,56.5,0.0,3274.2266,5164.8304,1.1823061518117477
San Diego,2020-10,0.095,55.92369198901457,2.971088709677419,2177.483333333333,0.0,70.5613287250384,92.0,35.0,1.1,3937.3841,7892.0028,1.3338838635824848
San Diego,2020-11,1.471666666666667,57.6,3.2202222222222225,2014.2666666666669,0.5,61.35722222222222,84.0,34.5,0.0,2285.7125,4862.0572,1.0913595247493055
San Diego,2020-12,0.4216666666666667,51.946608767576514,3.4669124423963136,2526.9166666666665,0.1666666666666666,53.74890552995392,84.0,31.0,0.0,1775.5867,3544.2064,1.0913595247493055
San Diego,2021-01,1.385,59.15053763440861,3.5436559139784944,2636.233333333333,0.6666666666666666,53.27580645161291,77.0,30.0,6.28,3125.113,4925.378,1.457577215152973
San Diego,2021-02,0.1266666666666666,62.11904761904762,3.4291666666666667,2304.483333333333,0.0,56.02916666666667,65.0,35.0,13.3,2090.2099,4761.1262,1.3968448311882655
San Diego,2021-03,0.8583333333333333,62.5620347394541,3.8504301075268814,2864.5333333333333,0.0,57.91774193548387,50.0,18.5,8.35,2792.2014,3433.8059,1.1235491033470832
San Diego,2021-04,0.1566666666666666,63.16111111111112,3.4875000000000003,2510.7833333333333,0.0,64.77666666666667,59.5,23.0,105.54,1811.4681,5791.8236,0.6073238396470719
San Diego,2021-05,0.0483333333333333,67.87096774193549,3.703817204301075,2755.883333333333,0.0,69.04784946236559,59.0,24.0,5535.52,2570.196,7423.6693,1.1235491033470832
San Diego,2021-06,0.0083333333333333,67.22777777777777,3.4955000000000003,2516.7,0.0,73.75833333333333,55.5,26.0,1290.95,3068.1936,19788.4226,1.0931829113647296
San Diego,2021-07,0.055,67.59139784946237,3.3556989247311826,2496.8333333333335,0.0,79.19516129032257,56.0,22.5,421.61,4079.3003,5270.7128,1.1235491033470832
San Diego,2021-08,0.0766666666666666,66.48028673835127,3.2099462365591394,2388.3166666666666,0.0,79.30378197997776,64.0,27.5,188.84,3618.302,5861.2273,1.1842814873117904
San Diego,2021-09,0.4466666666666667,65.50555555555555,3.2223888888888887,2319.9,0.0,76.98633333333333,63.0,24.5,110.09,3944.3379,4474.9884,1.1539152953294367
San Diego,2021-10,0.87,58.25806451612903,3.112311827956989,2315.4,0.0,66.86075268817204,55.0,22.0,10.28,2389.2536,7201.9941,0.75915479955884
San Diego,2021-11,0.1333333333333333,57.80555555555557,2.6095555555555556,1879.1333333333337,0.0,62.190555555555555,62.0,29.5,13.33,1792.5517,5194.5377,1.2753800632588512
San Diego,2021-12,2.9600000000000004,70.17629928315412,2.6830533154121863,1955.0166666666669,0.1666666666666666,55.47085573476702,62.0,29.0,4.08,1955.1392,2407.7635,1.305746255241205
San Diego,2022-01,0.2183333333333333,62.35698924731182,2.4168817204301076,1267.4666666666667,0.0,55.25534050179211,59.0,19.0,45.0,2570.2048,3045.4384,1.125882829069686
San Diego,2022-02,0.3533333333333333,48.375,3.2784821428571425,1468.85,0.1666666666666666,54.81875,54.5,22.0,174.0,2067.1805,4126.5101,0.9433072351664936
San Diego,2022-03,0.8316666666666667,58.77784946236559,2.9393427419354836,1684.8833333333332,0.0,59.694637096774194,58.0,21.0,61.0,1931.0384,5473.7946,0.9433072351664936
San Diego,2022-04,0.165,62.36620689655173,3.1294000000000004,1877.5833333333333,0.0,64.92,56.5,20.5,172.0,2344.9408,5466.1313,0.8520194382148976
San Diego,2022-05,0.03,64.10052862969437,3.65372191323693,2246.1833333333334,0.0,70.07305895439377,62.0,26.0,711.0,2406.033,2668.4571,1.2475998916718145
San Diego,2022-06,0.1233333333333333,65.58824049513706,3.8032896551724136,2273.5,0.0,76.09142528735632,62.5,29.5,1430.0,2197.6568,4715.2116,1.095453563419154
San Diego,2022-07,0.2033333333333333,67.20645161290324,3.7285806451612906,2311.5666666666666,0.0,78.78028673835125,56.0,18.0,60768.0,2731.7631,4418.5252,1.156312094720218
San Diego,2022-08,0.1433333333333333,67.1488320355951,3.602903225806452,2233.8333333333335,0.0,81.9393870967742,59.0,39.0,4827.0,4244.8792,8478.5304,1.4910340168760707
San Diego,2022-09,4.185,67.44659593280282,3.3964,2037.6,0.0,79.08892592592593,56.5,42.0,87449.0,2640.2045,23726.6481,1.03459503211809
San Diego,2022-10,0.695,71.5047311827957,3.2117419354838708,1991.4166666666667,0.0,71.9321198156682,63.0,51.0,39.0,2578.56,15622.7187,0.8215901725643656
San Diego,2022-11,1.76,55.74363636363637,3.751237037037037,2234.9,0.3333333333333333,58.01815384615385,59.5,55.5,145.0,1825.4839,13451.5136,0.8215901725643656
San Diego,2022-12,0.8783333333333334,67.07817836812144,3.045225806451613,1829.6333333333337,0.0,54.359614776652414,65.0,45.0,149.0,2155.984,8856.0394,1.095453563419154
San Diego,2023-01,4.1433333333333335,69.03870967741936,3.8673655913978497,2232.5333333333333,0.1666666666666666,53.4963870967742,56.0,31.0,151.0,1913.7287,1674.5856,1.0011841277729387
San Diego,2023-02,2.545,59.55661375661376,4.233785714285714,2371.0,0.6666666666666666,52.736428571428576,55.0,48.5,31.0,2035.8808,2601.3534,0.8191506499960408
San Diego,2023-03,3.965,71.2258064516129,3.9505806451612897,2449.25,0.3333333333333333,57.02451612903226,53.0,29.0,7.0,2029.8886,8203.5913,1.3349121703639184
San Diego,2023-04,0.3966666666666666,66.83333333333334,3.260466666666667,1956.35,0.1666666666666666,63.235885057471265,66.0,42.5,77.0,1730.7653,8665.2039,1.304573257401102
San Diego,2023-05,0.5633333333333334,70.7869623655914,3.2688575268817206,2094.0,0.0,69.1916129032258,56.0,21.0,709.0,2100.1781,4861.9289,1.3349121703639184
San Diego,2023-06,0.8683333333333333,69.4484126984127,3.026611111111111,2179.516666666667,0.0,72.61739463601533,52.5,21.0,522.0,2441.9311,4947.1723,1.0011841277729387
San Diego,2023-07,0.94,67.36860215053764,2.8273118279569887,2103.65,0.0,78.02043010752688,57.0,26.0,14371.0,3492.8974,3433.19,1.3349121703639184
San Diego,2023-08,2.0749999999999997,70.24480286738351,3.2262903225806454,2400.366666666667,0.1666666666666666,78.59408602150538,57.0,32.0,1518.0,3577.1219,4297.2795,1.1528786925870205
San Diego,2023-09,0.1466666666666666,69.05724637681159,2.8902777777777775,2081.0499999999997,0.0,76.10095238095238,62.5,43.5,81.0,2728.3131,5809.1241,0.940506301847306
San Diego,2023-10,0.7183333333333333,59.531844499586434,2.98989247311828,2224.1666666666665,0.0,69.30248904818798,67.0,54.0,2719.0,2681.2616,1668.5393,1.2135565185126531
San Diego,2023-11,1.3866666666666667,44.368253968253974,2.965666666666667,2135.4500000000003,0.0,62.04420634920635,63.5,52.5,259.0,6528.2257,5608.1646,0.7888117370332245
San Diego,2023-12,1.32,56.52150537634409,2.9307526881720434,2180.5499999999997,0.0,57.48633667037449,70.0,48.0,148.0,2084.3303,1614.4069,1.395589996289551
San Diego,2024-01,2.4483333333333333,57.623449131513645,2.854354838709677,2123.6666666666665,0.1666666666666666,55.26957387495022,63.0,34.0,8.0,,,1.355973878519204
San Diego,2024-02,2.6283333333333334,61.5933908045977,2.852126436781609,1985.4166666666667,0.0,57.5316091954023,56.0,28.0,6.0,,,1.7476996656469743
San Diego,2024-03,2.151666666666667,61.333333333333336,3.190752688172043,2373.7666666666664,0.1666666666666666,61.2152329749104,54.0,29.0,84.0,,,1.0245135971033987
San Diego,2024-04,0.3566666666666667,66.77333333333334,3.0412777777777777,2189.7166666666667,0.0,66.45597222222223,58.5,29.5,32.0,,,1.3861066313751864
San Diego,2024-05,0.1266666666666666,67.13279569892474,2.9979032258064517,2230.4,0.0,71.05810931899642,58.0,31.0,664.0,,,1.2053101142392926
San Diego,2024-06,0.0483333333333333,69.7,3.039444444444445,2188.2999999999997,0.0,77.04152046783626,61.5,33.0,52371.0,,,1.506637642799116
San Diego,2024-07,0.0066666666666666,70.72043010752688,2.756935483870968,2051.0499999999997,0.0,79.7885028949545,58.0,32.0,19686.0,,,1.4765048899431334
San Diego,2024-08,1.2716666666666667,68.24193548387096,3.009677419354839,2239.15,0.0,80.07225422427035,62.0,43.0,430393.0,,,1.8380979242149211
San Diego,2024-09,0.04,66.97587680518716,3.2021543209876544,2265.5333333333333,0.0,77.83254576415497,61.5,33.5,96392.0,,,1.506637642799116
San Diego,2024-10,0.175,66.40203106332139,2.738225806451613,1800.05,0.0,69.52071855265403,72.0,59.0,591.0,,,1.4765048899431334
San Diego,2024-11,0.2016666666666666,56.42222222222222,3.1865555555555556,2294.483333333333,0.1666666666666666,60.312,67.5,54.0,14834.0,,,2.07915994706278
San Diego,2024-12,0.3966666666666667,65.63944892473118,3.0277755376344087,2128.8333333333335,0.1666666666666666,57.192258064516125,81.0,51.0,172.0,,,1.6874341599350096
San Joaquin,2001-01,2.66,85.73173624288425,3.2745381404174574,1972.0999999999997,0.6666666666666666,46.60216824794434,73.0,22.0,,25.7668,1242.3004,0.1691454938794703
San Joaquin,2001-02,2.0549999999999997,76.81071428571428,4.4782738095238095,2738.75,0.5,49.16369047619048,59.5,15.5,,9280.0945,587.1946,0.1691454938794703
San Joaquin,2001-03,1.62,75.58817204301076,3.7517741935483873,2790.85,0.5,55.23225806451613,50.0,20.0,,25732.7537,5525.6085,0.1691454938794703
San Joaquin,2001-04,1.36,67.475,4.195,3020.1,0.0,56.961666666666666,36.0,20.5,,18383.2254,965.8202,0.0
San Joaquin,2001-05,0.0,49.11679644048943,4.06258064516129,3022.65,0.5,69.74032258064516,51.5,32.0,,23629.1694,166.1053,0.1691454938794703
San Joaquin,2001-06,0.04,49.50459770114942,3.9673333333333334,2856.4,0.0,71.185,39.0,25.0,,23181.027,526.2213,0.1691454938794703
San Joaquin,2001-07,0.0,59.18225806451613,3.954516129032258,2942.75,0.0,73.64516129032258,55.0,25.0,,7209.6555,1340.7646,0.1691454938794703
San Joaquin,2001-08,0.0,58.483870967741936,3.860161290322581,2871.9,0.0,72.19354838709677,48.5,25.0,,3650.9301,2666.0323,0.0
San Joaquin,2001-09,0.2533333333333333,57.40536398467433,3.9887777777777775,2801.7999999999997,0.0,69.64222222222222,54.0,29.0,,2584.0812,364.8302,0.1691454938794703
San Joaquin,2001-10,0.2566666666666666,61.40860215053763,3.4645161290322584,2577.3333333333335,0.0,63.91612903225806,56.0,42.0,,1497.3628,2405.1836,0.3382909877589406
San Joaquin,2001-11,1.6366666666666667,81.3888888888889,3.706704980842912,2650.9,1.6666666666666667,58.08141762452107,67.5,23.0,,6427.7325,2444.3018,0.0
San Joaquin,2001-12,3.813333333333334,87.93727598566308,4.809163571195829,3106.2999999999997,1.6666666666666667,51.43118931247963,69.5,15.0,,723.2815,425.2077,0.3382909877589406
San Joaquin,2002-01,1.5733333333333333,84.91397849462366,3.4968817204301073,2601.3333333333335,0.0,48.76021505376344,85.0,19.5,,4228.0009,739.3232,0.0
San Joaquin,2002-02,0.7166666666666667,80.30952380952381,3.328452380952381,2236.5,0.0,49.07619047619048,79.0,23.0,,15837.0685,2701.6722,0.4925776753945957
San Joaquin,2002-03,1.6700000000000002,69.52329749103943,4.4359976105137395,3212.1999999999994,0.6666666666666666,52.957825567502994,47.5,17.0,,45328.0619,2224.3154,0.1641925584648652
San Joaquin,2002-04,0.13,67.16666666666667,5.199333333333334,3743.7333333333336,1.3333333333333333,58.82666666666666,41.5,21.5,,11511.9664,522.4755,0.1641925584648652
San Joaquin,2002-05,0.48,54.86021505376343,5.4988172043010755,4090.9666666666662,1.3333333333333333,63.2536917562724,39.0,20.0,,35023.0708,1142.0803,0.3283851169297305
San Joaquin,2002-06,0.0,51.97777777777778,6.107444444444444,4397.133333333334,3.3333333333333335,70.97333333333334,53.0,23.5,,43739.1422,1071.2327,0.4925776753945957
San Joaquin,2002-07,0.0,54.25806451612903,4.6409677419354844,3453.1666666666665,0.3333333333333333,73.28709677419356,55.0,23.0,,22753.1457,299.8531,0.4925776753945957
San Joaquin,2002-08,0.0,57.29032258064516,4.145913978494623,3084.7666666666664,0.0,71.41075268817205,72.0,33.0,,22928.045,679.3289,0.0
San Joaquin,2002-09,0.0,52.78888888888889,3.9563333333333337,2848.466666666667,1.0,68.61222222222223,56.0,30.0,,3816.1455,672.8966,0.1641925584648652
San Joaquin,2002-10,0.0066666666666666,60.58064516129033,3.5053763440860215,2608.133333333333,0.3333333333333333,62.082795698924734,61.0,40.0,,1150.8481,10609.0625,0.1641925584648652
San Joaquin,2002-11,1.7633333333333334,76.82222222222222,3.1235555555555554,2249.233333333333,0.6666666666666666,56.30555555555555,80.5,37.5,,5605.7561,14392.3333,0.1641925584648652
San Joaquin,2002-12,2.786666666666666,85.35225806451614,4.091178494623656,2915.066666666667,1.0,51.75423655913978,86.0,18.0,,2429.7896,5747.6386,0.656770233859461
San Joaquin,2003-01,0.63,93.49462365591398,3.023548387096774,2249.0333333333333,0.0,52.52795698924731,89.0,19.0,,1561.3134,7642.6527,0.0
San Joaquin,2003-02,0.9766666666666666,76.21428571428571,3.717142857142857,2497.9666666666667,0.0,51.457142857142856,50.0,17.5,,13622.3215,7885.2742,0.3190922463775053
San Joaquin,2003-03,1.15,71.55913978494624,4.493225806451613,3342.933333333333,0.6666666666666666,54.98494623655913,39.0,16.0,,51444.0981,750.7901,0.1595461231887526
San Joaquin,2003-04,1.5533333333333337,69.88888888888889,4.901888888888889,3529.1,0.6666666666666666,57.837777777777774,33.0,13.0,,33105.2758,610.3702,0.0
San Joaquin,2003-05,0.35,59.87096774193549,5.425698924731183,4036.5333333333338,2.6666666666666665,62.91505376344086,53.0,20.0,,14501.5442,887.3523,0.3190922463775053
San Joaquin,2003-06,0.0,54.911111111111104,5.580000000000001,4017.7666666666664,1.6666666666666667,69.85111111111111,53.0,27.0,,6693.6141,1374.7813,0.0
San Joaquin,2003-07,0.0,47.35743418613274,4.630645161290323,3445.2333333333336,0.3333333333333333,73.00430107526881,55.0,26.0,,11273.9051,136.0691,0.0
San Joaquin,2003-08,0.0033333333333333,57.903225806451616,4.628709677419355,3443.8000000000006,0.6666666666666666,71.7516129032258,50.0,22.0,,24110.3966,1071.5974,0.0
San Joaquin,2003-09,0.0,56.25555555555555,4.254,3062.866666666667,0.3333333333333333,69.26444444444444,56.0,31.5,,13378.932,1898.8098,0.0
San Joaquin,2003-10,0.0066666666666666,55.215053763440864,3.811075268817204,2835.6,0.6666666666666666,63.51991397849462,56.0,40.0,,1091.8322,6392.1849,0.4786383695662579
San Joaquin,2003-11,1.6966666666666663,78.6111111111111,3.209222222222222,2310.7000000000003,0.0,55.620000000000005,73.0,23.5,,6585.0914,9206.0269,1.1168228623212684
San Joaquin,2003-12,3.06,86.06451612903226,4.218494623655914,3138.5,0.6666666666666666,52.15161290322581,66.0,17.0,,795.6615,5654.585,0.3190922463775053
San Joaquin,2004-01,1.63,87.61290322580646,3.394516129032258,2525.866666666667,0.0,49.677419354838705,77.0,16.5,,270.133,639.9384,0.1555456697640994
San Joaquin,2004-02,2.8333333333333335,78.88505747126436,4.378850574712644,3047.566666666667,1.0,50.320689655172416,55.0,11.0,,2478.2124,736.2239,0.6221826790563978
San Joaquin,2004-03,0.5933333333333334,68.72043010752688,4.321935483870967,3215.8333333333335,0.6666666666666666,55.89354838709677,50.0,21.0,,37256.7485,3329.3111,0.3110913395281989
San Joaquin,2004-04,0.1466666666666666,56.01111111111111,5.321555555555555,3831.4,1.6666666666666667,60.52333333333333,50.0,21.5,,37837.5406,2859.8752,0.6221826790563978
San Joaquin,2004-05,0.1033333333333333,56.26881720430108,5.933655913978495,4414.933333333333,4.0,66.33548387096775,39.0,23.0,,34558.377,1665.6341,0.3110913395281989
San Joaquin,2004-06,0.0266666666666666,54.06666666666666,6.0889999999999995,4384.133333333333,2.0,69.73777777777777,44.0,24.5,,17195.2846,20153.712,0.1555456697640994
San Joaquin,2004-07,0.0,56.107526881720425,4.781720430107527,3557.2999999999997,0.0,72.8010752688172,51.5,21.0,,17205.6198,25245.4495,0.4666370092922983
San Joaquin,2004-08,0.0,57.46236559139785,4.801397849462366,3572.4666666666667,0.3333333333333333,72.35483870967742,44.0,25.0,,31333.808,29718.5399,0.0
San Joaquin,2004-09,0.1766666666666666,52.26666666666667,4.423,3184.5333333333333,1.3333333333333333,68.4211111111111,44.5,34.0,,11303.5078,426.6376,0.4666370092922983
San Joaquin,2004-10,1.93,69.27956989247312,3.673870967741935,2733.5333333333333,0.0,62.92867383512544,52.5,24.0,,1732.0187,1474.5,0.4666370092922983
San Joaquin,2004-11,1.4166666666666667,80.62838164251208,3.1548671497584544,1951.5999999999997,0.0,56.06199275362318,79.5,22.0,,2458.7665,20948.63,0.3110913395281989
San Joaquin,2004-12,3.186666666666667,86.39784946236558,3.4144086021505378,2540.1666666666665,1.3333333333333333,51.15591397849463,85.0,23.0,,1398.8339,3910.71,0.4666370092922983
San Joaquin,2005-01,2.8633333333333333,91.50537634408602,3.3129032258064517,2464.4,0.3333333333333333,50.31935483870968,66.0,15.0,,462.5663,324.4941,0.1522104766471076
San Joaquin,2005-02,2.67,84.13095238095238,3.526071428571429,2369.633333333333,0.0,53.03452380952381,58.0,20.0,,15911.3422,271.4832,0.1522104766471076
San Joaquin,2005-03,2.7566666666666664,77.51612903225806,3.896774193548387,2899.2333333333336,0.6666666666666666,56.535483870967745,44.0,17.0,,64390.4829,3068.0104,0.1522104766471076
San Joaquin,2005-04,1.3633333333333333,66.91111111111111,4.605888888888889,3316.3999999999996,1.0,57.84111111111111,28.0,14.5,,17097.4044,5450.9148,0.0
San Joaquin,2005-05,0.7266666666666667,65.21505376344085,5.008494623655914,3726.3333333333335,0.6666666666666666,64.44408602150537,39.0,17.0,,30768.922,11046.0263,0.0
San Joaquin,2005-06,0.2333333333333333,58.04444444444445,5.626777777777778,4051.6666666666665,1.3333333333333333,68.07333333333332,33.0,17.5,,16830.3866,45483.6869,0.1522104766471076
San Joaquin,2005-07,0.0,53.40183193946635,4.662907208283553,3261.633333333333,1.0,74.6204699322979,53.0,23.0,,17004.5497,36256.5743,0.1522104766471076
San Joaquin,2005-08,0.0,53.46236559139785,3.973333333333333,2956.066666666667,0.0,73.53118279569892,55.0,27.0,,25655.0043,35563.1962,0.3044209532942152
San Joaquin,2005-09,0.1866666666666666,60.28888888888889,3.9517777777777776,2845.4666666666667,0.0,67.87777777777778,51.5,30.0,,21587.6473,1646.3898,0.6088419065884305
San Joaquin,2005-10,0.0466666666666666,62.935483870967744,3.862150537634408,2873.0,0.0,63.327956989247305,47.5,33.5,,4125.5566,3059.1945,0.4566314299413228
San Joaquin,2005-11,0.36,68.26666666666667,3.5165555555555557,2531.766666666667,0.3333333333333333,57.620000000000005,56.0,23.0,,10983.4584,15622.962,0.6088419065884305
San Joaquin,2005-12,4.6433333333333335,85.45161290322581,4.23483870967742,3150.7999999999997,2.3333333333333335,53.01290322580645,86.0,27.0,,4567.9675,7165.12,1.217683813176861
San Joaquin,2006-01,2.6566666666666667,84.3225806451613,3.954408602150538,2941.7999999999997,0.6666666666666666,51.48709677419355,60.5,28.0,,24547.7399,4391.3886,0.6034893755695431
San Joaquin,2006-02,0.9466666666666668,74.77380952380952,3.622142857142857,2434.3333333333335,0.6666666666666666,50.825,70.5,23.0,,8553.9689,8746.7715,0.3017446877847715
San Joaquin,2006-03,3.6633333333333327,77.01075268817203,4.9346236559139784,3671.3,0.3333333333333333,51.76774193548387,36.0,12.0,,75452.6704,2732.5573,0.6034893755695431
San Joaquin,2006-04,2.896666666666667,76.86666666666666,5.191333333333334,3737.9666666666662,0.0,56.953333333333326,36.0,15.0,,63445.4145,4586.5446,0.1508723438923857
San Joaquin,2006-05,0.7000000000000001,59.69892473118279,5.723010752688172,4257.900000000001,1.0,65.36881720430108,56.0,33.0,,25973.8027,14457.1345,0.4526170316771573
San Joaquin,2006-06,0.0,54.97857142857143,6.298452380952381,4443.166666666667,1.3333333333333333,70.80142857142857,47.0,21.0,,17837.2359,129515.2744,0.1508723438923857
San Joaquin,2006-07,0.0,52.63910993221338,5.068709677419355,3770.8666666666663,0.6666666666666666,74.82903225806452,50.0,23.5,,27055.2737,70581.0725,0.4526170316771573
San Joaquin,2006-08,0.0,58.61290322580644,4.955698924731183,3686.566666666667,0.3333333333333333,71.95591397849462,55.5,22.0,0.0,21747.095,11023.5485,0.1508723438923857
San Joaquin,2006-09,0.0,55.77777777777777,4.7379444444444445,3144.7666666666664,1.0,67.87972222222223,55.0,45.0,259.35,21040.4349,12269.9692,0.7543617194619289
San Joaquin,2006-10,0.2333333333333333,61.95698924731183,4.103870967741936,3053.433333333333,0.0,61.70752688172043,55.0,26.0,79.4,5899.1779,17564.6473,0.6034893755695431
San Joaquin,2006-11,0.7033333333333333,80.08888888888889,4.096444444444445,2949.2999999999997,0.0,56.87888888888889,65.0,12.5,38.5,6598.7962,27997.9321,1.0561064072467004
San Joaquin,2006-12,1.2233333333333334,77.6236559139785,4.679032258064517,3481.1666666666665,1.6666666666666667,48.564516129032256,90.0,12.0,1.4,7078.4931,14282.7086,0.6034893755695431
San Joaquin,2007-01,0.3666666666666667,67.54838709677419,4.430215053763441,3295.7000000000003,1.6666666666666667,44.24623655913979,65.0,18.0,35.0,25063.4955,9334.5396,0.5987306909352174
San Joaquin,2007-02,2.5399999999999996,77.58333333333333,5.068095238095238,3405.8333333333335,0.3333333333333333,50.07857142857143,50.5,9.5,0.0,7263.9534,2655.8183,0.1496826727338043
San Joaquin,2007-03,0.1733333333333333,67.48387096774194,4.93989247311828,3675.433333333333,0.3333333333333333,55.567741935483866,53.0,18.0,101.45,48283.1295,5078.7712,0.2993653454676087
San Joaquin,2007-04,0.5133333333333333,58.855555555555554,6.575888888888888,4734.599999999999,3.3333333333333335,59.02333333333333,51.5,17.0,3.55,38059.8932,12555.6678,0.898096036402826
San Joaquin,2007-05,0.0966666666666666,52.666666666666664,7.07505376344086,5263.866666666666,3.6666666666666665,65.22258064516129,57.0,21.0,533.47,20745.9526,12922.6738,0.1496826727338043
San Joaquin,2007-06,0.0,51.51111111111111,6.77,4874.133333333334,2.6666666666666665,68.70666666666666,51.5,21.0,416.8,18562.3406,72484.2442,0.5987306909352174
San Joaquin,2007-07,0.0,58.04767025089606,6.139032258064515,4567.5,1.3333333333333333,71.27096774193548,52.0,17.0,691.83,16089.0806,71528.0596,0.1496826727338043
San Joaquin,2007-08,0.0,53.655913978494624,5.611612903225807,4174.966666666666,1.0,70.27526881720429,56.0,21.0,923.2,21047.2936,20548.213,1.6465094000718477
San Joaquin,2007-09,0.1633333333333333,60.71111111111111,5.355777777777778,3855.8,1.6666666666666667,67.71888888888888,57.0,22.0,188.45,17762.3566,7977.7652,0.5987306909352174
San Joaquin,2007-10,0.83,65.48387096774194,4.416881720430108,3286.3333333333335,0.3333333333333333,60.73870967741936,53.5,16.0,98.15,3008.129,19659.7274,1.0477787091366304
San Joaquin,2007-11,0.64,68.96666666666667,3.641555555555556,2622.4333333333334,0.0,55.8688888888889,59.0,15.0,33.800000000000004,5648.5329,15492.8695,0.449048018201413
San Joaquin,2007-12,0.9566666666666668,73.65591397849462,4.988172043010753,3711.3000000000006,0.3333333333333333,48.6258064516129,54.5,9.0,6.5,7835.8109,9846.5851,0.449048018201413
San Joaquin,2008-01,4.066666666666666,82.6989247311828,5.280537634408602,3928.866666666667,2.3333333333333335,46.00645161290323,57.0,9.0,0.0,25981.9035,2834.9539,0.4466332783478141
San Joaquin,2008-02,1.3,75.42528735632185,5.057241379310345,3519.366666666667,2.6666666666666665,47.254022988505746,53.0,10.0,4.409999999999999,10475.4136,1736.9809,0.2977555188985428
San Joaquin,2008-03,0.1233333333333333,62.52688172043011,5.873333333333334,4369.866666666667,1.6666666666666667,52.40860215053763,37.0,13.0,69.86,43557.7328,13586.2543,0.1488777594492714
San Joaquin,2008-04,0.0233333333333333,53.24444444444445,6.954111111111111,5006.833333333333,4.0,57.00666666666667,33.0,20.5,30.39,64825.7751,9764.6121,0.5955110377970856
San Joaquin,2008-05,0.0,50.80645161290323,7.50247311827957,5581.566666666667,5.333333333333333,63.14086021505376,39.0,36.0,150.57,19349.2305,11538.5249,0.5955110377970856
San Joaquin,2008-06,0.0,45.51111111111111,6.713222222222222,4833.633333333334,3.0,67.01,41.5,25.5,775.13,11263.5583,77554.5415,0.8932665566956283
San Joaquin,2008-07,0.0,53.60215053763441,5.982043010752688,4451.099999999999,1.0,70.23440860215054,60.0,26.0,477.77,17385.8208,47139.8028,0.2977555188985428
San Joaquin,2008-08,0.0,52.0752688172043,5.442258064516129,4049.1666666666665,0.3333333333333333,70.02365591397849,43.0,23.0,167.17,9593.7736,7389.3088,0.1488777594492714
San Joaquin,2008-09,0.0,54.41111111111112,4.257555555555555,3065.366666666667,0.0,66.91333333333333,41.5,32.0,104.48,2861.2802,1262.4826,0.8932665566956283
San Joaquin,2008-10,0.2966666666666667,54.376344086021504,4.329247311827957,3220.7999999999997,1.0,61.7505376344086,42.0,35.0,42.559999999999995,2199.9559,1451.744,0.0
San Joaquin,2008-11,0.92,79.8888888888889,3.3983333333333334,2446.733333333333,0.3333333333333333,56.07333333333333,56.0,12.0,4.55,774.1699,1323.8802,0.4466332783478141
San Joaquin,2008-12,0.9233333333333332,83.8563748079877,4.456113671274962,3216.3333333333335,1.0,48.67964669738864,55.0,8.0,0.0,2968.6383,2245.6263,0.2977555188985428
San Joaquin,2009-01,1.6733333333333336,78.8763440860215,3.4172549019607845,2224.5333333333333,0.3333333333333333,46.63010752688171,57.0,9.0,5.01,13812.2553,2001.8326,0.2951001569932835
San Joaquin,2009-02,2.8333333333333335,79.42099567099568,5.188354978354979,3236.7333333333336,1.0,49.466125541125535,21.0,6.0,0.1,9958.0153,2479.0483,0.0
San Joaquin,2009-03,0.9133333333333332,67.09677419354838,5.687096774193549,4231.233333333334,1.6666666666666667,52.40752688172043,15.0,8.0,5.5,43781.8864,4124.7587,0.4426502354899253
San Joaquin,2009-04,0.46,58.81111111111111,6.208444444444445,4470.366666666667,3.0,57.342222222222226,24.5,13.0,13.43,101316.4886,51676.5237,0.4426502354899253
San Joaquin,2009-05,0.4466666666666667,55.50537634408602,6.331935483870968,4710.533333333333,2.0,65.23763440860215,37.0,19.0,1170.98,79255.1573,24555.9845,0.1475500784966417
San Joaquin,2009-06,0.02,56.01111111111111,6.897555555555556,4966.2,2.3333333333333335,68.30222222222221,23.5,12.0,667.9399999999999,47309.8093,64847.2365,0.7377503924832088
San Joaquin,2009-07,0.0266666666666666,52.05985663082438,5.225913978494623,3887.933333333333,0.0,71.82903225806452,38.0,18.0,209.05,38857.2257,33562.2614,0.4426502354899253
San Joaquin,2009-08,0.0333333333333333,53.98924731182796,4.607204301075269,3427.8333333333335,1.0,70.79784946236559,43.0,22.0,12307.12,22498.5973,10797.4993,0.4426502354899253
San Joaquin,2009-09,0.1833333333333333,53.26666666666667,4.676444444444445,3366.7666666666664,0.3333333333333333,69.36,28.5,29.0,553.39,11675.2914,10953.2996,0.4426502354899253
San Joaquin,2009-10,1.856666666666667,65.66344086021506,5.024749103942653,3701.233333333333,3.0,61.74620071684589,31.5,16.0,161.52,4607.6372,593.1095,0.2951001569932835
San Joaquin,2009-11,0.1366666666666667,70.04646464646464,3.890040404040404,2583.0,0.6666666666666666,54.455858585858586,26.0,14.0,21.15,2509.703,1723.2874,0.2951001569932835
San Joaquin,2009-12,1.7666666666666666,85.51612903225806,3.776774193548387,2809.7999999999997,0.3333333333333333,48.28602150537634,61.0,7.0,0.11,6752.5798,1057.5206,0.1475500784966417
San Joaquin,2010-01,3.536666666666666,90.56989247311829,4.677096774193548,3479.8333333333335,3.0,49.29032258064516,49.0,8.0,0.0,22647.7361,840.8164,0.0
San Joaquin,2010-02,2.0066666666666664,85.26190476190476,4.533095238095238,3046.366666666667,0.3333333333333333,51.88095238095238,27.0,7.5,0.0,20365.7339,8471.3587,0.0
San Joaquin,2010-03,1.4400000000000002,72.6774193548387,4.8318279569892475,3594.866666666667,0.0,53.16774193548387,12.5,9.0,1.15,62175.6967,3494.6056,0.1454716846639386
San Joaquin,2010-04,1.9333333333333336,71.45555555555556,5.262222222222222,3788.5,0.0,56.098888888888894,13.0,12.0,0.0,132658.2584,11847.5003,0.1454716846639386
San Joaquin,2010-05,0.42,58.48387096774193,6.584301075268818,4898.833333333333,1.6666666666666667,61.57956989247312,44.0,10.0,105.41,55019.9009,20155.2105,0.4364150539918157
San Joaquin,2010-06,0.0,54.04444444444445,6.960555555555556,5011.7,5.0,69.44333333333334,57.0,15.0,1437.22,20759.9623,71433.6829,0.1454716846639386
San Joaquin,2010-07,0.0,57.03225806451613,5.611720430107527,4175.400000000001,0.0,72.8494623655914,63.0,19.0,297.93,19803.0003,32976.0776,0.7273584233196929
San Joaquin,2010-08,0.0,61.75268817204301,4.960967741935485,3691.1,0.3333333333333333,71.0,38.0,15.0,399.55,12537.266,28065.5554,0.7273584233196929
San Joaquin,2010-09,0.0,59.71111111111111,3.9258888888888888,2826.0333333333333,1.0,68.27,47.5,19.5,52.35,6889.5633,4336.3587,2.0366035852951403
San Joaquin,2010-10,1.3833333333333335,69.79569892473118,3.9737634408602154,2956.5333333333333,0.0,64.0967741935484,53.0,18.0,26.78,875.1747,346.1211,1.4547168466393858
San Joaquin,2010-11,1.8,77.83333333333333,3.900888888888888,2808.7666666666664,0.0,55.17777777777778,61.5,12.0,155.16,639.0845,248.5298,1.3092451619754473
San Joaquin,2010-12,3.9,89.86021505376344,4.427204301075268,3293.6999999999994,1.3333333333333333,51.50537634408602,68.0,19.0,0.0,3284.1516,45.3943,0.8728301079836315
San Joaquin,2011-01,0.8666666666666667,92.11827956989248,3.525161290322581,2622.7333333333336,0.3333333333333333,47.86989247311829,76.0,10.0,0.36,9872.605,4599.0701,1.1497771588144077
San Joaquin,2011-02,2.3266666666666667,73.57142857142857,4.971785714285715,3340.933333333333,1.6666666666666667,47.679761904761904,53.0,10.0,0.0,19375.2277,8863.949,0.8623328691108055
San Joaquin,2011-03,3.2900000000000005,80.55913978494624,5.499784946236559,4091.533333333333,1.6666666666666667,52.02150537634409,39.0,10.0,0.25,53013.0341,5419.0158,0.4311664345554027
San Joaquin,2011-04,0.3266666666666666,65.8,6.131888888888889,4414.833333333333,2.0,57.60999999999999,41.0,12.0,0.0,99821.1546,19195.072,0.8623328691108055
San Joaquin,2011-05,0.68,60.20430107526881,6.583225806451613,4898.166666666667,3.3333333333333335,60.8,44.0,22.5,95.16,56880.5864,32976.582,1.437221448518009
San Joaquin,2011-06,0.8033333333333333,61.400000000000006,5.6946666666666665,4100.099999999999,0.6666666666666666,66.95222222222222,48.0,24.5,994.22,34769.5511,110405.0072,0.4311664345554027
San Joaquin,2011-07,0.04,60.27956989247312,5.4255913978494625,4036.5,1.3333333333333333,71.21397849462365,51.0,22.0,1573.28,26594.4272,74727.3986,0.4311664345554027
San Joaquin,2011-08,0.0,60.40860215053763,4.475161290322581,3329.6,0.0,69.88064516129032,53.0,27.0,257.89,15025.805,29605.2123,1.0060550139626063
San Joaquin,2011-09,0.0,59.88148148148148,3.996024691358025,2764.7333333333336,0.0,68.97654320987654,58.5,39.0,1389.08,6361.4239,9051.1453,1.437221448518009
San Joaquin,2011-10,0.3733333333333333,71.30645161290323,3.3534036393713813,2343.5666666666666,0.0,63.37051282051282,58.0,24.0,54.8,1494.1358,10627.0834,2.012110027925213
San Joaquin,2011-11,0.5666666666666667,79.89999999999999,4.025333333333333,2898.066666666667,1.0,55.02,67.0,12.0,15.12,6610.7522,3210.5088,3.16188718673962
San Joaquin,2011-12,0.15,72.17204301075269,3.2323655913978495,2405.366666666667,0.6666666666666666,47.438709677419354,107.0,31.0,960.16,4439.6321,1324.0082,2.7307207521842174
San Joaquin,2012-01,1.2833333333333334,75.5268817204301,3.9708602150537633,2954.1666666666665,1.0,46.61505376344086,82.0,34.0,5.86,3134.1334,4290.2131,2.1361830965255697
San Joaquin,2012-02,0.8233333333333333,68.43678160919539,5.040459770114943,3507.8333333333335,1.3333333333333333,49.758620689655174,54.0,15.0,7.86,19286.3461,3843.0163,1.1392976514803037
San Joaquin,2012-03,2.2266666666666666,69.80645161290323,5.199247311827957,3868.2666666666664,1.3333333333333333,52.70215053763442,44.0,11.0,2.35,76668.6116,6435.4381,0.5696488257401519
San Joaquin,2012-04,1.6666666666666667,67.90114942528736,5.4014444444444445,3889.0,0.6666666666666666,58.61555555555555,46.5,11.5,1.5,132907.8451,24618.6735,1.2817098579153416
San Joaquin,2012-05,0.0333333333333333,53.01075268817204,6.638924731182796,4939.466666666666,4.0,64.06451612903226,51.0,23.0,84.12,53914.2518,36309.8029,0.8544732386102277
San Joaquin,2012-06,0.0433333333333333,51.68888888888889,7.128888888888889,5133.133333333333,5.0,67.56222222222222,39.5,22.0,210.15,25803.9756,116248.2397,0.7120610321751898
San Joaquin,2012-07,0.02,57.064516129032256,5.168817204301075,3845.566666666667,0.6666666666666666,69.58494623655913,52.0,20.5,423.13,22982.7582,90867.7719,1.1392976514803037
San Joaquin,2012-08,0.0,54.17204301075268,4.69258064516129,3491.0333333333333,0.0,70.27526881720429,57.0,29.0,263.05,12211.4333,49873.5139,0.4272366193051138
San Joaquin,2012-09,0.0033333333333333,56.111111111111114,3.914888888888889,2818.566666666667,0.0,66.86,63.0,30.5,327.35,7846.7508,10300.8163,0.4272366193051138
San Joaquin,2012-10,0.45,67.50716845878136,4.017483870967742,2960.633333333333,0.0,61.991146953405014,59.0,26.0,45.8,1379.6042,2067.9289,0.4272366193051138
San Joaquin,2012-11,2.6133333333333333,78.08888888888889,3.6643333333333334,2637.866666666667,0.3333333333333333,56.24498084291187,73.0,21.0,2.3499999999999996,5881.9695,2082.6974,0.2848244128700759
San Joaquin,2012-12,3.806666666666666,82.44086021505376,4.8613978494623655,3616.9,0.6666666666666666,50.87598566308244,66.0,13.5,0.0,4654.8661,1487.8152,0.9968854450452658
San Joaquin,2013-01,1.086666666666667,77.9247311827957,3.374731182795699,2511.266666666667,0.0,44.57849462365591,88.0,20.0,0.1,8822.9345,755.6311,0.7084230078790806
San Joaquin,2013-02,0.1899999999999999,67.53571428571429,4.213571428571428,2831.7666666666664,0.3333333333333333,47.33571428571428,62.5,19.0,1.25,10997.5247,2814.669,0.4250538047274484
San Joaquin,2013-03,1.2100000000000002,63.56989247311827,4.393440860215054,3268.866666666667,0.3333333333333333,54.4752688172043,56.0,19.0,1.1,86852.1033,10538.3294,0.5667384063032646
San Joaquin,2013-04,0.4633333333333333,53.6,6.213444444444445,4473.533333333333,2.3333333333333335,61.162222222222226,56.0,24.5,18.27,121822.0552,37055.999,0.5667384063032646
San Joaquin,2013-05,0.0433333333333333,49.21505376344086,6.564301075268818,4883.333333333333,2.6666666666666665,67.08494623655913,62.0,24.0,573.75,39072.6544,57478.3675,0.4250538047274484
San Joaquin,2013-06,0.1133333333333333,53.21111111111111,5.968111111111111,4296.466666666666,1.6666666666666667,69.89444444444445,54.5,24.0,772.48,28808.2555,205653.9125,0.4250538047274484
San Joaquin,2013-07,0.0,53.29032258064516,4.691612903225806,3490.7333333333336,0.3333333333333333,72.9236559139785,63.0,30.0,1204.55,14846.2093,51759.744,0.9917922110307128
San Joaquin,2013-08,0.0,56.784946236559136,5.023548387096774,3737.566666666667,0.0,70.85483870967742,56.0,25.0,147.8,23958.4562,15109.386,0.5667384063032646
San Joaquin,2013-09,0.27,57.24444444444445,5.1755555555555555,3726.433333333333,0.3333333333333333,68.90555555555555,56.0,25.5,3125.14,6723.7647,6375.6942,0.4250538047274484
San Joaquin,2013-10,0.0,56.50537634408602,3.531720430107527,2627.6666666666665,0.6666666666666666,60.61935483870968,64.0,50.0,181.01,2146.5373,3971.0902,0.9917922110307128
San Joaquin,2013-11,1.0833333333333333,67.65555555555555,3.0954444444444444,2228.766666666667,0.0,53.72444444444444,79.0,41.0,17.73,13975.6414,2661.7763,0.5667384063032646
San Joaquin,2013-12,0.3,66.19354838709677,3.123010752688172,2323.4666666666667,0.3333333333333333,45.73118279569892,99.0,33.0,2.08,5207.539,5148.8337,0.5667384063032646
San Joaquin,2014-01,0.2166666666666666,63.40860215053763,2.994838709677419,2228.0333333333333,0.0,46.50967741935484,94.0,44.0,7.71,10585.5121,3582.2582,1.395720163690061
San Joaquin,2014-02,2.7733333333333334,74.29761904761905,4.576547619047619,3075.6,0.6666666666666666,60.75357142857143,55.5,14.5,3.17,30233.1344,8010.0127,0.5582880654760243
San Joaquin,2014-03,1.3966666666666667,65.39784946236558,4.587311827956989,3412.566666666667,0.6666666666666666,56.80537634408603,52.0,18.0,2.62,98845.4262,14897.2034,0.139572016369006
San Joaquin,2014-04,0.7633333333333333,61.7,5.056555555555556,3640.466666666667,1.0,60.68555555555556,51.0,22.0,6.25,146417.6701,35596.8193,0.9770041145830424
San Joaquin,2014-05,0.0,47.434050179211475,6.3675663082437275,4687.433333333333,3.0,66.19752688172044,46.0,26.0,257.74,46236.6831,78058.6754,0.6978600818450303
San Joaquin,2014-06,0.03,47.03333333333333,5.658333333333334,4074.066666666667,1.3333333333333333,71.62761904761904,49.5,30.5,691.66,23938.467,271882.1233,0.6978600818450303
San Joaquin,2014-07,0.0,51.967371153133115,4.866931899641577,3586.1666666666665,0.0,74.8208781362007,52.0,26.0,204.22,22453.0887,57083.4156,0.9770041145830424
San Joaquin,2014-08,0.0,56.31182795698925,4.514193548387097,3358.7666666666664,0.0,75.30941935483871,52.0,26.0,43.16,34316.521,50219.5527,0.5582880654760243
San Joaquin,2014-09,0.5399999999999999,58.2,4.251666666666666,3061.4666666666667,0.0,72.92283300844706,49.5,31.0,45.71,19064.0944,9622.908,0.2791440327380121
San Joaquin,2014-10,0.4366666666666667,58.40931899641578,3.503440860215054,2606.5,0.0,65.46344086021504,46.0,34.0,132.65,4559.8022,4813.5544,0.6978600818450303
San Joaquin,2014-11,1.1366666666666667,78.67777777777778,3.005777777777778,2164.133333333333,0.0,57.20666666666667,75.5,24.0,5.99,4827.9138,7156.2599,0.5582880654760243
San Joaquin,2014-12,5.903333333333333,86.17204301075269,4.4709677419354845,3326.6666666666665,1.0,54.57741935483872,59.0,12.0,20.36,3512.6263,5839.3145,0.9770041145830424
San Joaquin,2015-01,0.05,86.82795698924731,2.7790322580645164,2067.5666666666666,0.0,49.31182795698925,88.0,23.0,1.0,15589.4458,11857.9879,0.4119085508096062
San Joaquin,2015-02,0.9766666666666668,79.11596119929453,3.9639285714285712,2663.633333333333,0.3333333333333333,53.34642857142857,64.0,19.5,19.67,32212.0563,8039.9179,0.9611199518890812
San Joaquin,2015-03,0.2866666666666667,66.22920203735144,3.9763950198075833,2652.4666666666667,0.3333333333333333,56.37968307866441,52.0,19.0,9.15,70075.778,14855.2421,0.9611199518890812
San Joaquin,2015-04,0.7050000000000001,54.983333333333334,6.001333333333333,4320.5,1.5,61.83166666666666,43.0,25.0,21.17,113464.8218,34854.6628,0.9611199518890812
San Joaquin,2015-05,0.15,61.854838709677416,6.908387096774193,5139.75,1.5,64.95645161290324,50.0,22.0,437.67,53698.286,69513.9838,0.8238171016192125
San Joaquin,2015-06,0.105,45.67988505747127,5.656000000000001,4072.05,1.0,73.56833333333333,53.5,26.5,437.13,23069.4574,248389.5796,0.8238171016192125
San Joaquin,2015-07,0.0,49.016129032258064,6.565322580645161,4884.15,0.5,76.98709677419356,52.0,23.0,865.61,21778.9859,57271.1878,0.8238171016192125
San Joaquin,2015-08,0.005,50.903225806451616,5.598225806451613,4165.299999999999,0.5,76.50745272525029,60.0,26.0,5937.36,21683.8285,61293.0714,0.9611199518890812
San Joaquin,2015-09,0.035,45.68333333333334,4.507666666666667,3245.6499999999996,0.5,72.72833333333332,57.0,39.0,70998.90000000001,23787.8602,15985.2231,1.5103313529685565
San Joaquin,2015-10,0.19,56.774193548387096,4.176774193548387,3107.0,0.0,68.65116796440489,58.0,38.0,52.63,1960.7761,4850.962,1.9222399037781623
San Joaquin,2015-11,1.3033333333333332,72.65897435897436,4.167401709401709,2858.7333333333336,0.6666666666666666,55.65153846153846,67.5,19.0,0.5800000000000001,8746.5356,463.8599,1.647634203238425
San Joaquin,2015-12,1.643333333333333,80.70967741935483,4.9578494623655915,3688.633333333333,1.6666666666666667,50.35698924731182,69.0,15.0,1.3,4871.5996,3665.3797,1.5103313529685565
San Joaquin,2016-01,3.986666666666667,87.11827956989248,5.156559139784946,3836.6,1.3333333333333333,50.851612903225806,62.0,13.0,0.0,8546.4835,139.8468,0.810503038710976
San Joaquin,2016-02,0.5266666666666667,77.73563218390804,4.022988505747127,2800.566666666667,0.6666666666666666,52.90459770114942,68.0,14.0,0.89,46115.9596,4869.8898,1.215754558066464
San Joaquin,2016-03,3.5833333333333335,75.32962550982573,5.464193548387097,4064.9666666666662,1.3333333333333333,56.36666666666667,57.0,13.0,0.5,108213.5122,33158.6995,1.3508383978516267
San Joaquin,2016-04,1.893333333333333,63.74444444444444,5.743333333333333,4135.2,1.0,60.64222222222222,55.0,19.0,18.31,90771.488,28300.4041,0.9455868784961386
San Joaquin,2016-05,0.3433333333333333,60.46236559139785,5.813763440860215,4325.599999999999,1.6666666666666667,66.58444444444444,57.0,24.0,79.34,59285.8489,92944.556,0.0
San Joaquin,2016-06,0.0,46.32222222222222,5.92411111111111,4265.033333333334,1.3333333333333333,71.91468599033816,57.0,27.5,1094.97,28760.7777,304021.1679,0.5403353591406506
San Joaquin,2016-07,0.0,48.730322580645165,5.462304147465438,3571.9,0.4,74.18147465437788,57.0,24.0,1195.28,20342.5356,54259.055,0.9455868784961386
San Joaquin,2016-08,0.0,56.34193548387096,5.088258064516129,3785.519999999999,0.0,73.94387096774194,59.0,28.0,838.46,20478.2494,34388.1995,2.971844475273578
San Joaquin,2016-09,0.0,53.120000000000005,4.561266666666667,3284.2,0.2,69.40282051282051,55.0,38.0,146.57,7767.3712,12626.8929,3.242012154843904
San Joaquin,2016-10,2.9539999999999997,70.33142751205044,4.0927096774193545,2982.24,0.2,63.016175115207375,45.0,19.0,29.860000000000003,5675.3201,3701.5115,4.5928505526955306
San Joaquin,2016-11,1.126,83.53999999999999,3.312,2384.68,0.0,57.35666666666666,59.5,17.5,7.92,6818.4129,4492.9279,5.268269751621344
San Joaquin,2016-12,1.972,84.91279569892473,4.865723466160658,2825.6,2.0,50.2995926628716,71.0,14.0,0.05,3884.2664,2186.5362,3.917431353769717
San Joaquin,2017-01,6.11,81.7560752688172,5.786423387096773,3887.1600000000008,5.6,48.741500896057346,57.0,9.0,0.0,8200.6621,377.5385,0.9306975977365436
San Joaquin,2017-02,3.258,84.36701261701262,6.203428571428572,4168.780000000001,3.8,52.23392857142857,32.5,8.5,0.0,46464.3246,3990.5431,0.7977407980598944
San Joaquin,2017-03,1.558,75.73548387096774,4.69483870967742,3493.06,1.6,54.774193548387096,47.0,13.0,0.0,106004.1849,16282.8569,1.4625247964431398
San Joaquin,2017-04,1.614,68.03333333333333,5.287599999999999,3807.0,0.6,58.733333333333334,37.0,14.5,0.42,139703.7493,29213.8617,1.0636543974131925
San Joaquin,2017-05,0.064,55.52322580645161,6.193844086021505,4357.42,1.2,65.74405913978495,44.0,25.0,545.93,81074.1655,53115.6056,1.1966111970898416
San Joaquin,2017-06,0.06,56.564449917898195,5.87425,4229.375,0.5,71.84166666666665,40.5,22.5,363.27,45083.7413,249593.3247,1.7284383957964378
San Joaquin,2017-07,0.0,50.961021505376344,4.651290322580645,3460.75,0.0,73.42903225806452,53.0,28.0,1999.56,29866.6759,92374.2627,1.5954815961197888
San Joaquin,2017-08,0.0075,59.58790322580645,4.891209677419354,3639.075,0.0,73.25322580645161,61.0,35.0,128.85,13724.4991,34965.307,1.3295679967664906
San Joaquin,2017-09,0.0025,59.53174603174603,4.562416666666667,3285.0,0.25,69.61666666666667,56.0,34.5,90.69,15988.8503,9845.7557,1.861395195473087
San Joaquin,2017-10,0.1225,56.49193548387097,3.9517741935483865,2940.25,0.25,59.81774193548387,64.0,55.0,215.46,9201.9869,1619.7031,4.653487988682717
San Joaquin,2017-11,1.31,83.175,3.197583333333333,2302.35,0.0,56.474999999999994,61.0,17.5,23.25,6074.2263,2181.5349,6.913753583185751
San Joaquin,2017-12,0.0675,75.45967741935485,3.3268548387096777,2475.625,1.25,47.91612903225806,104.0,40.0,3.19,5717.4644,5114.3663,3.589833591269525
San Joaquin,2018-01,3.575,93.08995037220843,3.764032258064516,2800.275,0.0,51.02177419354838,71.0,15.0,3.12,8730.8474,1055.1417,5.769387107517774
San Joaquin,2018-02,0.5,68.38392857142857,4.65125,3125.425,1.0,49.17857142857143,57.0,19.0,5.21,28588.7926,3578.8654,3.2780608565441898
San Joaquin,2018-03,2.03,81.36208183990442,4.870403225806452,3623.85,2.5,52.10241935483871,47.0,9.0,1.3,95290.2995,16467.3601,4.195917896376562
San Joaquin,2018-04,1.3075,72.16591415830547,5.009416666666667,3606.925,0.0,58.538333333333334,55.0,17.0,14.14,190494.3738,24832.1626,2.229081382450049
San Joaquin,2018-05,0.115,69.73141654978961,6.19983870967742,4612.725,0.75,63.73951612903225,45.0,23.0,222.96,123486.4037,49132.9195,1.311224342617676
San Joaquin,2018-06,0.0,54.746428571428574,5.8469999999999995,4209.6,1.0,67.8325,52.0,25.0,12301.21,100692.305,300921.7363,2.229081382450049
San Joaquin,2018-07,0.0,53.90165925101965,5.100483870967742,3794.95,0.0,71.40564516129032,55.0,30.0,1857.08,106868.3027,79031.6229,3.4091832908059567
San Joaquin,2018-08,0.005,60.10618279569892,4.642258064516129,3453.8,0.0,70.3024193548387,74.0,37.0,347.73,37326.4609,26527.4045,2.491326250973584
San Joaquin,2018-09,0.015,57.958333333333336,4.292916666666667,3090.85,0.0,68.0375,59.0,34.5,35.04,35537.1291,11480.6185,1.311224342617676
San Joaquin,2018-10,0.225,59.733870967741936,4.172177419354838,3104.525,0.5,63.02096774193548,55.0,34.0,56.870000000000005,9594.6572,913.3177,0.917857039832373
San Joaquin,2018-11,2.095,69.30833333333334,3.5711666666666666,2571.075,0.5,54.76166666666667,72.5,52.0,22.91,7300.7802,2317.6709,1.7045916454029784
San Joaquin,2018-12,2.4299999999999997,73.21514976958525,3.9918548387096777,2970.1,0.75,51.83145161290322,73.0,19.0,1.26,6813.2564,4449.3776,2.884693553758887
San Joaquin,2019-01,1.7875,86.2976858345021,4.472983870967742,3328.2,1.5,50.37822580645161,64.0,10.0,1.77,7795.6599,221.8984,2.976017183264432
San Joaquin,2019-02,4.3025,79.83928571428572,6.560357142857143,4408.5,4.5,49.60982142857143,34.5,7.5,0.0,45116.5148,1449.6747,3.75236949194211
San Joaquin,2019-03,2.52,77.98387096774194,4.885403225806451,3634.925,1.5,53.48306451612903,32.0,10.0,7.04,142580.2266,6495.3651,2.717233080371873
San Joaquin,2019-04,0.4775,70.33888888888889,4.869666666666667,3506.45,0.5,60.68535714285714,32.5,15.0,8.15,183825.3315,26122.7207,3.75236949194211
San Joaquin,2019-05,2.0225,69.83870967741936,5.353870967741935,3983.075,0.0,63.35723025583982,31.0,16.0,173.26,219740.0914,37174.6713,2.8466251318181524
San Joaquin,2019-06,0.0075,54.19340659340659,5.429916666666667,3909.2,0.5,69.99166666666667,37.5,20.0,3442.82,119103.1461,120523.6722,3.1054092347107116
San Joaquin,2019-07,0.0,54.28602150537634,5.148145161290323,3829.8,0.0,72.09692540322581,43.0,30.0,821.91,142694.3996,133175.1057,2.976017183264432
San Joaquin,2019-08,0.005,57.48915461624027,4.964758064516129,3693.925,0.25,73.48725806451613,38.0,31.0,1101.84,45444.9155,44466.5339,3.3641933376032713
San Joaquin,2019-09,0.1525,59.99166666666667,4.8765833333333335,3510.95,0.5,70.2432738095238,27.0,20.5,376.03,27662.4256,3648.6559,1.5527046173553558
San Joaquin,2019-10,0.005,52.17231182795699,4.35741935483871,3241.975,1.0,60.71290322580645,54.0,46.0,377.0,12045.8977,6114.9965,3.4935853890495507
San Joaquin,2019-11,0.8500000000000001,69.89166666666667,3.5731666666666664,2572.825,1.0,54.388333333333335,71.0,52.5,20.64,6956.7872,3362.7315,2.070272823140474
San Joaquin,2019-12,2.9125,90.1774193548387,4.868145161290323,3621.65,1.0,53.15887096774193,53.0,14.0,14.75,2572.8791,581.8037,3.6229774404958306
San Joaquin,2020-01,0.9325,92.87903225806453,3.881935483870968,2888.275,0.0,50.20483870967742,60.0,16.0,0.0,12064.6994,4537.7404,2.82326369282891
San Joaquin,2020-02,0.012,65.99310344827586,4.282844827586207,2638.46,1.4,51.67189655172414,63.0,27.0,0.0,53465.4946,13659.575,1.796622349982034
San Joaquin,2020-03,1.706,75.4,4.435419354838709,3300.26,0.4,54.65354838709677,30.0,11.0,0.0,169912.9089,21608.355,1.5399620142703143
San Joaquin,2020-04,1.2080000000000002,66.92,4.985733333333333,3589.44,0.0,60.09133333333333,31.0,14.5,0.0,134267.4263,26001.3135,0.7699810071351573
San Joaquin,2020-05,0.39,55.91612903225806,4.956322580645161,3687.32,0.0,66.55032258064516,28.0,18.0,0.45,118372.441,78945.8297,1.6682921821261745
San Joaquin,2020-06,0.032,51.03563218390805,5.705399999999999,4107.539999999999,1.4,71.47131034482759,31.0,23.5,0.6,90160.9192,115262.3443,1.1549715107027358
San Joaquin,2020-07,0.004,53.535483870967745,4.976774193548387,3702.88,0.0,72.07032258064517,48.0,25.0,28.0,111630.9908,56274.0558,0.5133206714234382
San Joaquin,2020-08,0.012,57.45615693374314,4.267354838709677,3174.66,0.2,72.52387096774194,55.0,38.0,0.0,43015.3977,24725.1521,1.2833016785585956
San Joaquin,2020-09,0.006,60.884739168877104,3.790466666666666,2729.2,0.2,70.622,84.5,55.0,0.0,25599.1091,8979.0925,0.898311174991017
San Joaquin,2020-10,0.008,58.37098257322951,3.3168387096774197,2467.48,0.2,64.45548387096775,63.0,64.0,11.0,18410.837,1720.3348,1.1549715107027358
San Joaquin,2020-11,0.192,68.14758620689655,3.4466,2481.46,0.2,54.751999999999995,67.5,38.5,0.0,6511.5999,4159.9307,2.0532826856937527
San Joaquin,2020-12,1.442,80.30296296296297,3.611670967741935,2615.46,0.2,49.43537634408602,72.0,27.0,0.0,5785.8751,11611.9179,1.5399620142703143
San Joaquin,2021-01,1.888,83.43870967741935,4.688129032258065,3487.8,2.6,49.28193548387097,70.0,21.0,0.0,6180.703,746.907,1.6576072057460316
San Joaquin,2021-02,0.7100000000000001,71.4857142857143,4.724214285714285,3174.7200000000003,0.4,50.80428571428571,53.5,25.5,0.0,31468.0941,2503.5671,1.2750824659584858
San Joaquin,2021-03,0.89,66.0,4.77858064516129,3555.4199999999996,1.0,52.7683870967742,37.0,18.0,0.01,133493.2826,8891.172,1.2750824659584858
San Joaquin,2021-04,0.062,57.27333333333333,5.2682,3793.2,0.2,60.926,45.0,29.0,20.33,136357.4577,32344.3136,0.3825247397875457
San Joaquin,2021-05,0.008,50.31698924731183,6.164154838709677,4558.1,0.4,68.55283870967742,52.0,31.0,526.64,43938.4344,36777.5263,1.020065972766789
San Joaquin,2021-06,0.006,52.8,6.048933333333333,4355.26,0.6,73.672,38.0,26.5,38.38,36588.245,63997.5128,2.5501649319169717
San Joaquin,2021-07,0.01,52.47741935483871,5.074387096774194,3775.4,0.0,75.6858064516129,52.0,30.0,55.59,68060.2265,79303.139,1.1475742193626373
San Joaquin,2021-08,0.008,57.33806451612903,4.435483870967742,3299.88,0.0,74.54387096774192,64.0,46.0,2.65,26385.9596,22502.6993,0.6375412329792429
San Joaquin,2021-09,0.026,56.98,4.219399999999999,3038.1,0.0,71.074,59.0,44.0,0.2,14249.6713,17096.3186,1.020065972766789
San Joaquin,2021-10,4.35,65.76774193548387,4.054838709677419,3016.92,1.6,63.19548387096775,48.0,41.0,0.0,13423.2762,8768.2963,0.6375412329792429
San Joaquin,2021-11,0.53,89.60666666666665,3.109,2238.26,0.2,57.43266666666666,67.5,22.5,0.0,8712.4898,656.9014,1.7851154523418802
San Joaquin,2021-12,3.508,88.33956989247312,4.957677419354839,3688.22,2.4,50.59225806451612,55.0,16.0,0.0,1887.916,4186.5924,1.2750824659584858
San Joaquin,2022-01,0.026,87.75483870967741,2.944774193548387,2190.9,0.0,48.26774193548387,80.0,32.0,1.0,3907.66,605.9805,1.5261234176007814
San Joaquin,2022-02,0.05,66.3,4.031928571428571,2709.3,1.2,48.432142857142864,67.5,37.5,4.0,27867.8752,1644.5471,1.144592563200586
San Joaquin,2022-03,0.668,64.26451612903226,4.624387096774194,3440.56,0.2,55.05595698924732,37.0,19.0,84.0,94940.4544,2926.9618,1.9076542720009768
San Joaquin,2022-04,0.962,59.27333333333333,5.451466666666667,3925.1,1.0,59.236,25.5,18.5,574.0,161805.7326,5055.8464,1.0174156117338542
San Joaquin,2022-05,0.048,51.62215053763441,6.355741935483871,4728.82,1.2,65.93870967741935,24.0,24.0,1352.0,86442.2899,4934.2573,1.2717695146673178
San Joaquin,2022-06,0.052,48.266666666666666,5.4677999999999995,3936.72,0.0,72.98461904761905,24.5,28.0,2369.0,84505.5307,11736.5449,1.0174156117338542
San Joaquin,2022-07,0.008,54.45161290322581,5.445806451612903,4051.58,0.2,75.1916129032258,24.0,26.0,5672.0,77748.7928,8551.5894,0.6358847573336589
San Joaquin,2022-08,0.0,55.78709677419355,4.812258064516129,3580.28,0.0,75.06709677419356,30.0,30.0,320.0,28675.7112,12687.9194,0.8902386602671224
San Joaquin,2022-09,0.188,58.40295496329979,4.368733333333333,3145.48,0.0,73.07,45.5,32.5,521.0,33181.3613,11386.153,0.8902386602671224
San Joaquin,2022-10,0.002,64.07698924731183,3.6996774193548383,2752.48,0.0,64.9258064516129,51.0,41.0,84.0,12596.4963,68341.7864,1.0174156117338542
San Joaquin,2022-11,1.13,73.44666666666667,3.353933333333333,2414.84,0.0,52.412,63.0,26.5,53.0,8266.1325,966.9061,0.8902386602671224
San Joaquin,2022-12,8.392,92.65612903225806,4.491548387096775,3341.74,3.2,48.19612903225807,64.0,21.0,1.0,4733.8939,1210.9033,1.0174156117338542
San Joaquin,2023-01,6.218,84.21290322580646,6.545483870967741,4870.12,5.0,49.07161290322581,40.0,11.0,1.0,9707.2966,285.7953,1.3952998689686578
San Joaquin,2023-02,2.29,78.63571428571429,5.223071428571428,3509.9,1.4,47.075,59.0,20.5,5.0,35703.6589,2411.5803,1.141608983701629
San Joaquin,2023-03,4.608,80.65806451612903,5.9798064516129035,4448.7,2.6,51.700645161290325,32.0,10.0,3.0,99729.151,12781.6568,1.141608983701629
San Joaquin,2023-04,0.154,66.14,5.115,3682.82,0.8,58.36933333333334,34.0,15.5,19.0,105016.4534,8236.4005,1.141608983701629
San Joaquin,2023-05,0.398,71.30100111234705,4.837935483870967,3599.5800000000004,0.0,66.01032258064517,31.0,21.0,151.0,81988.0255,8965.6746,0.6342272131675717
San Joaquin,2023-06,0.006,63.617471264367815,5.422666666666666,3904.36,0.2,71.30733333333333,35.5,21.0,712.0,33715.3479,15307.2091,0.8879180984346003
San Joaquin,2023-07,0.0,54.577060931899645,4.571612903225807,3401.1800000000003,0.2,74.3967741935484,46.0,27.0,1347.0,80027.0661,22346.3607,1.522145311602172
San Joaquin,2023-08,0.008,61.00967741935485,4.44683870967742,3308.1400000000003,0.0,74.84193548387097,47.0,30.0,360.0,32720.5807,5288.0365,1.902681639502715
San Joaquin,2023-09,0.022,66.94,4.433,3191.7200000000003,0.4,70.02133333333333,41.5,31.0,4252.0,20874.542,5077.7551,2.5369088526702868
San Joaquin,2023-10,0.162,65.79354838709678,3.599032258064516,2677.58,0.0,65.23806451612903,49.0,33.0,106.0,11393.1589,713.5734,6.088581246408689
San Joaquin,2023-11,0.396,72.4,3.2510666666666665,2340.74,0.4,55.59333333333334,65.5,31.0,84.0,11672.6193,581.7534,13.191926033885492
San Joaquin,2023-12,2.3520000000000003,88.04860215053763,3.379806451612903,2514.62,0.2,51.21225806451613,69.0,25.0,49.0,4431.1513,684.0038,12.684544263351434
San Joaquin,2024-01,3.0759999999999996,90.6774193548387,4.757225806451613,3539.6400000000003,0.8,51.73513824884793,55.0,16.0,0.0,,,9.939147569008744
San Joaquin,2024-02,1.884,87.22758620689656,4.72103448275862,3285.74,1.6,54.59381962864721,44.0,12.0,2.0,,,4.596855750666545
San Joaquin,2024-03,1.602,78.43225806451612,4.652774193548387,3461.7,0.6,56.545806451612904,33.0,13.0,21.0,,,3.4787016491530607
San Joaquin,2024-04,1.6940000000000002,75.15333333333334,4.168733333333334,3001.52,0.0,60.21347619047619,39.5,17.0,10.0,,,3.9756590276034975
San Joaquin,2024-05,0.366,57.49677419354839,5.125483870967742,3813.8,0.4,67.55813620071685,36.0,22.0,224.0,,,2.7332655814774047
San Joaquin,2024-06,0.0,49.32666666666667,5.3004,3816.18,0.4,73.8774358974359,45.5,29.0,21939.0,,,2.3605475476395767
San Joaquin,2024-07,0.002,52.28019299696719,4.784451612903226,3559.7,0.4,77.39951459293395,53.0,31.0,3943.0,,,3.9756590276034975
San Joaquin,2024-08,0.002,54.49032258064515,4.600258064516129,3422.76,0.4,75.54024193548386,43.0,28.0,562.0,,,3.2302229599278416
San Joaquin,2024-09,0.0,58.34666666666667,4.111466666666667,2960.24,0.8,73.27733333333335,46.0,34.5,608.0,,,6.087727886017856
San Joaquin,2024-10,0.062,57.79440860215054,3.5740645161290323,2659.1,0.4,65.09591397849462,49.0,42.0,160.0,,,9.317950845945695
San Joaquin,2024-11,1.644,73.07333333333334,3.7026666666666666,2665.7200000000003,0.2,54.826,58.5,24.5,21246.0,,,9.690668879783525
San Joaquin,2024-12,2.48,92.3956989247312,3.8754516129032255,2861.74,1.4,51.667569892473125,70.0,24.0,3.0,,,10.187626258233964
San Luis Obispo,2001-01,6.803333333333334,72.07624521072798,3.5439784946236563,2637.133333333333,0.0,49.1757865392274,75.0,18.0,,866.6087,342.8375,1.5906976004326698
San Luis Obispo,2001-02,4.463333333333334,72.86728395061728,4.036467167919799,2393.1666666666665,0.0,50.567058201058195,29.5,12.5,,1494.5369,834.51,0.3976744001081674
San Luis Obispo,2001-03,2.8533333333333335,76.05029239766083,4.077194060419867,2779.6,0.3333333333333333,57.57434715821813,49.0,13.0,,7998.5469,752.5,1.9883720005408372
San Luis Obispo,2001-04,1.4666666666666668,74.9639846743295,4.339444444444445,3124.3333333333335,0.0,58.54333333333333,39.0,16.0,,11882.6886,1222.1875,0.3976744001081674
San Luis Obispo,2001-05,0.1399999999999999,67.39784946236558,3.9576344086021504,2944.433333333333,0.0,66.39032258064516,55.5,24.0,,15520.2418,1108.0486,1.1930232003245025
San Luis Obispo,2001-06,0.02,62.5816091954023,4.002888888888889,2881.7666666666664,0.0,69.67111111111112,43.0,21.5,,13063.1056,785.5647,0.3976744001081674
San Luis Obispo,2001-07,0.0033333333333333,73.52222222222223,3.82,2842.3000000000006,0.0,70.85376344086022,31.0,17.0,,8841.5033,2590.25,1.5906976004326698
San Luis Obispo,2001-08,0.0,70.86245519713262,3.692365591397849,2747.2333333333336,0.0,70.58420467185762,29.0,20.0,,6674.0043,678.1381,1.5906976004326698
San Luis Obispo,2001-09,0.02,70.59961685823755,3.5909333333333335,2436.866666666667,0.0,68.39133333333334,38.0,21.0,,6262.7863,27.25,2.3860464006490045
San Luis Obispo,2001-10,0.3966666666666666,72.65022137887412,3.197179000632511,2113.6666666666665,0.0,63.46951296647691,47.0,29.0,,5185.7266,370.0,1.9883720005408372
San Luis Obispo,2001-11,3.5700000000000003,81.36153256704982,3.2508030651341,2217.4666666666667,0.0,59.61397701149425,66.0,17.0,,2428.4729,336.0,3.1813952008653397
San Luis Obispo,2001-12,2.72,78.34408602150538,3.530860215053764,2626.866666666667,0.0,52.36774193548388,55.0,15.0,,1013.2392,372.75,1.1930232003245025
San Luis Obispo,2002-01,0.9133333333333334,71.02150537634408,3.547956989247312,2639.6,0.0,50.95392273994424,64.0,16.0,,1204.1803,39.75,3.9512729025655617
San Luis Obispo,2002-02,0.73,67.89285714285715,3.725595238095238,2503.7666666666664,0.0,52.18823809523809,31.0,18.0,,2423.4328,177.8,1.1853818707696684
San Luis Obispo,2002-03,1.5,72.9032258064516,3.9370967741935488,2928.9,0.3333333333333333,54.54408602150537,44.0,17.0,,7038.5005,372.05,0.7902545805131123
San Luis Obispo,2002-04,0.6699999999999999,74.34444444444445,3.6057407407407407,2237.3333333333335,0.0,59.84814814814814,47.0,17.5,,12840.9178,292.375,0.7902545805131123
San Luis Obispo,2002-05,0.3733333333333333,71.25806451612904,4.191720430107527,3118.866666666667,0.0,62.88817204301075,50.5,20.0,,10081.8675,613.8072,1.9756364512827809
San Luis Obispo,2002-06,0.0533333333333333,66.81111111111112,4.273555555555556,3077.2666666666664,0.0,67.56666666666666,49.0,22.0,,10305.8016,19369.3,1.1853818707696684
San Luis Obispo,2002-07,0.04,68.16129032258065,3.9336559139784946,2927.2000000000003,0.0,70.0763440860215,37.0,22.0,,8198.827,349.18,1.1853818707696684
San Luis Obispo,2002-08,0.0366666666666666,70.76344086021506,3.748817204301075,2789.4666666666667,0.0,68.96774193548386,58.0,28.0,,6347.6533,136.9081,2.765891031795893
San Luis Obispo,2002-09,0.02,64.47777777777777,3.480111111111111,2505.9,0.0,66.96333333333332,32.0,30.0,,5492.1198,415.0,0.7902545805131123
San Luis Obispo,2002-10,0.0,73.41935483870968,3.1098924731182795,2313.6,0.0,61.5752688172043,50.0,29.0,,4857.2401,607.625,1.5805091610262243
San Luis Obispo,2002-11,1.7666666666666668,66.9888888888889,3.7712222222222223,2083.766666666667,0.6666666666666666,57.537777777777784,57.0,24.0,,1256.062,859.0,0.7902545805131123
San Luis Obispo,2002-12,4.323333333333333,81.6989247311828,3.635591397849462,1315.5666666666666,0.0,53.064516129032256,34.0,15.0,,764.5523,427.0,1.1853818707696684
San Luis Obispo,2003-01,0.1566666666666666,76.3010752688172,3.576559139784946,2660.9666666666667,0.0,54.79462365591397,57.5,18.5,,1618.2509,406.0375,3.141270801102586
San Luis Obispo,2003-02,1.7266666666666668,70.71428571428571,3.6978571428571425,2484.766666666667,0.0,53.99880952380952,37.0,19.0,,3081.2279,7.0,0.7853177002756465
San Luis Obispo,2003-03,1.7533333333333332,72.75268817204301,4.04752688172043,3011.6,0.0,57.07419354838709,29.0,18.0,,5768.6957,108.0,0.0
San Luis Obispo,2003-04,1.1733333333333331,74.43888888888888,4.082833333333333,2512.4666666666667,0.0,59.51833333333334,24.5,12.5,,8603.3453,332.5,0.7853177002756465
San Luis Obispo,2003-05,1.2166666666666666,69.55913978494624,4.18978494623656,3117.366666666667,0.0,64.50967741935484,40.0,20.0,,11208.0149,77.6,1.963294250689116
San Luis Obispo,2003-06,0.6633333333333333,70.63333333333334,3.869555555555556,2786.2333333333336,0.0,68.73,52.5,20.0,,10026.4578,1073.8125,1.1779765504134698
San Luis Obispo,2003-07,0.18,61.53763440860215,3.6663440860215055,2727.7000000000003,0.0,71.89892473118279,44.0,23.0,,11374.2975,245.5256,1.570635400551293
San Luis Obispo,2003-08,0.0733333333333333,68.49462365591398,3.642795698924731,2710.6,0.0,71.68817204301075,37.5,20.0,,7502.5411,533.4831,1.963294250689116
San Luis Obispo,2003-09,0.1033333333333333,67.54444444444444,3.2279578544061303,2302.6666666666665,0.0,69.32222222222222,52.0,25.5,,5521.6877,318.75,2.748611950964763
San Luis Obispo,2003-10,0.2333333333333333,58.30107526881721,3.210967741935484,2388.4666666666667,0.0,64.73225806451613,43.0,33.0,,3917.8955,29.3891,3.926588501378233
San Luis Obispo,2003-11,1.0666666666666669,70.14444444444445,3.3278888888888893,2396.366666666667,0.3333333333333333,56.63999999999999,57.0,17.5,,1255.1351,109.8292,4.711906201653879
San Luis Obispo,2003-12,2.7466666666666666,75.20430107526882,3.2838709677419353,2443.233333333333,0.0,53.2010752688172,52.0,14.0,,1289.8329,141.7288,3.926588501378233
San Luis Obispo,2004-01,1.0333333333333334,74.76344086021506,3.339677419354839,2484.633333333333,0.0,50.946236559139784,64.0,14.0,,1425.9264,59.2143,3.89344421862468
San Luis Obispo,2004-02,4.22,78.01768346595932,3.4706542882404947,2066.0333333333333,0.3333333333333333,52.15172413793103,36.0,13.0,,1633.4975,52.0749,2.336066531174808
San Luis Obispo,2004-03,0.4133333333333334,74.08120133481647,3.7226881720430103,2769.7666666666664,0.0,59.87204301075269,37.0,21.0,,11523.2416,298.5114,2.725410953037276
San Luis Obispo,2004-04,0.0133333333333333,66.65555555555555,3.771555555555556,2715.6666666666665,0.0,62.68555555555556,47.0,22.5,,11301.7228,465.2814,3.89344421862468
San Luis Obispo,2004-05,0.18,64.3763440860215,4.214623655913979,3135.633333333333,0.0,66.25591397849462,39.5,20.0,,8113.3724,238.965,6.229510749799488
San Luis Obispo,2004-06,0.1833333333333333,65.95555555555556,4.169777777777778,3002.2666666666664,0.0,69.27666666666666,39.0,20.5,,10286.8261,939.3471,1.94672210931234
San Luis Obispo,2004-07,0.0766666666666666,69.04301075268818,3.705161290322581,2756.7666666666664,0.0,71.78709677419356,39.0,19.0,,7595.9716,1785.2918,1.94672210931234
San Luis Obispo,2004-08,0.0,69.97849462365592,3.6377419354838714,2706.1666666666665,0.0,71.26021505376345,30.0,19.0,,4823.9439,753.7819,3.504099796762212
San Luis Obispo,2004-09,0.0066666666666666,60.18888888888889,3.403111111111111,2450.0666666666666,0.0,68.09777777777778,33.0,27.5,,2988.123,30.1875,3.114755374899744
San Luis Obispo,2004-10,2.316666666666667,73.2795698924731,3.475268817204301,2585.5,0.0,62.61935483870968,38.0,17.0,,1759.5173,11.0889,3.114755374899744
San Luis Obispo,2004-11,2.2,74.03333333333333,2.986111111111111,2150.2000000000003,0.0,55.29079365079365,58.0,15.0,,966.3435,210.25,2.336066531174808
San Luis Obispo,2004-12,7.080000000000001,70.75268817204301,3.8555913978494623,2868.6666666666665,1.0,51.09892473118279,65.0,16.0,,1090.0122,17.0392,1.557377687449872
San Luis Obispo,2005-01,4.666666666666667,80.02150537634408,3.4076344086021506,2535.066666666667,0.3333333333333333,52.13225806451613,51.0,12.0,,1625.241,169.2324,0.7733503470409683
San Luis Obispo,2005-02,5.3,80.22619047619048,3.399285714285714,2284.366666666667,0.0,54.66190476190476,35.0,11.0,,3355.6737,278.9423,1.1600255205614525
San Luis Obispo,2005-03,3.2533333333333334,77.88172043010752,3.695268817204301,2749.133333333333,0.0,58.48817204301074,31.0,11.0,,13371.0372,1134.876,1.5467006940819366
San Luis Obispo,2005-04,1.403333333333333,71.92222222222222,4.040222222222222,2908.7999999999997,0.0,59.64333333333334,25.5,13.0,,21958.4344,5164.8684,1.1600255205614525
San Luis Obispo,2005-05,1.4533333333333334,72.00286738351254,4.2616129032258065,3170.7333333333336,0.3333333333333333,66.2494623655914,39.5,14.0,,13792.1923,7507.4641,0.7733503470409683
San Luis Obispo,2005-06,0.0,71.57222222222222,3.9202222222222223,2665.8333333333335,0.0,69.21388888888889,32.0,15.5,,12812.9469,17383.4783,1.1600255205614525
San Luis Obispo,2005-07,0.0,69.27956989247312,3.570215053763441,2655.6666666666665,0.0,73.35698924731183,50.0,19.0,,11025.6368,27302.1439,2.320051041122905
San Luis Obispo,2005-08,0.0,69.40860215053765,3.358064516129032,2498.4,0.0,72.11935483870967,43.0,19.0,,5411.829,7427.6271,2.7067262146433886
San Luis Obispo,2005-09,0.0066666666666666,68.88888888888889,3.357777777777778,2418.2000000000003,0.0,67.28333333333335,45.0,21.5,,3399.6626,5849.7784,3.866751735204841
San Luis Obispo,2005-10,0.0666666666666666,65.64516129032258,3.5063440860215054,2608.7000000000003,0.0,62.906451612903226,40.0,21.0,,2577.5714,4366.4161,6.57347794984823
San Luis Obispo,2005-11,0.2133333333333333,61.08888888888888,3.2622222222222224,2348.9666666666667,0.0,58.00555555555555,43.0,19.0,,1757.5602,2437.1337,9.666879338012103
San Luis Obispo,2005-12,0.4633333333333334,69.79735318444996,3.6054673283705543,2154.9666666666667,0.3333333333333333,53.82894954507858,43.0,16.0,,1737.7238,439.8119,3.093401388163873
San Luis Obispo,2006-01,1.856666666666667,71.70967741935483,3.787096774193549,2817.6666666666665,0.3333333333333333,52.2247311827957,54.0,11.0,,1886.497,356.2444,6.525961811606998
San Luis Obispo,2006-02,1.53,64.34523809523809,4.264047619047619,2865.6,0.3333333333333333,53.24404761904762,49.0,15.5,,2864.4497,1262.3771,4.222681172216293
San Luis Obispo,2006-03,5.04,78.03225806451613,3.973978494623656,2957.0333333333333,0.0,53.25464669738864,28.0,9.0,,5074.189,1848.0602,1.919400532825588
San Luis Obispo,2006-04,3.3333333333333335,77.58888888888889,3.9992222222222225,2879.1,0.0,58.63888888888889,18.0,9.5,,13703.875,7370.0372,1.1516403196953529
San Luis Obispo,2006-05,1.22,71.64516129032258,3.924838709677419,2920.3333333333335,0.0,65.39354838709677,46.5,19.0,,35964.8255,10439.8168,1.919400532825588
San Luis Obispo,2006-06,0.045,72.19166666666666,3.9266666666666663,2159.375,0.0,69.94458333333333,40.0,19.0,,29678.3278,11867.594,4.222681172216293
San Luis Obispo,2006-07,0.0,70.37903225806451,3.5720967741935485,2657.5,0.0,71.57177419354838,51.0,19.0,,17990.0606,16166.1051,7.293722024737233
San Luis Obispo,2006-08,0.0,74.78225806451613,3.6625,2725.225,0.0,70.36451612903225,36.0,19.0,0.0,13261.4693,12690.5615,9.213122557562825
San Luis Obispo,2006-09,0.0225,71.64166666666667,3.63725,2618.8500000000004,0.0,67.45444444444445,44.0,23.5,0.0,11142.5215,4549.7174,5.758201598476764
San Luis Obispo,2006-10,0.05,67.20967741935485,3.479758064516129,2588.625,0.0,61.63729032258065,48.0,15.0,14.41,7173.2101,5145.3601,9.213122557562825
San Luis Obispo,2006-11,0.3675,65.35833333333333,3.9465833333333338,2841.625,0.0,58.314827586206896,57.0,15.5,16.19,2081.9652,1203.3124,6.142081705041881
San Luis Obispo,2006-12,2.085,61.96774193548387,3.922016129032258,2917.875,0.25,51.07569124423963,66.0,15.0,117.75,2029.018,769.5185,9.213122557562825
San Luis Obispo,2007-01,0.8049999999999999,59.282258064516135,3.860403225806451,2872.3,0.25,49.05262096774193,59.0,29.0,384.35,1790.5653,758.9274,6.850097043041444
San Luis Obispo,2007-02,1.9675,75.40178571428572,3.7988392857142856,2553.225,0.0,52.94375,32.5,18.0,2.0,4789.315,1724.1868,6.850097043041444
San Luis Obispo,2007-03,0.465,68.12903225806451,3.8438709677419354,2859.875,0.0,57.13580069124424,41.0,28.5,56.15,13439.9678,5491.0578,3.425048521520722
San Luis Obispo,2007-04,0.6100000000000001,70.625,4.171749999999999,3003.625,0.0,60.18333333333334,33.0,44.0,39.65,19100.5787,12089.8634,2.6639266278494502
San Luis Obispo,2007-05,0.1649999999999999,69.58870967741936,4.123709677419355,3067.725,0.0,64.5008064516129,42.0,43.0,101.07,20642.1436,12280.7952,0.0
San Luis Obispo,2007-06,0.0,68.53333333333333,4.070833333333333,2930.875,0.0,67.42416666666666,37.0,50.5,229.36,15342.2485,16450.4728,1.1416828405069073
San Luis Obispo,2007-07,0.0,69.5241935483871,3.998548387096774,2975.05,0.0,69.94354838709678,28.0,18.5,163.92,13580.7119,17516.3471,1.522243787342543
San Luis Obispo,2007-08,0.0725,69.83064516129032,3.621129032258065,2694.35,0.0,69.33790322580646,34.0,20.5,100.54,11277.0234,12624.6908,1.9028047341781784
San Luis Obispo,2007-09,0.0,66.91666666666666,3.72175,2679.95,0.0,67.38881578947368,31.0,28.0,38.8,11356.4591,21016.2025,1.1416828405069073
San Luis Obispo,2007-10,0.36,63.5,3.8823387096774193,2888.4,0.25,61.49677419354839,33.0,27.0,78.95,7534.7097,9933.3558,4.566731362027629
San Luis Obispo,2007-11,0.09,63.45833333333333,3.693583333333333,2659.55,0.0,57.74583333333333,68.0,26.5,10.71,4636.1015,3986.4276,1.522243787342543
San Luis Obispo,2007-12,2.7025,64.17170698924731,4.171690188172043,2916.8,0.25,50.618389976958525,48.0,39.0,4.0,2160.0648,1110.2444,0.0
San Luis Obispo,2008-01,8.692499999999999,70.08064516129033,4.613790322580645,3432.45,1.5,49.95090322580646,48.0,16.0,4.0,2939.4191,2189.8062,2.252607393057464
San Luis Obispo,2008-02,3.0375,68.86206896551724,4.258103448275862,2963.625,0.25,51.26120689655173,38.5,21.5,3.6,5306.8857,3010.1752,1.126303696528732
San Luis Obispo,2008-03,0.125,63.20967741935484,4.268225806451612,3175.275,0.0,55.19460511679644,34.5,40.0,5.96,13865.0881,4007.4804,1.8771728275478867
San Luis Obispo,2008-04,0.2025,62.475,4.372583333333333,3147.8500000000004,0.0,58.25333333333333,34.0,39.0,10.46,24742.6197,8014.3162,1.126303696528732
San Luis Obispo,2008-05,0.0125,69.13709677419355,4.01,2983.075,0.0,62.774193548387096,46.0,26.0,56.11,25223.2208,9953.3792,1.8771728275478867
San Luis Obispo,2008-06,0.0,61.58218390804598,4.147333333333334,2985.55,0.0,66.76916666666666,57.0,53.0,382.91,17943.6449,13249.6261,2.252607393057464
San Luis Obispo,2008-07,0.0,72.16935483870967,3.8341129032258063,2852.6,0.0,68.99536290322581,52.0,20.0,257.88,19275.1119,12580.9048,1.126303696528732
San Luis Obispo,2008-08,0.0,71.48387096774194,3.5854032258064517,2667.775,0.0,68.74226403823178,43.0,20.0,1410.82,19278.4549,8696.7515,1.8771728275478867
San Luis Obispo,2008-09,0.0,69.70833333333334,3.3456666666666663,2408.65,0.0,66.43760869565217,46.0,21.0,13.67,14832.8655,4952.0648,2.628041958567042
San Luis Obispo,2008-10,0.0,55.266129032258064,3.7772580645161287,2810.5,0.0,61.87472191323693,42.0,37.0,166.57999999999998,8069.2063,1519.6689,3.378911089586196
San Luis Obispo,2008-11,0.3399999999999999,64.95,3.8475833333333336,2770.2,0.0,58.58,53.0,24.0,103.45,2864.7362,823.6945,6.006953048153237
San Luis Obispo,2008-12,1.2075,69.57258064516128,3.795241935483871,2823.775,0.0,51.79112903225806,53.0,11.0,1.12,2116.5764,332.3921,4.8806493516245055
San Luis Obispo,2009-01,0.595,54.572580645161295,3.909274193548387,2907.975,0.5,50.814516129032256,63.5,25.0,5.1,1839.5658,1284.3914,3.356392996326614
San Luis Obispo,2009-02,3.4425,72.125,3.741517857142857,2514.125,0.25,51.40625,22.5,8.5,2.0,6561.5409,714.8789,1.1187976654422047
San Luis Obispo,2009-03,1.2275,66.94354838709677,4.205403225806451,3128.775,0.0,54.71693548387097,38.0,25.0,1.0,9001.6467,2989.8407,2.6105278860318113
San Luis Obispo,2009-04,0.5125,65.225,4.145416666666667,2984.425,0.0,57.27166666666666,39.0,48.5,38.35,18231.8178,5178.6006,1.1187976654422047
San Luis Obispo,2009-05,0.27,69.93548387096774,4.052983870967742,3015.175,0.0,63.52903225806452,39.5,32.0,17.86,21201.0813,7593.1989,2.6105278860318113
San Luis Obispo,2009-06,0.105,73.19166666666666,3.9079166666666665,2813.95,0.0,65.5925,38.5,16.0,91.85,18885.9309,14896.821,2.9834604411792127
San Luis Obispo,2009-07,0.0,69.86290322580645,3.813709677419354,2837.45,0.0,68.20241935483871,53.0,19.0,201.18,18467.5905,27376.5167,1.1187976654422047
San Luis Obispo,2009-08,0.0025,68.54838709677419,3.6693548387096775,2729.775,0.0,67.36370967741935,52.0,19.0,3404.16,14548.5302,17241.5557,2.2375953308844094
San Luis Obispo,2009-09,0.0125,66.525,3.5045,2523.325,0.0,66.04333333333334,42.0,13.0,13.24,14178.6,2908.2683,3.356392996326614
San Luis Obispo,2009-10,1.775,63.87096774193549,4.2921774193548385,3193.425,0.25,61.54758064516129,52.0,23.0,73.16,10152.659,2096.9134,3.356392996326614
San Luis Obispo,2009-11,0.0825,61.3,3.692833333333333,2658.575,0.25,55.45333333333333,59.5,24.5,86.55,5070.993,1442.1956,2.2375953308844094
San Luis Obispo,2009-12,2.1075,73.66935483870968,3.4658870967741935,2578.575,0.0,50.92580645161291,61.0,14.0,2.05,2451.4446,416.4441,2.9834604411792127
San Luis Obispo,2010-01,5.235,73.91935483870968,3.7393548387096778,2782.3,0.0,51.69516129032258,32.0,18.0,0.01,3082.4322,563.271,6.301057094990289
San Luis Obispo,2010-02,4.195,78.26785714285714,3.843660714285714,2582.825,0.25,53.3375,45.0,18.0,0.0,5916.4535,1206.397,3.7065041735237
San Luis Obispo,2010-03,1.315,68.43548387096774,3.859193548387097,2871.275,0.0,55.14354838709677,51.0,30.5,23.12,14502.404,1463.4305,1.48260166940948
San Luis Obispo,2010-04,2.5475,72.23448275862069,4.177747126436781,2987.15,0.0,58.0176724137931,52.0,31.0,1.01,22780.383,5234.2027,3.7065041735237
San Luis Obispo,2010-05,0.455,68.73387096774194,4.294758064516129,3195.25,0.0,61.69516129032258,58.0,40.0,7.76,19742.7055,6966.8206,0.0
San Luis Obispo,2010-06,0.165,72.25833333333333,3.99775,2878.275,0.0,66.10583333333334,56.0,37.0,381.94,18488.1252,16321.1425,2.2239025041142195
San Luis Obispo,2010-07,0.3,75.67741935483872,3.8004838709677418,2827.35,0.0,66.96612903225807,43.0,12.0,151.98,19551.5762,29357.5461,4.077154590876069
San Luis Obispo,2010-08,0.0925,72.7258064516129,3.638306451612903,2706.85,0.0,66.77741935483871,35.0,9.0,1307.8200000000002,13427.7756,21766.1181,3.7065041735237
San Luis Obispo,2010-09,0.0475,66.76666666666667,3.504833333333333,2523.45,0.0,65.07249999999999,43.5,22.0,21.24,11722.4333,3643.0475,5.93040667763792
San Luis Obispo,2010-10,1.7225,72.84038978494624,3.37789314516129,2377.175,0.0,62.808971774193544,41.0,23.0,417.87,12942.377,2042.9109,14.08471585939006
San Luis Obispo,2010-11,1.5074999999999998,66.87757352941176,3.6632071078431374,2270.3,0.25,56.67446078431372,54.0,21.0,159.01,3870.5501,835.798,9.636910851161618
San Luis Obispo,2010-12,7.23,78.35483870967742,3.7229032258064514,2077.525,0.25,54.34946236559139,47.0,14.0,0.0,1724.6122,146.5529,5.93040667763792
San Luis Obispo,2011-01,1.7525,66.65255376344086,3.683239247311828,2475.9750000000004,0.0,51.71411290322581,55.0,25.0,4.05,2422.9671,3000.5952,3.3205675956876894
San Luis Obispo,2011-02,3.4675,67.02678571428571,4.168035714285715,2800.725,0.0,51.5125,53.0,23.0,1.2,4231.1824,1508.633,1.1068558652292295
San Luis Obispo,2011-03,5.745,76.16935483870967,4.080241935483871,3035.975,0.0,54.733870967741936,54.0,21.0,0.03,11888.1672,1671.3514,2.2137117304584595
San Luis Obispo,2011-04,0.3375,70.10833333333333,3.4736666666666665,2501.225,0.0,59.72416666666667,66.5,46.0,3.3200000000000003,20147.4308,9663.8889,2.5826636855348695
San Luis Obispo,2011-05,1.07,70.29032258064517,3.956370967741936,2943.45,0.0,62.08467741935484,64.0,44.0,1429.17,22336.6673,31748.1181,1.8447597753820495
San Luis Obispo,2011-06,1.2325,76.34166666666667,3.959,2850.525,0.0,65.83916666666667,52.5,26.0,488.25,21622.1134,89886.6141,4.79637541599333
San Luis Obispo,2011-07,0.4225,74.62096774193549,3.749838709677419,2789.85,0.0,69.04758064516129,53.0,22.0,364.25,29115.9168,169766.0055,9.223798876910248
San Luis Obispo,2011-08,0.2275,75.79838709677419,3.6441129032258064,2711.075,0.0,68.06370967741935,51.0,19.0,386.14,23208.0867,153852.3594,3.689519550764099
San Luis Obispo,2011-09,0.3525,74.975,3.333916666666666,2400.5,0.0,66.795,54.0,25.0,1619.62,11199.4998,40215.3798,6.641135191375379
San Luis Obispo,2011-10,1.1825,70.54699666295885,3.414785873192436,2500.2,0.0,63.77711345939933,54.0,28.0,6.38,10206.4064,6443.6593,10.330654742139478
San Luis Obispo,2011-11,2.295,70.89166666666667,3.4535,2486.475,0.0,56.07666666666667,48.5,21.5,77.02,2863.4904,1044.2389,9.59275083198666
San Luis Obispo,2011-12,0.1675,61.846774193548384,3.4675,2579.625,0.25,50.141129032258064,68.0,31.0,11.74,1377.8346,459.3938,8.11694301168102
San Luis Obispo,2012-01,2.5225,63.13554590570719,3.556861042183623,2540.5,0.0,50.45192307692307,56.0,33.0,34.63,1819.6941,1935.8267,8.389843182887638
San Luis Obispo,2012-02,0.52,64.7844827586207,3.9122413793103448,2723.125,0.0,52.53103448275862,52.0,31.0,8.51,2962.591,4558.1235,4.377309486723985
San Luis Obispo,2012-03,1.985,70.39516129032259,3.405241935483871,2533.45,0.0,54.0008064516129,34.0,17.0,86.5,8437.0757,2347.7635,4.377309486723985
San Luis Obispo,2012-04,2.12,70.07011494252873,3.2816810344827587,2337.55,0.0,58.654310344827586,51.0,28.0,1.26,19770.9631,7872.6239,4.012533696163653
San Luis Obispo,2012-05,0.405,69.95161290322581,3.5649193548387097,2652.075,0.0,63.07983870967742,61.0,38.0,11.29,35001.3663,79484.2575,1.8238789528016603
San Luis Obispo,2012-06,0.315,69.42500000000001,3.6793333333333336,2648.75,0.0,65.43666666666667,56.0,30.5,65.8,26312.7572,184612.2492,1.0943273716809965
San Luis Obispo,2012-07,0.3175,73.28948832035596,3.0524193548387095,2270.85,0.0,66.82896180941788,44.0,19.0,3288.74,34892.2666,151785.8634,2.5534305339223247
San Luis Obispo,2012-08,0.09,68.60483870967742,3.540725806451613,2634.2,0.0,71.13596176821983,36.0,21.0,408.38,17466.9631,145135.8683,2.5534305339223247
San Luis Obispo,2012-09,0.02,72.475,3.2208514492753624,2147.95,0.0,70.71144927536233,46.0,24.5,32.35,9430.3058,21848.2592,2.918206324482657
San Luis Obispo,2012-10,0.5150000000000001,67.35483870967742,3.5858064516129033,2667.775,0.25,71.01601779755285,41.0,26.0,10.1,6447.1434,10290.6246,2.5534305339223247
San Luis Obispo,2012-11,1.185,67.2,3.757416666666667,2705.45,0.0,69.72524509803922,44.5,22.5,28.2,2748.192,1881.7438,2.5534305339223247
San Luis Obispo,2012-12,3.2975000000000003,76.28225806451613,3.4753225806451615,2585.3,0.0,57.95014934289128,37.0,13.0,0.0,2177.2862,1308.0961,2.1886547433619925
San Luis Obispo,2013-01,0.97,63.44354838709677,3.4175806451612902,2542.5,0.0,49.25645161290323,58.0,23.0,0.25,1504.4423,2353.1228,2.17654698076658
San Luis Obispo,2013-02,0.5725,69.21428571428572,3.3685714285714283,2263.625,0.0,50.886607142857144,56.5,30.0,5.1,2864.5131,7249.4233,2.17654698076658
San Luis Obispo,2013-03,0.625,70.19354838709677,3.6018548387096776,2679.775,0.0,55.84112903225807,45.0,24.0,9.9,13012.6196,10288.2908,1.8137891506388164
San Luis Obispo,2013-04,0.37,69.86500000000001,3.9066666666666663,2812.925,0.0,59.88166666666667,56.5,39.5,19.7,27148.509,17576.7324,2.17654698076658
San Luis Obispo,2013-05,0.465,67.32258064516128,4.160645161290323,3095.525,0.0,63.899193548387096,67.0,56.0,111.79,28665.8191,38203.5644,2.17654698076658
San Luis Obispo,2013-06,0.185,69.29281609195402,3.8785890804597702,2773.0,0.0,67.35686781609195,42.5,24.5,154.15,27050.4215,38385.1501,1.4510313205110532
San Luis Obispo,2013-07,0.1625,75.18621700879766,3.6743548387096774,2734.025,0.0,70.28306451612903,42.0,24.0,113.35,26722.5348,68766.1597,0.3627578301277633
San Luis Obispo,2013-08,0.13,75.12625139043382,3.535967741935484,2630.825,0.0,69.27177419354838,52.0,20.0,67.78,16194.0725,35212.3429,0.3627578301277633
San Luis Obispo,2013-09,0.13,67.8528735632184,3.59225,2586.675,0.0,67.97833333333332,59.5,40.0,99.94,7909.4662,9680.0377,1.4510313205110532
San Luis Obispo,2013-10,0.2525,67.82862903225806,3.3314516129032254,2478.5,0.0,61.61693548387097,62.0,35.0,11.42,6599.4967,2130.7461,2.9020626410221064
San Luis Obispo,2013-11,0.2174999999999999,69.68666666666667,3.0854166666666667,2221.375,0.0,56.66833333333334,60.0,39.0,53.05,3867.0599,5651.7965,0.7255156602555266
San Luis Obispo,2013-12,0.245,48.76827956989247,3.606935483870968,2683.65,0.0,50.47096774193548,67.0,37.0,12.9,2490.1577,882.1177,1.4510313205110532
San Luis Obispo,2014-01,0.035,53.60483870967742,3.3158870967741936,2467.2,0.25,51.97258064516129,70.0,50.0,28.66,2818.1365,2647.3806,0.718881420509687
San Luis Obispo,2014-02,3.46,71.70535714285714,4.007678571428571,2693.2,0.25,54.54017857142857,55.5,23.5,4.26,7421.1933,1910.2815,1.437762841019374
San Luis Obispo,2014-03,1.665,68.94086021505376,3.8142741935483873,2837.675,0.25,57.899827188940094,61.0,32.0,190.1,17196.9641,9913.1288,0.718881420509687
San Luis Obispo,2014-04,0.3775,70.06920289855071,3.841,2594.35,0.0,60.70695652173913,61.0,35.0,68.27,27712.2163,15202.7413,1.437762841019374
San Luis Obispo,2014-05,0.1675,61.153225806451616,4.025,2994.7,0.0,63.721774193548384,68.0,47.0,20.49,20408.2958,24609.4075,0.718881420509687
San Luis Obispo,2014-06,0.3,73.94722222222222,3.831166666666667,2758.475,0.0,67.45,62.0,31.0,18.32,23381.9106,21403.4945,1.437762841019374
San Luis Obispo,2014-07,0.1725,74.9399641577061,3.568467741935484,2654.55,0.0,70.90241935483871,48.0,18.0,138.87,17873.4105,34765.799,0.718881420509687
San Luis Obispo,2014-08,0.1175,72.50967741935483,3.501290322580645,2605.075,0.0,71.0008064516129,48.0,19.0,18.53,10476.5556,30660.9632,0.718881420509687
San Luis Obispo,2014-09,0.145,75.30833333333334,3.40875,2454.15,0.0,69.69416666666666,52.0,28.0,23.3,11991.0606,38434.6473,1.0783221307645303
San Luis Obispo,2014-10,0.8325,61.972849462365595,3.1241935483870966,2324.3,0.0,66.0508064516129,55.0,43.0,2.38,5963.2952,16296.7754,0.3594407102548435
San Luis Obispo,2014-11,0.4525,67.825,3.1999166666666667,2303.95,0.0,59.9225,54.0,26.0,0.22,2998.1143,1709.4801,0.3594407102548435
San Luis Obispo,2014-12,4.7825,77.33426028921023,3.799796996662959,2791.575,0.25,56.485233592880974,47.0,18.0,0.0,2860.9781,3801.6214,0.0
San Luis Obispo,2015-01,0.2625,66.77419354838709,3.2013709677419353,2381.7,0.0,53.15887096774193,60.0,29.0,1.22,4710.8017,4490.6185,1.7853189650863024
San Luis Obispo,2015-02,1.23,76.34546703296704,3.410357142857143,2291.625,0.0,56.93125,57.0,25.5,1.13,9221.1896,4521.2174,0.0
San Luis Obispo,2015-03,0.2275,66.67043010752688,3.6339516129032257,2703.8,0.0,58.94838709677419,60.0,30.0,7.39,16026.844,10114.3299,0.7141275860345209
San Luis Obispo,2015-04,0.775,64.70833333333333,3.93825,2835.65,0.0,60.516666666666666,57.0,33.5,42.129999999999995,37291.6265,25305.9941,1.7853189650863024
San Luis Obispo,2015-05,0.275,76.33870967741936,3.9285483870967743,2922.825,0.0,63.42338709677419,54.0,28.0,87.44999999999999,26250.8151,25687.089,1.0711913790517813
San Luis Obispo,2015-06,0.405,73.63796296296296,3.675,2646.0249999999996,0.0,67.81416666666667,45.5,25.5,1803.91,25556.7999,35511.1753,2.1423827581035626
San Luis Obispo,2015-07,1.2975,76.69242610837438,3.706935483870968,2757.75,0.0,71.33951612903226,45.0,21.0,119.93,31389.1413,28299.6369,0.0
San Luis Obispo,2015-08,0.33,73.76751946607342,3.5275,2624.275,0.0,71.73790322580645,55.0,34.0,2474.61,11991.1186,35312.6213,1.4282551720690415
San Luis Obispo,2015-09,0.2625,64.79163473818646,3.3600000000000003,2419.325,0.0,69.80083333333334,45.0,35.5,1095.16,9086.9031,26336.9303,3.927701723189865
San Luis Obispo,2015-10,0.3925,70.57069892473118,3.3191129032258067,2469.4,0.0,67.09354838709677,53.0,35.0,13.15,8671.6182,5070.1153,2.8565103441380835
San Luis Obispo,2015-11,1.245,61.916666666666664,3.9013333333333335,2808.75,0.25,58.06999999999999,55.0,24.0,4.89,3723.9946,3805.5138,3.213574137155344
San Luis Obispo,2015-12,1.85,68.94354838709677,3.6128225806451617,2688.1,0.0,52.52688172043011,55.0,20.0,3.11,2860.7011,5101.2266,4.284765516207125
San Luis Obispo,2016-01,4.0775,81.54838709677419,3.2941129032258063,2451.0,0.0,52.10909090909091,51.0,19.0,1.02,4275.1505,4416.4866,1.774345798704018
San Luis Obispo,2016-02,1.0575,62.85057471264368,3.961637931034483,2757.65,0.25,53.33965517241379,53.0,25.0,2.02,6000.2107,7937.7361,2.8389532779264286
San Luis Obispo,2016-03,3.77,77.12903225806451,3.789596774193548,2819.425,0.25,55.86935483870968,39.0,23.0,101.13,17346.6054,7144.1709,3.193822437667232
San Luis Obispo,2016-04,0.58,69.32672413793104,3.5774166666666667,2576.05,0.0,60.99666666666667,50.5,39.5,52.28,33054.3243,15967.3156,3.5486915974080357
San Luis Obispo,2016-05,0.3125,78.4758064516129,3.597016129032258,2676.15,0.0,64.19795506912442,37.0,23.0,4144.7,28426.8004,24426.4529,1.774345798704018
San Luis Obispo,2016-06,0.1925,66.85948275862069,3.5789166666666663,2576.75,0.0,68.28333333333333,54.5,39.0,560.79,26755.1722,28818.0375,4.96816823637125
San Luis Obispo,2016-07,0.1575,70.7741935483871,3.3004838709677418,2455.75,0.0,69.66129032258064,39.0,26.0,132318.75,31958.9037,31447.1417,6.032775715593661
San Luis Obispo,2016-08,0.2725,75.65322580645162,3.1868548387096776,2371.05,0.0,69.4758064516129,54.0,31.0,46325.18,13074.0813,21710.5943,14.904504709113748
San Luis Obispo,2016-09,0.1925,66.10833333333333,3.1930833333333335,2298.8999999999996,0.0,67.33916666666667,52.0,33.0,19.95,11522.2775,22149.1328,11.00094395196491
San Luis Obispo,2016-10,2.22,68.225,3.477741935483871,2487.725,0.25,63.89193548387097,34.0,26.0,14.79,8044.6045,8842.2333,18.453196306521782
San Luis Obispo,2016-11,1.7325,72.725,2.966,2135.875,0.0,59.25,45.0,25.5,1.47,4653.2038,7308.6461,16.323981348076963
San Luis Obispo,2016-12,2.1525000000000003,73.16811414392059,3.3310545905707194,2205.675,0.5,53.48691066997519,50.0,19.0,8.11,2084.9329,4800.0241,7.0973831948160715
San Luis Obispo,2017-01,8.78,76.90683912861331,3.664506179304566,2506.9,0.25,51.56385106828655,44.0,18.0,1.75,3513.4547,5845.5564,3.895625566636446
San Luis Obispo,2017-02,5.035,82.31239824989825,3.7847916666666666,2183.15,0.25,54.557226190476186,35.0,15.0,0.1,4502.2312,4503.5516,2.47903445149592
San Luis Obispo,2017-03,1.4675,69.05833333333334,4.08860752688172,2615.1,0.0,57.16543010752688,34.0,27.0,1.03,11340.1009,8586.8189,4.249773345421578
San Luis Obispo,2017-04,1.19,67.82222222222222,3.7642222222222226,2032.8,0.0,59.782222222222224,60.0,44.0,24.04,25341.9231,13811.5665,4.603921124206709
San Luis Obispo,2017-05,0.7050000000000001,74.42684331797236,3.775898617511521,2722.6,0.0,63.52957949308756,56.0,33.0,274.17,36029.3595,18110.8766,2.833182230281052
San Luis Obispo,2017-06,0.1725,71.56666666666666,3.8274166666666662,2755.7,0.0,68.05333333333333,57.5,37.5,1918.93,34257.5457,37628.9979,6.020512239347235
San Luis Obispo,2017-07,0.175,70.73602150537634,3.3254838709677417,2474.225,0.0,70.31048387096774,54.0,23.0,80019.26,27734.2209,62975.0469,9.561990027198547
San Luis Obispo,2017-08,0.1925,75.509390063033,3.2625806451612904,2427.025,0.0,70.34193548387097,55.0,24.0,234.39,17071.0288,32920.1269,10.978581142339076
San Luis Obispo,2017-09,0.2525,66.91264090177134,3.311166666666667,2383.975,0.0,69.45333333333333,57.5,41.5,627.79,9974.7639,29452.7367,10.978581142339076
San Luis Obispo,2017-10,0.1725,54.04171301446051,3.5118548387096773,2612.525,0.25,63.72741935483872,59.0,50.0,96.06,5461.6945,11068.9341,34.35233454215775
San Luis Obispo,2017-11,0.2625,67.85008210180624,3.2346666666666666,2227.4,0.75,60.30940476190476,48.0,26.5,7.05,3842.1444,3508.2796,31.16500453309157
San Luis Obispo,2017-12,0.15,46.89516129032258,3.2742741935483872,2435.85,0.25,53.03387096774193,66.0,51.0,13.58,1493.399,2880.9166,34.35233454215775
San Luis Obispo,2018-01,2.09,69.41242319508449,3.317875,2301.95,0.25,54.64588709677419,47.0,22.0,0.72,4307.109,3694.0803,24.37043054427295
San Luis Obispo,2018-02,0.225,59.28257275132275,3.731607142857143,2507.6499999999996,0.0,54.28303571428572,55.0,28.0,18.08,6634.4457,5539.5414,7.063892911383464
San Luis Obispo,2018-03,5.2175,76.78360215053763,3.5680600358422936,2416.35,0.5,54.884408602150536,19.0,12.0,7.81,9871.6628,2392.3567,9.88945007593685
San Luis Obispo,2018-04,0.605,73.91529304029304,4.066057692307693,2557.65,0.0,60.55897435897436,50.5,40.5,53.84,23558.488,5940.6508,7.417087556952636
San Luis Obispo,2018-05,0.1925,78.60777649769585,3.517384792626728,2427.875,0.0,64.06721774193548,47.0,38.0,126.02,35445.7467,9690.3966,6.0043089746759435
San Luis Obispo,2018-06,0.2025,71.72166666666666,3.3281666666666667,2396.425,0.0,67.52250000000001,49.0,39.0,713.54,24684.4716,25386.7071,5.2979196835375975
San Luis Obispo,2018-07,0.2675,72.64227614015573,3.2799193548387096,2440.4,0.0,70.9733870967742,43.0,29.0,78.86,21433.7934,28038.009,6.71069826581429
San Luis Obispo,2018-08,0.2575,71.59102999434069,3.196612903225806,2378.425,0.0,71.38064516129032,58.0,38.0,713.6899999999999,13358.6779,49214.5691,11.302228658213542
San Luis Obispo,2018-09,0.1675,74.065,3.1430833333333332,2263.25,0.0,68.24833333333333,52.5,35.0,658.0699999999999,9963.1145,15607.7212,10.24264472150602
San Luis Obispo,2018-10,0.3249999999999999,66.51612903225806,3.316209677419355,2467.375,0.0,64.6241935483871,51.0,35.0,230.42,7638.9195,6405.0136,10.595839367075197
San Luis Obispo,2018-11,2.225,60.49166666666667,3.43375,2472.425,0.25,59.344166666666666,50.0,42.5,37.97,2967.7572,2434.0153,13.774591177197754
San Luis Obispo,2018-12,0.7050000000000001,70.80645161290323,3.7193548387096778,2766.975,0.0,54.379838709677415,49.0,16.0,1.62,2090.5494,4273.5506,9.536255430367676
San Luis Obispo,2019-01,4.109999999999999,75.10483870967742,3.802258064516129,2829.15,0.0,52.97096774193548,41.0,15.0,4.6,3087.9526,2433.8453,8.492749315272087
San Luis Obispo,2019-02,4.705,76.32142857142857,4.37,2936.725,1.0,51.42321428571429,26.0,13.5,0.4,5593.2219,1518.1659,2.830916438424029
San Luis Obispo,2019-03,3.24,73.7741935483871,3.804838709677419,2830.7,0.0,55.02258064516129,27.0,19.0,0.11,9157.3099,2764.739,3.892510102833039
San Luis Obispo,2019-04,0.305,76.50833333333333,3.443583333333333,2479.325,0.0,60.785,41.0,25.5,57.36,20023.313,7691.9531,5.661832876848058
San Luis Obispo,2019-05,1.02,78.48387096774194,3.535725806451613,2631.025,0.0,63.00806451612903,36.0,18.0,908.77,35328.9179,12698.2913,3.538645548030036
San Luis Obispo,2019-06,0.0075,75.76410256410256,3.3285,2396.725,0.0,67.69666666666666,33.5,22.0,4024.87,37284.627,19690.7057,4.246374657636044
San Luis Obispo,2019-07,0.01,73.18548387096774,3.416774193548387,2542.075,0.0,69.85967741935484,39.0,19.0,1754.81,31518.6872,41969.7136,7.785020205666078
San Luis Obispo,2019-08,0.025,75.03091397849462,3.172661290322581,2360.6,0.0,70.7733870967742,32.0,21.0,102.64,17222.851,40800.7161,7.785020205666078
San Luis Obispo,2019-09,0.0125,65.68988095238095,3.2855,2365.825,0.0,69.34916666666668,51.0,34.0,515.91,8891.1511,21295.856,10.262072089287106
San Luis Obispo,2019-10,0.0,50.476612903225806,3.3025,2456.85,0.0,63.458064516129035,52.0,48.0,108.11,6284.2795,6692.9723,15.570040411332156
San Luis Obispo,2019-11,1.6275,66.725,2.9715833333333332,2139.35,0.0,58.745000000000005,53.0,38.5,58.129999999999995,3409.9841,1252.4573,14.86231130172615
San Luis Obispo,2019-12,2.3675,76.70161290322581,3.213870967741935,2390.875,0.0,53.83387096774194,33.0,14.0,2.8699999999999997,3206.0345,2975.0068,9.9082075344841
San Luis Obispo,2020-01,0.285,72.5,3.422177419354839,2545.85,0.0,51.65241935483871,37.0,18.0,0.0,5416.7492,2790.9892,6.373215499660096
San Luis Obispo,2020-02,0.0775,62.07758620689655,3.190948275862069,2220.975,0.0,53.07931034482759,49.0,28.0,0.0,5742.6722,4267.2875,5.3110129163834126
San Luis Obispo,2020-03,2.195,76.33064516129032,3.3643548387096773,2503.0,0.0,55.46774193548387,28.0,13.0,0.0,8571.5886,5357.4906,6.0191479719012015
San Luis Obispo,2020-04,0.7150000000000001,74.23333333333333,3.5705000000000005,2570.775,0.0,59.16,41.0,23.0,0.0,14793.7277,13238.7149,4.602877860865624
San Luis Obispo,2020-05,0.485,68.69382647385984,3.5901612903225804,2671.3,0.0,65.69516129032257,56.0,39.0,0.0,28604.5108,31993.8771,7.081350555177884
San Luis Obispo,2020-06,0.1875,69.7259236453202,3.42475,2465.775,0.0,68.83083333333335,49.5,24.5,0.1,33674.8202,23893.9273,2.8325402220711533
San Luis Obispo,2020-07,0.1125,73.06451612903226,3.1781451612903227,2364.75,0.0,70.61451612903225,34.0,19.0,0.4,31998.4975,41328.55,4.2488103331067295
San Luis Obispo,2020-08,0.26,71.46274370026525,2.9501612903225807,2194.7000000000003,0.0,71.75322580645161,55.0,22.0,2005.1,15319.9155,44144.2637,3.540675277588942
San Luis Obispo,2020-09,0.265,71.4245670995671,2.57725,1855.8,0.0,69.39083333333333,59.5,49.0,0.0,9594.2873,25904.6047,2.8325402220711533
San Luis Obispo,2020-10,0.135,63.57200460829493,2.611290322580645,1942.8,0.0,67.19354838709677,56.0,47.0,0.0,25045.2581,9775.04,5.3110129163834126
San Luis Obispo,2020-11,0.465,59.297413793103445,3.2079166666666667,2309.95,0.25,58.994166666666665,53.0,23.0,0.0,3632.4681,4794.2023,6.373215499660096
San Luis Obispo,2020-12,1.23,60.36290322580645,3.093467741935484,2301.6,0.5,54.49141935483871,53.0,23.0,0.0,2554.7381,3488.6638,8.851688193972354
San Luis Obispo,2021-01,2.8125,65.58704115684094,3.720403225806452,2768.1,0.75,54.819018817204295,49.0,22.0,0.0,2991.9133,1935.1022,5.747126436781609
San Luis Obispo,2021-02,0.36,62.839285714285715,3.3814285714285717,2272.375,0.0,55.52738095238095,45.0,23.5,0.0,7539.1987,3198.4737,8.620689655172413
San Luis Obispo,2021-03,1.15,69.95967741935485,3.079354838709677,2290.975,0.0,57.13716397849463,44.0,26.0,0.0,9108.3753,3424.2151,3.951149425287356
San Luis Obispo,2021-04,0.005,73.80833333333334,3.1836666666666664,2292.425,0.0,59.56,55.5,34.5,19.06,16523.4279,10731.6035,4.669540229885057
San Luis Obispo,2021-05,0.0075,72.83870967741936,3.404354838709678,2532.85,0.0,63.91182795698925,54.0,32.0,1224.2,22797.5508,14471.837,6.82471264367816
San Luis Obispo,2021-06,0.01,70.68706896551724,3.6095,2598.85,0.0,68.76555555555554,41.5,22.0,41.83,27044.9171,19712.8609,3.2327586206896552
San Luis Obispo,2021-07,0.03,73.48763440860215,3.0120161290322582,2241.2,0.0,71.92903225806451,36.0,19.0,99.06,20263.2578,41573.3222,4.669540229885057
San Luis Obispo,2021-08,0.0925,74.93548387096774,2.8633870967741935,2130.4,0.0,71.87741935483871,46.0,25.0,6.66,13472.4065,25295.2114,5.028735632183908
San Luis Obispo,2021-09,0.1325,73.05,2.76275,1989.075,0.0,70.41888888888889,48.0,32.0,41.6,10887.5798,9214.6819,3.2327586206896552
San Luis Obispo,2021-10,1.875,64.85483870967741,3.0700806451612905,2284.2,0.0,64.31290322580645,43.0,28.0,22.09,7991.3244,5775.5322,5.387931034482759
San Luis Obispo,2021-11,0.25,62.13333333333334,3.256666666666667,2344.75,0.5,60.98888888888889,51.5,19.5,2.11,3344.5131,2348.6647,4.310344827586206
San Luis Obispo,2021-12,5.615,80.67741935483872,2.8704838709677425,2135.7,0.25,55.75432551319648,43.0,13.0,0.0,4526.2767,2055.9689,6.4655172413793105
San Luis Obispo,2022-01,0.065,66.32258064516128,2.7571774193548384,2051.6,0.0,54.43963133640553,59.0,26.0,688.0,4660.451,1464.0046,4.301537799763416
San Luis Obispo,2022-02,0.0225,55.23214285714286,3.062589285714286,2057.9249999999997,0.0,54.79384920634921,55.5,31.0,36.0,4075.4007,3188.4884,1.79230741656809
San Luis Obispo,2022-03,0.752,67.66036866359447,3.5612857142857144,2214.98,0.2,57.04222350230415,53.0,35.0,252.0,8830.1846,2928.72,5.0184607663906515
San Luis Obispo,2022-04,0.258,65.77333333333333,4.0274,2899.84,0.8,60.83166666666666,55.5,42.5,229674.0,12641.3796,7977.2813,5.376922249704269
San Luis Obispo,2022-05,0.042,62.19354838709678,4.223290322580644,3141.86,0.6,65.23548387096774,63.0,48.0,964.0,29015.0464,14875.0588,3.9430763164497975
San Luis Obispo,2022-06,0.042,60.227717569786535,3.918,2821.34,0.0,70.12951149425288,57.0,31.5,5108.0,26441.8155,18187.1781,3.58461483313618
San Luis Obispo,2022-07,0.136,68.20645161290322,3.499935483870968,2604.0,0.0,71.75645161290322,28.0,20.0,634.0,22403.7435,29296.8585,5.735383733017887
San Luis Obispo,2022-08,0.1716666666666666,64.37903225806453,4.014471635150167,2947.383333333333,0.0,72.56042379539876,26.0,21.0,360.0,17811.6272,10781.5629,4.659999283077034
San Luis Obispo,2022-09,0.9633333333333334,64.3752733686067,3.7918333333333334,2730.016666666667,0.0,70.64505747126437,52.0,28.5,144.0,11355.2743,3443.1287,3.9430763164497975
San Luis Obispo,2022-10,0.0383333333333333,67.6989247311828,3.326129032258065,2474.5833333333335,0.0,64.65967741935484,44.0,28.0,77.0,10651.6875,7590.3416,5.735383733017887
San Luis Obispo,2022-11,1.038333333333333,61.74444444444444,3.747777777777778,2698.7999999999997,0.0,54.31055555555556,51.5,24.0,14.0,2839.4982,1390.9731,3.9430763164497975
San Luis Obispo,2022-12,7.113333333333333,82.92098010134718,3.537741935483871,2632.0,0.6666666666666666,51.534408602150535,34.0,13.0,3.0,955.8062,1616.9336,3.58461483313618
San Luis Obispo,2023-01,8.711666666666668,81.12007168458781,4.031021505376344,2999.433333333333,0.8333333333333334,50.91182795698924,35.0,18.0,0.0,1634.8212,1167.0291,4.6676121573344345
San Luis Obispo,2023-02,3.803333333333333,71.69642857142857,3.9944047619047622,2683.9500000000003,0.0,49.1202380952381,41.5,21.5,3.0,5273.9803,716.8994,3.2314238012315317
San Luis Obispo,2023-03,6.62,80.9731182795699,4.219086021505376,3139.2000000000003,0.3333333333333333,52.45591397849463,28.0,13.0,2.0,4522.7261,1275.8172,2.1542825341543543
San Luis Obispo,2023-04,0.005,71.57222222222222,4.105611111111111,2956.183333333333,0.5,58.25833333333333,52.5,30.5,39.0,12541.8571,2949.7647,2.872376712205806
San Luis Obispo,2023-05,0.3266666666666667,75.78494623655914,4.104946236559139,3054.4500000000003,0.0,64.0494623655914,17.0,15.0,971.0,31481.3872,13144.8571,2.51332962318008
San Luis Obispo,2023-06,0.1083333333333333,75.0111111111111,4.0680555555555555,2929.0166666666664,0.0,66.97722222222222,20.0,16.0,1811.0,33173.0705,14923.6119,2.1542825341543543
San Luis Obispo,2023-07,0.0,62.22043010752688,3.7468817204301073,2787.9833333333336,0.0,72.08924731182796,28.0,23.0,3858.0,25861.3548,34458.9249,2.51332962318008
San Luis Obispo,2023-08,0.06,68.415770609319,3.683870967741936,2740.75,0.0,72.1483870967742,33.0,20.0,309831.0,27435.9167,34029.149,4.6676121573344345
San Luis Obispo,2023-09,0.085,74.69444444444444,3.2420555555555555,2334.35,0.0,68.94500000000001,49.0,22.5,344.0,17750.6469,6856.8872,3.590470890257257
San Luis Obispo,2023-10,0.0916666666666666,63.380465949820795,3.118978494623656,2320.2999999999997,0.0,64.40860215053763,42.0,31.0,799.0,11679.0996,3427.8888,9.335224314668867
San Luis Obispo,2023-11,1.07,59.6588122605364,3.1931111111111115,2298.9500000000003,0.0,57.21055555555555,41.5,23.0,675.0,3012.6899,910.3406,22.61996660862072
San Luis Obispo,2023-12,3.545,72.34205289828205,3.0402688172043013,2262.15,0.1666666666666666,53.663440860215054,38.0,19.0,412.0,1892.2412,580.3822,25.1332962318008
San Luis Obispo,2024-01,2.5833333333333335,79.38709677419355,3.1491397849462364,2342.9,0.0,52.432795698924735,29.0,14.0,3.0,,,18.661671080869635
San Luis Obispo,2024-02,4.1433333333333335,83.35488505747126,3.4178735632183908,2378.9666666666667,0.6666666666666666,53.58908045977011,24.0,15.0,10.0,,,11.125226990518437
San Luis Obispo,2024-03,2.818333333333334,78.58064516129032,3.6544623655913977,2718.983333333333,0.3333333333333333,55.79354838709677,26.0,17.0,8.0,,,6.8186875103177504
San Luis Obispo,2024-04,2.1633333333333336,76.70555555555556,3.9521111111111114,2845.633333333333,0.0,58.99555555555556,38.0,21.5,893.0,,,7.177565800334475
San Luis Obispo,2024-05,0.0966666666666666,72.84946236559139,3.914838709677419,2912.6,0.0,64.43548387096773,40.0,20.0,7278.0,,,7.536444090351199
San Luis Obispo,2024-06,0.0083333333333333,65.39444444444445,4.1499999999999995,2988.2833333333333,0.0,69.25944444444444,40.0,24.0,12151.0,,,8.254200670384646
San Luis Obispo,2024-07,0.2116666666666666,62.83870967741935,3.6713440860215054,2731.2999999999997,0.0,72.68978494623656,23.0,19.0,25144.0,,,8.971957250418093
San Luis Obispo,2024-08,0.3066666666666667,62.26344086021505,3.8215591397849464,2843.316666666667,0.0,72.27096774193548,44.0,23.0,1394.0,,,13.6373750206355
San Luis Obispo,2024-09,0.15,67.71590038314177,3.3943888888888893,2443.9166666666665,0.0,69.68444444444445,35.0,21.0,1342.0,,,17.943914500836186
San Luis Obispo,2024-10,0.0383333333333333,60.9516129032258,3.196075268817204,2377.983333333333,0.0,66.21137992831541,41.0,31.0,1583.0,,,19.020549370886357
San Luis Obispo,2024-11,1.5650000000000002,66.68888888888888,3.479888888888889,2505.3166666666666,0.0,56.27,43.5,23.0,580.0,,,22.96821056107032
San Luis Obispo,2024-12,0.6766666666666666,74.32795698924731,3.3439247311827955,2487.7999999999997,0.3333333333333333,53.68516129032258,52.0,22.0,118.0,,,25.12148030117066
San Mateo,2001-01,,,,,,,74.0,35.0,,989.3811,10.4375,0.2834382763551538
San Mateo,2001-02,,,,,,,40.0,11.0,,522.9519,5.5725,0.0
San Mateo,2001-03,,,,,,,53.0,23.0,,1038.1153,1096.5,0.0
San Mateo,2001-04,,,,,,,37.0,16.0,,617.4421,15.125,0.0
San Mateo,2001-05,,,,,,,55.0,27.0,,827.2562,0.0,0.0
San Mateo,2001-06,,,,,,,30.0,15.0,,670.3399,9.2,0.0
San Mateo,2001-07,,,,,,,43.0,15.0,,1100.0988,1.0,0.1417191381775769
San Mateo,2001-08,,,,,,,29.0,9.0,,1484.181,4.0,0.0
San Mateo,2001-09,,,,,,,42.0,16.0,,1812.6433,5.0,0.0
San Mateo,2001-10,,,,,,,53.5,21.0,,1528.7136,3.5,0.0
San Mateo,2001-11,,,,,,,53.0,20.0,,1011.2965,6.1875,0.0
San Mateo,2001-12,,,,,,,49.0,14.0,,514.2005,0.0,0.0
San Mateo,2002-01,,,,,,,69.5,22.0,,524.7383,6.0,0.0
San Mateo,2002-02,,,,,,,53.0,10.0,,369.3027,4.0,0.0
San Mateo,2002-03,,,,,,,28.0,14.0,,414.427,542.225,0.0
San Mateo,2002-04,,,,,,,41.5,23.0,,682.4716,588.7349,0.0
San Mateo,2002-05,,,,,,,30.0,12.0,,1968.7027,14.1088,0.1433428704123114
San Mateo,2002-06,,,,,,,47.5,20.0,,1243.1645,14.6875,0.1433428704123114
San Mateo,2002-07,,,,,,,37.5,14.5,,496.9517,11.2,0.2866857408246229
San Mateo,2002-08,,,,,,,60.0,31.0,,879.9733,6.0,0.2866857408246229
San Mateo,2002-09,,,,,,,32.0,19.0,,452.3402,3.5,0.1433428704123114
San Mateo,2002-10,,,,,,,53.0,22.0,,772.2097,7.0,0.0
San Mateo,2002-11,,,,,,,62.0,27.0,,456.0192,4.75,0.0
San Mateo,2002-12,,,,,,,55.0,15.0,,1229.5822,8.375,0.4300286112369343
San Mateo,2003-01,,,,,,,64.0,28.0,,1087.909,18.3598,0.0
San Mateo,2003-02,,,,,,,34.0,14.0,,678.0201,7.0,0.0
San Mateo,2003-03,,,,,,,29.0,13.5,,753.8239,14.25,0.0
San Mateo,2003-04,,,,,,,19.0,7.0,,126.5155,0.0,0.0
San Mateo,2003-05,,,,,,,43.0,18.0,,2074.7679,0.0,0.0
San Mateo,2003-06,,,,,,,35.5,17.0,,1540.2534,12.75,0.0
San Mateo,2003-07,,,,,,,50.5,20.0,,381.2842,20.8,0.0
San Mateo,2003-08,,,,,,,33.0,13.0,,224.2215,17.125,0.0
San Mateo,2003-09,,,,,,,50.0,20.0,,205.5694,5.25,0.0
San Mateo,2003-10,,,,,,,48.0,17.0,,299.2246,10.0,0.0
San Mateo,2003-11,,,,,,,53.0,22.0,,712.5054,23.4375,0.0
San Mateo,2003-12,,,,,,,52.5,22.0,,624.4009,17.25,0.0
San Mateo,2004-01,,,,,,,64.0,20.0,,588.2584,723.0,0.0
San Mateo,2004-02,,,,,,,49.0,13.0,,202.0569,2.0,0.0
San Mateo,2004-03,,,,,,,48.0,21.0,,242.511,16.5,0.1448937276954217
San Mateo,2004-04,,,,,,,45.0,18.0,,1763.2953,15.575,0.1448937276954217
San Mateo,2004-05,,,,,,,47.0,13.0,,1949.1403,24.1563,0.1448937276954217
San Mateo,2004-06,,,,,,,45.5,14.0,,1786.9844,57.5375,0.0
San Mateo,2004-07,,,,,,,43.0,13.0,,481.6919,19.9375,0.1448937276954217
San Mateo,2004-08,,,,,,,31.5,10.0,,469.0236,4.5,0.0
San Mateo,2004-09,,,,,,,51.0,15.0,,402.9221,9.2345,0.0
San Mateo,2004-10,,,,,,,51.0,13.0,,463.7596,4.0532,0.0
San Mateo,2004-11,,,,,,,61.5,20.0,,539.9891,1.875,0.0
San Mateo,2004-12,,,,,,,62.0,31.0,,457.8946,1.5,0.1448937276954217
San Mateo,2005-01,,,,,,,63.0,19.0,,690.9488,14.9837,0.0
San Mateo,2005-02,,,,,,,53.0,9.0,,194.9606,53.6912,0.0
San Mateo,2005-03,,,,,,,43.0,18.0,,324.1311,32.6673,0.0
San Mateo,2005-04,,,,,,,30.0,10.0,,992.0665,75.4825,0.1449111549708873
San Mateo,2005-05,,,,,,,27.0,12.0,,2225.8459,129.5798,0.0
San Mateo,2005-06,,,,,,,35.0,9.0,,1945.285,220.9507,0.1449111549708873
San Mateo,2005-07,,,,,,,61.0,16.0,,1104.8796,176.0869,0.0
San Mateo,2005-08,,,,,,,59.0,16.0,,860.8418,175.3161,0.0
San Mateo,2005-09,,,,,,,55.0,19.0,,485.9426,70.2463,0.2898223099417747
San Mateo,2005-10,,,,,,,55.0,17.0,,259.8002,34.7299,0.0
San Mateo,2005-11,,,,,,,61.0,45.0,,278.5113,38.3416,0.0
San Mateo,2005-12,,,,,,,65.0,20.5,,113.4561,14.9404,0.0
San Mateo,2006-01,,,,,,,52.0,16.0,,340.0394,18.6543,0.2897811572700297
San Mateo,2006-02,,,,,,,56.5,18.0,,219.0795,9.8356,0.0
San Mateo,2006-03,,,,,,,20.0,9.0,,258.0236,19.4458,0.1448905786350148
San Mateo,2006-04,,,,,,,21.0,8.0,,274.8023,10.8356,0.0
San Mateo,2006-05,,,,,,,51.0,18.0,,224.7093,29.8549,0.1448905786350148
San Mateo,2006-06,,,,,,,36.0,13.0,,236.8746,151.4611,0.0
San Mateo,2006-07,,,,,,,44.0,14.0,,374.0604,211.0198,0.0
San Mateo,2006-08,,,,,,,50.0,20.0,0.0,402.0284,211.328,0.0
San Mateo,2006-09,,,,,,,55.0,19.0,0.0,1018.6814,83.5711,0.2897811572700297
San Mateo,2006-10,,,,,,,53.0,16.0,422.33,1268.1307,80.9822,0.0
San Mateo,2006-11,,,,,,,47.5,16.5,10.75,698.9173,77.7777,0.0
San Mateo,2006-12,,,,,,,61.0,26.0,1.0,295.7162,17.5113,0.1448905786350148
San Mateo,2007-01,,,,,,,61.0,19.0,4.05,198.9789,0.0,0.1441235773201373
San Mateo,2007-02,,,,,,,35.0,9.5,3.0,246.7145,105.8254,0.1441235773201373
San Mateo,2007-03,,,,,,,39.0,12.5,3.0,1093.5892,101.0636,0.1441235773201373
San Mateo,2007-04,,,,,,,32.5,13.0,7.9,658.6475,171.2803,0.0
San Mateo,2007-05,,,,,,,53.0,12.0,85.8,550.1177,67.4577,0.0
San Mateo,2007-06,,,,,,,42.5,18.0,151.2,496.1701,60.2968,0.1441235773201373
San Mateo,2007-07,,,,,,,18.0,8.0,220.84,343.0066,223.9024,0.1441235773201373
San Mateo,2007-08,,,,,,,39.0,21.0,372.97,431.8852,87.3897,0.0
San Mateo,2007-09,,,,,,,49.5,19.0,47801.55,543.4275,71.9527,0.1441235773201373
San Mateo,2007-10,,,,,,,51.0,13.5,17.55,620.9071,64.869,0.1441235773201373
San Mateo,2007-11,,,,,,,61.0,27.0,78.9,508.9367,31.1057,0.0
San Mateo,2007-12,,,,,,,51.5,12.0,1.0,195.004,56.5168,0.1441235773201373
San Mateo,2008-01,,,,,,,39.0,13.5,0.0,375.4488,2.4534,0.2841595271585468
San Mateo,2008-02,,,,,,,42.0,22.0,3.51,173.4639,22.5805,0.0
San Mateo,2008-03,,,,,,,33.0,14.0,7.85,476.8173,28.6149,0.0
San Mateo,2008-04,,,,,,,37.5,16.0,12.91,409.0405,274.1875,0.1420797635792734
San Mateo,2008-05,,,,,,,51.0,17.0,4290.110000000001,238.9717,126.07,0.1420797635792734
San Mateo,2008-06,,,,,,,57.0,26.0,2008.38,404.2125,97.904,0.0
San Mateo,2008-07,,,,,,,57.0,,160.07,419.0169,340.7119,0.1420797635792734
San Mateo,2008-08,,,,,,,50.5,,104.38,295.3926,246.78,0.1420797635792734
San Mateo,2008-09,,,,,,,55.0,,30.7,269.4813,44.8021,0.0
San Mateo,2008-10,,,,,,,53.0,,29.86,157.6109,10.9034,0.0
San Mateo,2008-11,,,,,,,55.0,,2.2,137.8789,56.4684,0.0
San Mateo,2008-12,,,,,,,58.0,,1.5,69.0264,1.4484,0.0
San Mateo,2009-01,,,,,,,60.0,,1.01,247.6411,172.545,0.1401311908208465
San Mateo,2009-02,,,,,,,28.5,,0.0,116.3108,63.0414,0.0
San Mateo,2009-03,,,,,,,36.0,,2.75,137.7682,142.0027,0.0
San Mateo,2009-04,,,,,,,50.5,,7.26,252.6141,222.0442,0.0
San Mateo,2009-05,,,,,,,52.0,,282.06,306.4987,143.4892,0.0
San Mateo,2009-06,,,,,,,52.0,,15.91,269.5291,167.3229,0.1401311908208465
San Mateo,2009-07,,,,,,,55.0,,141.32,340.0719,105.3021,0.280262381641693
San Mateo,2009-08,,,,,,,56.0,,9629.87,567.7132,66.3111,0.280262381641693
San Mateo,2009-09,,,,,,,39.5,,90.06,520.6596,186.2745,0.0
San Mateo,2009-10,,,,,,,34.0,,526.44,359.0004,75.0003,0.0
San Mateo,2009-11,,,,,,,53.0,,3.3,111.5696,89.665,0.0
San Mateo,2009-12,,,,,,,61.0,,1.0,172.4342,90.5245,0.0
San Mateo,2010-01,,,,,,,57.0,,0.35,137.8343,31.7262,0.0
San Mateo,2010-02,,,,,,,35.0,,0.1,329.958,4.2022,0.0
San Mateo,2010-03,,,,,,,37.0,,0.1,251.9262,53.9425,0.1388809803886167
San Mateo,2010-04,,,,,,,42.0,,0.0,160.1621,162.534,0.0
San Mateo,2010-05,,,,,,,26.0,,7.35,419.3589,25.3271,0.1388809803886167
San Mateo,2010-06,,,,,,,32.5,,489.26,813.6107,495.3002,0.0
San Mateo,2010-07,,,,,,,45.0,,143.22,1073.063,39.2864,0.1388809803886167
San Mateo,2010-08,,,,,,,28.0,,58.97,529.4587,854.7242,0.0
San Mateo,2010-09,,,,,,,44.0,,49.48,418.9775,12.4173,0.0
San Mateo,2010-10,,,,,,,49.0,,29.47,271.0825,14.4124,0.0
San Mateo,2010-11,,,,,,,44.5,,7.6,189.9326,10.5503,0.4166429411658502
San Mateo,2010-12,,,,,,,51.0,,1.1,187.9104,13.1839,0.0
San Mateo,2011-01,,,,,,,60.5,,0.11,209.9951,261.0508,0.1370971058800948
San Mateo,2011-02,,,,,,,32.5,,3.21,197.9116,388.3392,0.0
San Mateo,2011-03,,,,,,,29.0,,0.0,368.737,543.7045,0.0
San Mateo,2011-04,,,,,,,34.0,,2.5,250.8702,527.6364,0.1370971058800948
San Mateo,2011-05,,,,,,,33.0,,11.7,294.7548,388.6678,0.1370971058800948
San Mateo,2011-06,,,,,,,35.0,,16.85,343.4944,380.7547,0.0
San Mateo,2011-07,,,,,,,35.0,,1296.83,640.8894,1058.2992,0.0
San Mateo,2011-08,,,,,,,35.0,,171.82,782.4249,326.9103,0.2741942117601897
San Mateo,2011-09,,,,,,,45.5,,93.43,303.7327,281.2155,0.2741942117601897
San Mateo,2011-10,,,,,,,53.0,,3.5,377.1117,337.8621,0.2741942117601897
San Mateo,2011-11,,,,,,,53.0,,14.22,659.7336,152.8716,0.0
San Mateo,2011-12,,,,,,,63.0,,13.57,142.2084,283.4544,0.0
San Mateo,2012-01,,,,,,,54.0,,2.87,132.98,518.2536,0.1350367772662885
San Mateo,2012-02,,,,,,,40.0,,0.26,149.8296,329.5731,0.270073554532577
San Mateo,2012-03,,,,,,,23.0,,1.81,165.9061,553.217,0.1350367772662885
San Mateo,2012-04,,,,,,,27.5,,4.73,217.893,242.8467,0.4051103317988654
San Mateo,2012-05,,,,,,,46.0,,103.53,169.4023,474.1365,0.1350367772662885
San Mateo,2012-06,,,,,,,28.0,,83.39,316.3302,465.8046,0.270073554532577
San Mateo,2012-07,,,,,,,40.5,,34.85,448.7884,894.9911,0.270073554532577
San Mateo,2012-08,,,,,,,42.0,,36.53,521.7526,1002.1278,0.0
San Mateo,2012-09,,,,,,,55.0,,34.449999999999996,118.9153,1104.34,0.270073554532577
San Mateo,2012-10,,,,,,,41.0,,7.39,263.4175,255.9074,0.0
San Mateo,2012-11,,,,,,,58.5,,1.4,106.3629,175.1067,0.1350367772662885
San Mateo,2012-12,,,,,,,46.0,,1.3,109.0786,358.5305,0.1350367772662885
San Mateo,2013-01,,,,,,,61.0,,1.5,223.5515,271.2501,0.0
San Mateo,2013-02,,,,,,,48.0,,2.1,83.3159,467.1137,0.0
San Mateo,2013-03,,,,,,,44.0,,2.65,159.9613,499.1726,0.0
San Mateo,2013-04,,,,,,,51.0,,6.84,182.0747,273.5506,0.133272383429978
San Mateo,2013-05,,,,,,,43.0,,200.92,264.9144,214.7643,0.0
San Mateo,2013-06,,,,,,,33.5,,416.13,431.9155,736.3266,0.133272383429978
San Mateo,2013-07,,,,,,,53.0,,195.82,909.7969,1222.2907,0.266544766859956
San Mateo,2013-08,,,,,,,34.0,,80.4,438.9961,809.2971,0.133272383429978
San Mateo,2013-09,,,,,,,37.0,,5.41,335.0177,581.146,0.133272383429978
San Mateo,2013-10,,,,,,,58.5,,176.51999999999998,414.7459,496.6949,0.133272383429978
San Mateo,2013-11,,,,,,,58.5,,2.3400000000000003,336.4449,251.388,0.266544766859956
San Mateo,2013-12,,,,,,,69.0,,4.9,122.3334,170.1529,0.133272383429978
San Mateo,2014-01,,,,,,,58.0,,8.819999999999999,205.6528,290.5043,0.0
San Mateo,2014-02,,,,,,,30.0,,3.15,108.3218,223.4466,0.0
San Mateo,2014-03,,,,,,,29.0,,4.5,216.398,323.3226,0.0
San Mateo,2014-04,,,,,,,35.5,,2.15,339.986,579.837,0.0
San Mateo,2014-05,,,,,,,31.0,,57.61,271.1952,84.6552,0.131711178459427
San Mateo,2014-06,,,,,,,38.5,,193.83,705.8005,314.8803,0.131711178459427
San Mateo,2014-07,,,,,,,26.0,,69.29,788.2873,286.6684,0.0
San Mateo,2014-08,,,,,,,34.0,,92.82,1137.5131,304.921,0.0
San Mateo,2014-09,,,,,,,55.0,,4.25,963.9842,283.7638,0.0
San Mateo,2014-10,,,,,,,24.0,,1.3,726.1691,217.8646,0.0
San Mateo,2014-11,,,,,,,33.0,,1.91,462.3602,275.9644,0.0
San Mateo,2014-12,,,,,,,27.0,,0.0,276.6216,243.9877,0.131711178459427
San Mateo,2015-01,,,,,,,59.0,,0.21,327.6719,225.6024,0.0
San Mateo,2015-02,,,,,,,36.0,,0.16,195.9843,252.3245,0.1303041951435626
San Mateo,2015-03,,,,,,,27.0,,2.24,361.5268,212.9816,0.0
San Mateo,2015-04,,,,,,,19.0,,6.18,461.4837,407.2579,0.0
San Mateo,2015-05,,,,,,,18.0,,405.56,546.2741,324.9326,0.1303041951435626
San Mateo,2015-06,,,,,,,21.0,,249.07,1043.2578,697.6872,0.0
San Mateo,2015-07,,,,,,,7.0,,119.79,1823.953,721.0798,0.0
San Mateo,2015-08,,,,,,,24.0,,5726.79,763.5666,315.1537,0.1303041951435626
San Mateo,2015-09,,,,,,,21.0,,30.14,1193.3682,334.9952,0.1303041951435626
San Mateo,2015-10,,,,,,,34.0,,20.17,685.0916,260.473,0.1303041951435626
San Mateo,2015-11,,,,,,,31.5,,0.59,137.9504,305.3906,0.0
San Mateo,2015-12,,,,,,,28.5,,0.25,135.8013,337.0985,0.0
San Mateo,2016-01,,,,,,,32.0,,1.21,241.956,433.7547,0.1298266295189404
San Mateo,2016-02,,,,,,,37.0,,2.1,134.9777,275.917,0.0
San Mateo,2016-03,,,,,,,37.0,,0.0,242.7133,312.9258,0.0
San Mateo,2016-04,,,,,,,49.0,,16.25,491.2949,307.3503,0.1298266295189404
San Mateo,2016-05,,,,,,,52.0,,24.37,503.8239,382.7575,0.0
San Mateo,2016-06,,,,,,,55.0,,149.20999999999998,801.1626,425.7072,0.0
San Mateo,2016-07,,,,,,,53.0,,170.82,999.0279,685.0366,0.0
San Mateo,2016-08,,,,,,,55.0,,58.510000000000005,1042.8591,452.1664,0.0
San Mateo,2016-09,,,,,,,52.0,,4663.610000000001,695.7697,140.2482,0.0
San Mateo,2016-10,,,,,,,36.0,,21.71,557.9575,185.9409,0.1298266295189404
San Mateo,2016-11,,,,,,,35.0,,0.47,290.0035,169.8903,0.0
San Mateo,2016-12,,,,,,,39.0,,0.05,319.3388,404.2609,0.1298266295189404
San Mateo,2017-01,,,,,,,28.0,,0.01,185.2259,138.081,0.1296411532876996
San Mateo,2017-02,,,,,,,21.0,,0.0,195.7938,85.211,0.3889234598630989
San Mateo,2017-03,,,,,,,32.0,,0.1,130.1742,90.6217,0.1296411532876996
San Mateo,2017-04,,,,,,,29.0,,1.37,288.6282,119.5592,0.0
San Mateo,2017-05,,,,,,,29.0,,512.94,210.3819,300.7678,0.3889234598630989
San Mateo,2017-06,,,,,,,34.0,,190.66,674.2615,308.215,0.2592823065753993
San Mateo,2017-07,,,,,,,49.0,,265.21,626.6241,510.3401,0.2592823065753993
San Mateo,2017-08,0.0,87.5,4.87875,936.6,0.0,68.55,53.0,,277.33,1236.4842,814.876,0.0
San Mateo,2017-09,1.48,81.125,3.655666666666667,2631.8,0.0,67.78,54.0,,51.4,1252.3319,503.5413,0.1296411532876996
San Mateo,2017-10,1.55,74.5,3.38,2514.4,0.0,57.854838709677416,51.5,,406.43,282.4233,136.6061,0.2592823065753993
San Mateo,2017-11,3.89,83.26666666666667,2.945666666666667,2120.9,0.0,55.92333333333333,37.0,,100.95,192.6095,82.9698,0.2592823065753993
San Mateo,2017-12,0.2,69.3225806451613,3.204516129032258,2383.7,0.0,47.935483870967744,60.0,,2.55,138.2866,220.0527,0.1296411532876996
San Mateo,2018-01,5.9,86.2258064516129,3.116774193548387,2318.7,0.0,51.619354838709675,55.5,,0.0,85.671,327.7857,0.2592402963116587
San Mateo,2018-02,0.39,72.28571428571429,4.547142857142857,3056.1,0.0,49.332142857142856,33.0,,2.35,229.9741,409.967,0.388860444467488
San Mateo,2018-03,4.79,82.51612903225806,3.7761290322580647,2809.6,0.0,53.31612903225806,18.0,,0.08,311.9243,424.6596,0.2592402963116587
San Mateo,2018-04,2.74,83.26666666666667,3.837,2762.7,0.0,55.32666666666667,40.0,,0.03,173.9723,259.3055,0.0
San Mateo,2018-05,0.0,82.70967741935483,4.137419354838709,3079.1,0.0,59.39354838709678,35.0,,148.37,213.2213,422.9812,0.1296201481558293
San Mateo,2018-06,0.0,81.43333333333334,4.364999999999999,3142.9,0.0,62.53333333333333,51.0,,125.28000000000002,373.677,483.1947,0.0
San Mateo,2018-07,0.0,83.45161290322581,4.72741935483871,3517.0,0.0,67.49032258064516,43.0,,1084.35,665.6817,813.7317,0.2592402963116587
San Mateo,2018-08,0.0,84.7741935483871,4.1174193548387095,3062.5,0.0,66.21935483870968,54.0,,50.43,1144.465,802.2217,0.0
San Mateo,2018-09,0.0,84.7,3.659,2635.0,0.0,62.876666666666665,51.0,,13.01,1296.548,549.0696,0.0
San Mateo,2018-10,0.84,83.12903225806451,3.5606451612903225,2650.3,0.0,59.277419354838706,36.0,,14.21,804.8777,363.3008,0.2592402963116587
San Mateo,2018-11,3.02,74.83333333333333,3.2423333333333333,2334.2,0.0,52.07692307692308,54.5,,31.59,204.4051,303.6948,0.1296201481558293
San Mateo,2018-12,2.02,79.58064516129032,3.8196774193548384,2840.9,0.0,51.458064516129035,43.0,,0.0,249.6599,145.4053,0.388860444467488
San Mateo,2019-01,5.48,82.25806451612904,3.6006451612903225,2679.3,0.0,50.65483870967742,52.0,,0.02,122.0294,360.3164,0.6508238779470933
San Mateo,2019-02,9.96,79.5,4.939642857142857,3319.3,1.0,49.75714285714286,23.0,,0.01,263.084,88.4351,0.2603295511788373
San Mateo,2019-03,6.0600000000000005,83.19354838709677,2.9625806451612906,2204.2,0.0,52.9483870967742,31.0,,0.01,277.1874,187.6895,0.3904943267682559
San Mateo,2019-04,1.19,86.33333333333333,4.076,2935.2,1.0,57.44666666666667,39.5,,2.32,193.1819,340.8618,0.0
San Mateo,2019-05,3.08,86.41935483870968,3.850967741935483,2865.3,0.0,59.31612903225806,29.0,,9.06,227.5238,318.4507,0.0
San Mateo,2019-06,0.05,83.67857142857143,3.64,2620.8,0.0,64.33,31.0,,281.42,930.9308,953.5191,0.1301647755894186
San Mateo,2019-07,0.0699999999999999,84.2258064516129,4.106451612903226,3055.4,0.0,66.15483870967742,31.0,,259.95,1045.3449,799.7433,0.3904943267682559
San Mateo,2019-08,0.03,83.61290322580645,3.3687096774193552,2505.9,0.0,66.79032258064517,40.0,,47.16,685.3997,533.9211,0.2603295511788373
San Mateo,2019-09,0.33,78.73333333333333,1.028333333333333,741.2,0.0,64.35666666666667,33.0,,214.08,715.0753,456.9988,0.6508238779470933
San Mateo,2019-10,0.04,71.12,2.3851612903225807,1774.6,0.0,55.19130434782609,52.0,,187.08,303.1762,193.3502,0.1301647755894186
San Mateo,2019-11,1.61,83.23333333333333,3.359,2418.6,0.0,51.01923076923077,56.0,,3.04,323.1121,19.7082,0.1301647755894186
San Mateo,2019-12,6.08,85.80645161290323,3.6425806451612903,2710.4,0.0,52.15806451612904,33.0,,1.05,115.8413,404.9131,0.5206591023576747
San Mateo,2020-01,2.08,87.29032258064517,3.3480645161290323,2491.1,0.0,49.25483870967742,36.5,,0.0,170.5264,173.8788,0.2616314815929171
San Mateo,2020-02,0.04,77.34482758620689,4.152413793103448,2890.5,1.0,49.0103448275862,47.0,,0.0,84.7898,135.8797,0.2616314815929171
San Mateo,2020-03,2.97,81.96774193548387,3.270967741935484,2434.3,0.0,53.41935483870968,26.0,,0.0,166.2653,256.7081,0.1308157407964585
San Mateo,2020-04,1.4,84.76666666666667,4.004333333333333,2883.7,0.0,57.669999999999995,23.5,,0.0,134.5965,201.7518,0.1308157407964585
San Mateo,2020-05,0.71,82.96774193548387,3.87,2878.6,0.0,61.038709677419355,23.0,,0.0,416.2814,378.1351,0.3924472223893757
San Mateo,2020-06,0.15,81.16666666666667,3.935,2832.5,0.0,64.94,28.0,,0.0,528.006,355.5013,0.2616314815929171
San Mateo,2020-07,0.14,83.38709677419355,4.014838709677419,2987.0,0.0,72.09677419354838,32.0,,0.0,879.6382,524.4018,0.2616314815929171
San Mateo,2020-08,0.2299999999999999,86.10714285714286,3.874838709677419,2882.9,0.0,71.8225806451613,52.0,,0.1,1065.6683,777.8765,0.0
San Mateo,2020-09,0.43,84.17647058823529,3.8546666666666662,2775.5,0.0,68.20666666666666,60.5,,0.0,656.7069,193.2471,0.1308157407964585
San Mateo,2020-10,0.33,83.14814814814815,3.16,2351.1,0.0,61.04516129032258,53.0,,0.0,240.7909,121.8993,0.1308157407964585
San Mateo,2020-11,1.68,80.56666666666666,3.643333333333333,2624.0,1.0,51.19666666666667,36.0,,0.0,49.1666,24.2483,0.1308157407964585
San Mateo,2020-12,1.82,78.93333333333334,3.168,2281.5,0.0,47.943333333333335,44.0,,0.0,82.6473,217.6484,0.1308157407964585
San Mateo,2021-01,4.64,79.70967741935483,3.7477419354838712,2788.0,1.0,49.012903225806454,39.0,,237.51,161.2119,304.7425,0.2655030552764086
San Mateo,2021-02,1.5,81.92857142857143,4.3307142857142855,2910.8,0.0,50.71071428571429,23.0,,0.46,101.4274,160.1439,0.5310061105528172
San Mateo,2021-03,1.72,77.25806451612904,4.383870967741935,3262.1,0.0,52.04516129032258,22.0,,4.85,84.1914,138.8071,0.5310061105528172
San Mateo,2021-04,0.43,82.56666666666666,4.193,3018.1,0.0,54.830000000000005,36.5,,9.37,126.5496,166.6205,0.1327515276382043
San Mateo,2021-05,1.21,81.5,4.485483870967743,3337.3,0.0,57.60322580645161,32.0,,5.6899999999999995,103.7315,70.3631,0.1327515276382043
San Mateo,2021-06,0.34,82.26666666666667,4.109666666666667,2958.7,0.0,62.98,16.0,,45.81999999999999,1322.7338,417.72,0.5310061105528172
San Mateo,2021-07,0.19,86.16129032258064,3.7035483870967743,2755.2,0.0,64.66774193548387,24.5,,29.3,896.1366,1672.6183,0.0
San Mateo,2021-08,0.65,84.06451612903226,3.5596774193548386,2648.8,0.0,67.55483870967741,48.0,,2.4000000000000004,893.5924,463.3675,0.1327515276382043
San Mateo,2021-09,0.57,82.73333333333333,3.2670000000000003,2351.4,0.0,65.36,36.5,,2.94,657.6861,396.4378,0.1327515276382043
San Mateo,2021-10,7.4,80.6774193548387,3.4167741935483873,2541.8,0.0,58.91290322580645,16.0,,1.58,262.3632,221.6328,0.1327515276382043
San Mateo,2021-11,1.08,83.23333333333333,2.9776666666666665,2144.3,0.0,54.65333333333333,36.5,,0.01,73.9694,195.7605,0.3982545829146129
San Mateo,2021-12,8.8,85.83870967741936,3.662258064516129,2724.2,0.0,51.08387096774193,25.5,,0.0,119.1119,242.972,0.0
San Mateo,2022-01,0.65,80.29032258064517,3.0361290322580645,2258.8,0.0,48.76774193548387,58.0,,3.0,92.0244,214.7918,0.0
San Mateo,2022-02,0.15,73.17857142857143,3.9364285714285714,2645.3,0.0,47.353571428571435,52.0,,2.0,64.2349,267.9612,0.1346556518343466
San Mateo,2022-03,1.37,83.80645161290323,4.38516129032258,3262.0,0.0,52.20645161290323,31.0,,5.0,99.5427,597.4911,0.2693113036686932
San Mateo,2022-04,1.99,80.63333333333334,4.666333333333333,3359.3,0.0,56.55333333333333,30.0,,68.0,81.2792,448.4011,0.0
San Mateo,2022-05,0.26,80.3225806451613,4.820967741935483,3587.5,0.0,64.16451612903225,24.0,,514.0,265.3959,442.3238,0.8079339110060797
San Mateo,2022-06,0.27,81.2,4.631666666666666,3334.9,0.0,69.97666666666667,30.0,,1121.0,398.9875,438.2495,0.0
San Mateo,2022-07,0.29,86.45161290322581,4.5448387096774185,3382.2,0.0,71.24516129032257,13.0,,304.0,854.842,911.451,0.1346556518343466
San Mateo,2022-08,0.0,85.3225806451613,4.078387096774194,3034.7000000000003,0.0,72.03870967741935,23.0,,142.0,687.3029,590.151,0.6732782591717331
San Mateo,2022-09,0.0,85.24137931034483,3.643666666666667,2623.7,0.0,68.21666666666667,40.5,,130.0,547.5242,303.5173,0.2693113036686932
San Mateo,2022-10,0.01,89.03225806451613,3.196451612903226,2378.3,0.0,60.47741935483871,32.0,,45927.0,306.7563,153.006,0.2693113036686932
San Mateo,2022-11,3.01,80.16666666666667,2.959,2130.6,0.0,50.04482758620689,23.5,,2.0,190.6728,104.2181,0.1346556518343466
San Mateo,2022-12,11.83,93.09677419354838,2.876774193548387,2140.5,0.0,48.0,28.0,,0.0,63.625,47.1355,0.2693113036686932
San Mateo,2023-01,8.22,80.93548387096774,4.346451612903226,3233.5,0.0,50.10333333333333,21.5,,0.0,10.8245,82.4881,0.2686034768034037
San Mateo,2023-02,4.87,83.42857142857143,4.3075,2894.2,2.0,47.370370370370374,27.0,,7.0,35.8648,175.4898,0.1343017384017018
San Mateo,2023-03,3.26,86.7,4.676774193548387,3479.6,1.0,52.95161290322581,21.0,,1.0,18.1763,54.6846,1.074413907213615
San Mateo,2023-04,0.01,85.93333333333334,4.9783333333333335,3584.4,1.0,59.13,,,5.0,8.3663,14.3819,0.4029052152051056
San Mateo,2023-05,0.0,92.09677419354838,3.460322580645161,2573.6,0.0,61.60967741935484,,,7.0,152.5412,157.7968,0.1343017384017018
San Mateo,2023-06,0.32,90.2,3.25,2339.6,0.0,63.10333333333333,,,188.0,295.9798,468.8025,0.1343017384017018
San Mateo,2023-07,0.0,92.23333333333332,4.141935483870968,3081.6,0.0,67.86451612903227,,,418.0,822.7513,620.855,0.4029052152051056
San Mateo,2023-08,0.0,92.38095238095238,3.308709677419355,2462.0,0.0,68.40967741935484,,,253.0,982.2133,521.7913,0.2686034768034037
San Mateo,2023-09,0.0,91.17857142857144,2.8373333333333335,2042.5,0.0,64.73333333333333,,,12.0,462.7571,42.7541,0.2686034768034037
San Mateo,2023-10,0.0,83.54838709677419,2.538064516129032,1888.8,0.0,60.61612903225806,,,43.0,253.7859,24.0806,0.2686034768034037
San Mateo,2023-11,1.45,77.76666666666667,2.844333333333333,2049.2,0.0,54.443333333333335,,,28.0,204.2021,123.3601,0.4029052152051056
San Mateo,2023-12,3.49,88.96551724137932,2.9229032258064516,2173.7,0.0,52.44193548387097,,,5.0,30.9966,23.6245,0.8058104304102112
San Mateo,2024-01,0.05,89.9,3.55258064516129,2643.1,0.0,52.196774193548386,,,1.0,,,0.6719057396875907
San Mateo,2024-02,0.0,89.4090909090909,3.4817241379310344,2423.2,0.0,53.26206896551724,,,0.0,,,0.5375245917500725
San Mateo,2024-03,0.0,87.53333333333333,3.652903225806452,2717.4,0.0,56.8,16.0,,3.0,,,0.6719057396875907
San Mateo,2024-04,0.15,88.17647058823529,3.505333333333333,2524.3,0.0,59.306666666666665,23.0,,5.0,,,0.6719057396875907
San Mateo,2024-05,1.65,94.2,3.127741935483871,2327.5,0.0,60.23870967741936,22.0,,32.0,,,0.2687622958750362
San Mateo,2024-06,0.54,,3.265,2350.7,0.0,62.026666666666664,36.5,,554.0,,,0.2687622958750362
San Mateo,2024-07,0.03,,3.4516129032258065,2568.1,0.0,68.25806451612904,29.0,,5113.0,,,0.8062868876251089
San Mateo,2024-08,0.5700000000000001,,3.802903225806451,2830.0,0.0,68.00322580645161,24.0,,190.0,,,0.1343811479375181
San Mateo,2024-09,0.29,83.0,3.122333333333333,2248.0,0.0,65.26666666666667,27.0,,241.0,,,0.1343811479375181
San Mateo,2024-10,0.09,75.38709677419355,2.999032258064516,2231.2000000000003,0.0,59.41935483870968,25.0,,42.0,,,0.4031434438125544
San Mateo,2024-11,4.55,75.3,2.533666666666667,1824.3,0.0,52.78333333333333,15.0,,7.0,,,0.2687622958750362
San Mateo,2024-12,5.16,83.23333333333333,2.764,1990.2,0.0,51.14,38.0,,2.0,,,0.6719057396875907
Santa Barbara,2001-01,1.7899999999999998,70.2268817204301,4.054516129032258,2413.0,0.0,49.14032258064516,22.0,25.5,,3337.9096,313.0819,0.4960760385351866
Santa Barbara,2001-02,1.384,78.85828754578755,4.192142857142857,2210.08,0.0,49.76565934065934,13.0,13.5,,5227.9037,535.6323,0.0
Santa Barbara,2001-03,4.268,81.41058726220017,4.823225806451613,2870.82,0.6,57.34516129032258,29.0,24.0,,16718.4195,2262.49,0.0
Santa Barbara,2001-04,0.926,78.13208812260537,4.513587719298245,2335.08,0.0,60.299254385964915,31.0,19.0,,24243.6193,1829.3444,0.0
Santa Barbara,2001-05,0.094,74.54015572858732,4.11058064516129,3058.26,0.0,69.28803114571747,52.5,33.0,,20918.9927,1342.427,0.0
Santa Barbara,2001-06,0.08,68.62637931034483,4.220666666666667,2913.76,0.0,72.2732,47.0,34.0,,21222.3848,38074.5225,0.2480380192675933
Santa Barbara,2001-07,0.8119999999999999,82.4074558151032,3.8312096774193543,1873.84,0.0,72.70940860215055,43.0,23.0,,18632.6174,9528.58,0.4960760385351866
Santa Barbara,2001-08,1.018,74.60064516129032,4.099277419354839,3009.7,0.0,71.30389247311828,39.0,20.5,,12250.3244,1715.225,0.0
Santa Barbara,2001-09,0.204,74.66298850574712,3.7955333333333336,2666.12,0.0,68.64,46.0,23.0,,18008.1228,309.6164,0.0
Santa Barbara,2001-10,2.488,78.04868035190616,3.294387096774193,2450.7200000000003,0.0,64.78,43.0,26.0,,6921.4724,3377.0728,0.0
Santa Barbara,2001-11,2.41,77.08666666666667,3.4617999999999993,2492.22,0.0,58.942666666666675,56.0,20.0,,4590.8187,528.6543,0.2480380192675933
Santa Barbara,2001-12,1.566,71.27741935483871,3.863935483870968,2874.6400000000003,0.2,50.90387096774194,31.5,23.5,,4357.315,339.5477,0.9921520770703732
Santa Barbara,2002-01,0.958,67.1716129032258,3.645524731182796,2691.3199999999997,0.0,50.18086021505376,46.0,19.0,,3817.3435,665.933,0.9872204315140508
Santa Barbara,2002-02,0.432,61.78571428571429,4.0487142857142855,2720.94,0.0,51.92714285714286,40.0,19.0,,4486.1077,839.755,0.2468051078785126
Santa Barbara,2002-03,0.754,65.76774193548387,4.764645161290322,3544.7,0.4,54.84322580645162,33.5,22.0,,11275.5631,3000.1078,0.2468051078785126
Santa Barbara,2002-04,1.088,70.81333333333333,4.842733333333333,3486.96,0.4,60.138,45.0,25.0,,24561.9808,1887.3743,0.0
Santa Barbara,2002-05,1.284,69.58344086021506,4.814427956989247,3558.3,0.2,63.018903225806454,41.0,20.5,,21870.2544,2507.5325,0.4936102157570253
Santa Barbara,2002-06,0.42,70.1831884057971,4.5145333333333335,3250.42,0.0,68.162,47.5,30.0,,17109.4134,2020.7637,0.2468051078785126
Santa Barbara,2002-07,0.012,70.67678551216751,4.204322580645162,3127.98,0.0,70.14580645161291,44.0,22.0,,16165.6752,903.1339,0.0
Santa Barbara,2002-08,0.014,71.20990783410139,4.019032258064516,2990.24,0.0,68.83806451612904,61.0,29.5,,15246.9383,1083.7401,0.0
Santa Barbara,2002-09,0.036,67.24666666666667,3.742266666666666,2694.46,0.0,67.07,36.0,20.0,,23569.8668,23253.5946,0.2468051078785126
Santa Barbara,2002-10,0.004,74.6774193548387,3.4575483870967743,2572.7,0.0,61.49677419354839,53.0,25.0,,12229.0909,5031.0951,0.2468051078785126
Santa Barbara,2002-11,1.244,64.82686371100165,3.5585188405797097,2452.1,0.0,56.87078787878788,34.0,22.5,,6358.0992,358.6993,0.0
Santa Barbara,2002-12,8.069999999999999,77.32064516129033,3.747535483870968,2574.82,0.0,52.22072580645161,22.0,19.0,,3885.4556,833.2797,0.0
Santa Barbara,2003-01,0.032,69.42150537634409,3.3741505376344088,2490.58,0.0,52.970219354838704,37.0,21.0,,3257.2218,505.5882,0.2458149996312774
Santa Barbara,2003-02,2.33,69.11428571428571,4.265071428571429,2866.02,0.0,52.80499999999999,28.5,19.0,,2994.7538,162.9691,0.0
Santa Barbara,2003-03,2.618,69.6,4.462193548387097,3319.8599999999997,0.2,55.89741935483871,29.0,22.0,,11039.7863,2181.9072,0.4916299992625549
Santa Barbara,2003-04,1.7739999999999998,70.64,5.078133333333334,3656.08,0.2,58.182,24.5,18.0,,35610.2043,2108.2698,0.2458149996312774
Santa Barbara,2003-05,1.548,72.11612903225807,4.588774193548387,3413.9,0.2,62.538709677419355,42.0,33.0,,21207.655,4024.4593,0.0
Santa Barbara,2003-06,0.228,73.96000000000001,4.229533333333333,3045.32,0.0,66.80533333333332,46.0,24.0,,13986.6652,1322.6169,0.0
Santa Barbara,2003-07,0.144,66.41023359288099,4.142645161290323,3082.24,0.0,70.56709677419356,54.5,31.0,,19264.134,2295.9797,0.2458149996312774
Santa Barbara,2003-08,0.0,66.66817204301076,4.098129032258065,3049.1,0.0,70.79806451612903,42.0,19.0,,16204.7851,1269.8448,0.2458149996312774
Santa Barbara,2003-09,0.036,71.17999999999999,3.7973333333333334,2733.76,0.0,68.714,56.0,26.0,,10767.604,4861.0493,0.0
Santa Barbara,2003-10,0.21,62.45161290322581,3.598516129032258,2677.1400000000003,0.0,65.02645161290323,58.0,42.0,,6052.5437,8996.8763,0.0
Santa Barbara,2003-11,0.78,65.02666666666667,3.3985999999999996,2447.26,0.0,55.690666666666665,49.5,22.0,,5775.084,697.1291,0.4916299992625549
Santa Barbara,2003-12,1.838,64.83366058906032,3.6861600955794502,2665.38,0.0,51.53863225806451,24.0,22.0,,4873.887,650.5901,0.0
Santa Barbara,2004-01,0.508,66.69677419354839,3.51,2611.58,0.0,49.72516129032258,22.0,16.0,,4883.639,1172.2936,0.2455289183960086
Santa Barbara,2004-02,4.882,66.31724137931035,4.223310344827587,2939.42,0.0,50.82689655172413,22.0,18.0,,10722.4035,417.8796,0.0
Santa Barbara,2004-03,0.482,68.23225806451612,4.034258064516129,3001.24,0.0,59.18709677419355,41.0,29.0,,22277.5411,1044.0526,0.2455289183960086
Santa Barbara,2004-04,0.202,62.8,4.1441333333333334,2983.84,0.0,63.248000000000005,41.5,30.0,,23663.0785,3074.5906,0.9821156735840348
Santa Barbara,2004-05,0.992,59.71612903225806,4.2630322580645155,3171.76,0.0,68.57225806451613,34.0,31.0,,18473.2961,2338.1611,0.2455289183960086
Santa Barbara,2004-06,0.806,69.26,4.558,3281.88,0.2,68.26466666666667,51.0,37.0,,28343.1199,1658.4783,0.4910578367920173
Santa Barbara,2004-07,0.5700000000000001,67.4258064516129,4.304322580645161,3202.7799999999997,0.0,70.9587741935484,38.5,21.0,,23725.6908,3902.6665,0.0
Santa Barbara,2004-08,0.01,71.6,4.018064516129032,2989.3,0.0,70.87704301075269,48.0,19.0,,15817.6909,4381.4261,0.0
Santa Barbara,2004-09,0.014,61.27310541310542,4.0653999999999995,2927.08,0.2,68.38,52.0,29.0,,14242.3014,778.9557,0.0
Santa Barbara,2004-10,3.276,73.26451612903227,3.6747741935483873,2734.18,0.0,62.12258064516129,34.0,19.0,,11870.6822,856.2529,0.0
Santa Barbara,2004-11,0.248,67.92666666666666,3.633333333333333,2616.1400000000003,0.0,54.243333333333325,35.0,19.0,,7947.8706,1113.2019,0.4910578367920173
Santa Barbara,2004-12,6.159999999999999,65.70967741935485,3.851096774193548,2865.2200000000003,0.4,49.95612903225806,39.0,21.5,,5643.5457,387.4699,0.4910578367920173
Santa Barbara,2005-01,4.96,76.92258064516129,3.65578064516129,2145.02,0.0,51.232774193548394,13.0,19.0,,6975.5208,1615.8018,0.4901011813888978
Santa Barbara,2005-02,3.2159999999999997,74.36607142857143,3.9414285714285713,2119.0,0.0,54.08482142857143,25.0,14.0,,19668.9534,2006.353,0.0
Santa Barbara,2005-03,2.04,73.18604004449388,4.032230255839822,2364.26,0.0,58.23748609566184,28.5,24.0,,28145.9175,7014.9218,0.2450505906944489
Santa Barbara,2005-04,0.4939999999999999,63.16421568627451,4.119803921568627,2107.24,0.0,61.433284313725494,29.0,26.0,,24755.5075,8803.2915,0.0
Santa Barbara,2005-05,0.594,67.3225806451613,4.3808870967741935,2607.6,0.0,68.52177419354838,43.0,22.0,,28697.0568,10362.3861,0.0
Santa Barbara,2005-06,0.0,65.80705128205128,4.436705128205128,2474.54,0.0,71.32403846153846,40.0,24.0,,21264.6613,11853.8817,0.2450505906944489
Santa Barbara,2005-07,0.0,65.8715651135006,4.1486827956989245,2401.18,0.0,76.07174432497013,50.0,19.0,,22290.8747,15106.706,0.0
Santa Barbara,2005-08,0.0,69.44964936886394,3.920446002805049,2765.1,0.0,73.75568022440392,52.0,19.0,,18843.76,7466.8294,0.4901011813888978
Santa Barbara,2005-09,0.056,67.38666666666667,3.7438666666666665,2695.46,0.0,66.9935,53.0,24.0,,14150.5427,13939.8345,0.7351517720833466
Santa Barbara,2005-10,0.654,65.80940860215054,3.6670725806451614,2567.94,0.0,62.22701612903226,50.0,20.5,,10178.7681,8195.6833,0.4901011813888978
Santa Barbara,2005-11,0.834,60.125,3.1325,1804.42,0.0,58.88666666666666,41.0,21.0,,7180.1999,5716.183,1.4703035441666932
Santa Barbara,2005-12,1.352,67.88744086021505,3.257174193548387,2302.74,0.0,52.19096774193548,50.5,19.0,,6003.5628,2299.9953,1.9604047255555912
Santa Barbara,2006-01,2.002,66.5225806451613,3.7686451612903222,2804.12,0.2,52.56129032258064,25.0,15.0,,8456.1735,2342.676,0.7351409632797089
Santa Barbara,2006-02,2.19,58.62142857142858,3.9651428571428577,2664.6,0.0,53.92321428571428,24.5,16.0,,14266.0871,3443.6209,0.4900939755198059
Santa Barbara,2006-03,3.5700000000000003,74.42091212458288,4.2141802002224695,3091.76,0.0,54.12377641824249,26.0,15.0,,19443.6329,2790.7994,0.7351409632797089
Santa Barbara,2006-04,4.366,76.45333333333333,3.7214666666666663,2679.3599999999997,0.0,60.01583333333333,18.0,22.0,,31943.8629,4817.4319,0.2450469877599029
Santa Barbara,2006-05,1.0699999999999998,73.36774193548386,3.8034838709677423,2829.9,0.0,65.425,48.0,26.0,,37612.8294,8634.0882,0.4900939755198059
Santa Barbara,2006-06,0.25,66.69333333333333,4.123,2968.7,0.0,70.22266666666667,51.5,24.0,,33446.8124,13148.6494,0.0
Santa Barbara,2006-07,0.004,64.58731924360401,3.826967741935483,2846.88,0.0,74.06395894428152,54.0,28.0,,32096.5855,16372.2187,0.0
Santa Barbara,2006-08,0.046,68.44516129032259,3.776967741935484,2810.22,0.0,72.89806451612904,41.5,19.0,0.0,24401.846,18388.9104,0.4900939755198059
Santa Barbara,2006-09,0.02,65.49241379310345,3.526466666666667,2539.2,0.0,69.92866666666666,54.5,18.0,0.0,20395.939,11888.1132,0.2450469877599029
Santa Barbara,2006-10,0.208,63.225806451612904,3.415161290322581,2541.06,0.0,62.60967741935484,35.0,24.0,7.95,14660.147,8272.2199,0.980187951039612
Santa Barbara,2006-11,0.55,60.81333333333333,3.571066666666667,2571.1400000000003,0.0,57.718666666666664,38.0,23.0,7.609999999999999,8317.7075,4904.9143,1.2252349387995147
Santa Barbara,2006-12,0.942,57.76774193548387,3.5506451612903227,2641.7799999999997,0.2,50.32129032258065,34.0,19.0,114.75,5910.314,1490.642,0.7351409632797089
Santa Barbara,2007-01,1.2120000000000002,55.722580645161294,3.661290322580645,2723.7799999999997,0.0,46.91225806451613,26.0,20.0,380.25,6763.4905,3154.761,0.7294956996228508
Santa Barbara,2007-02,2.152,67.98174603174603,4.029994708994709,2692.82,0.0,52.39806878306879,20.0,19.0,2.0,11755.9507,4719.9068,0.4863304664152338
Santa Barbara,2007-03,0.148,61.78709677419355,4.183225806451612,3112.12,0.2,56.90322580645161,42.0,20.0,9.55,34737.2283,14960.2359,0.4863304664152338
Santa Barbara,2007-04,1.074,66.46083333333334,4.661816666666667,3080.3599999999997,0.4,60.71991666666666,34.5,31.0,7.35,34379.0692,18967.0179,0.4863304664152338
Santa Barbara,2007-05,0.7,65.26890989988877,4.337661290322581,2581.76,0.0,66.05725806451613,44.0,24.0,96.35,35690.1823,18847.1756,0.4863304664152338
Santa Barbara,2007-06,0.0,66.28571428571428,4.467583333333334,2573.68,0.0,69.46333333333334,50.0,28.0,92.3,30998.5311,15952.77,0.2431652332076169
Santa Barbara,2007-07,0.0,67.87903225806451,4.090483870967741,2434.5,0.0,71.6053389434315,49.0,19.0,55.85,36679.2243,20806.547,0.0
Santa Barbara,2007-08,0.012,67.20161290322581,3.7728225806451614,2245.6400000000003,0.0,72.50826612903225,54.5,22.0,88.99,27091.0966,13629.8003,0.2431652332076169
Santa Barbara,2007-09,0.146,66.24906403940886,3.611961904761905,2343.0800000000004,0.0,70.64010509031199,40.0,30.0,27.5,21100.7434,13035.097,0.0
Santa Barbara,2007-10,0.188,59.12903225806451,3.8876774193548385,2892.62,0.0,64.71161290322581,43.0,33.0,16.85,15255.0908,11756.1373,0.2431652332076169
Santa Barbara,2007-11,0.0339999999999999,68.33333333333333,3.2653333333333334,1744.1199999999997,0.0,60.24266666666667,38.0,23.0,8.86,8844.5205,10192.2442,0.2431652332076169
Santa Barbara,2007-12,2.216,62.58763440860215,3.5239381720430107,2077.82,0.0,52.1285752688172,18.5,20.5,4.0,2801.2495,839.0225,0.2431652332076169
Santa Barbara,2008-01,8.926,70.19331797235023,4.845658064516129,2811.18,1.4,50.37845161290322,25.0,17.0,3.0,8558.9446,5263.3936,0.4809322390521787
Santa Barbara,2008-02,1.514,67.87931034482759,3.8768103448275864,2158.96,0.0,52.48793103448275,35.0,32.0,2.0,14077.28,13355.6336,0.2404661195260893
Santa Barbara,2008-03,0.052,59.733333333333334,4.529241935483871,2669.88,0.0,58.104543010752685,32.0,24.0,4.51,23848.4418,15877.0679,0.0
Santa Barbara,2008-04,0.438,59.0,4.552083333333334,2621.98,0.0,62.160833333333336,49.5,28.0,5.61,41375.9611,15584.9133,0.2404661195260893
Santa Barbara,2008-05,0.0679999999999999,67.5,4.101532258064516,2441.26,0.2,66.29516129032258,47.0,31.0,24.11,45929.9296,9573.2332,0.0
Santa Barbara,2008-06,0.006,66.325,4.113166666666666,2369.12,0.0,70.63083333333333,55.0,38.0,53.21,32116.4481,10504.6068,0.0
Santa Barbara,2008-07,0.014,75.88709677419355,3.897983870967742,2320.44,0.0,72.47983870967741,61.0,31.0,205.26,43785.1393,28046.3043,0.2404661195260893
Santa Barbara,2008-08,0.006,76.25806451612902,3.8089516129032255,2267.38,0.0,72.14516129032258,36.0,19.0,56.34,36697.3704,14840.625,0.0
Santa Barbara,2008-09,0.01,65.96333333333334,3.706133333333333,2108.4,0.0,70.38016666666667,42.0,20.0,7.66,27764.0625,10381.8093,0.4809322390521787
Santa Barbara,2008-10,0.278,49.483870967741936,3.792064516129032,2821.18,0.0,63.87870967741935,30.0,36.0,45.11,15097.7978,8137.0395,0.2404661195260893
Santa Barbara,2008-11,1.452,61.225833333333334,3.895033333333333,2558.74,0.2,59.557500000000005,25.5,18.0,102.45,8925.5381,5545.6897,0.4809322390521787
Santa Barbara,2008-12,1.2020000000000002,68.1010752688172,3.874591397849462,2639.84,0.4,52.67550537634408,17.0,18.0,1.0,8415.7569,4812.0246,0.2404661195260893
Santa Barbara,2009-01,0.474,55.59450418160095,3.7207718040621263,2713.2200000000003,0.2,51.465328554360816,24.0,18.5,4.1,9559.7014,12056.6618,1.427361569717097
Santa Barbara,2009-02,4.044,68.45555555555555,4.346,2920.5199999999995,0.2,52.08,13.0,11.0,2.0,22452.9863,1540.3227,0.2378935949528494
Santa Barbara,2009-03,0.798,66.44516129032259,4.3755483870967735,3255.3599999999997,0.2,56.854193548387094,40.0,17.0,1.0,33248.68,20999.6377,0.2378935949528494
Santa Barbara,2009-04,0.904,60.30666666666666,4.850199999999999,3492.0,0.4,60.80266666666667,43.0,32.0,33.15,48221.2901,6479.5352,0.2378935949528494
Santa Barbara,2009-05,1.428,66.5573732718894,4.672179723502304,3393.3,0.2,67.51274193548387,45.0,25.0,9.75,42650.7393,14885.4989,0.7136807848585485
Santa Barbara,2009-06,0.026,69.0495652173913,4.145688888888889,2913.8,0.0,69.99066666666667,38.0,14.5,7.52,36150.7021,25781.1696,0.0
Santa Barbara,2009-07,0.0,64.12258064516129,4.093483870967742,3045.3599999999997,0.0,73.99161290322581,38.0,23.0,179.02,34211.6337,21535.5012,0.2378935949528494
Santa Barbara,2009-08,0.002,64.17483870967742,3.834516129032258,2852.7,0.0,71.87032258064517,41.0,19.0,8.66,28977.1605,28175.1203,0.0
Santa Barbara,2009-09,0.008,62.41678160919541,3.6791333333333336,2648.96,0.0,71.48733333333334,41.0,18.0,6.94,33157.8023,9261.3793,0.0
Santa Barbara,2009-10,1.276,59.76688172043011,4.020774193548387,2991.58,0.6,64.08387096774194,25.0,22.0,71.51,24085.5114,8051.6069,0.2378935949528494
Santa Barbara,2009-11,0.738,57.06666666666666,3.5389333333333335,2547.8,0.0,57.12066666666667,33.0,22.0,85.25,8415.3019,4749.2682,0.0
Santa Barbara,2009-12,2.396,68.45161290322581,3.3195483870967744,2469.88,0.2,51.35935483870968,26.0,18.0,1.05,2330.0614,2065.4269,0.951574379811398
Santa Barbara,2010-01,5.552,67.05806451612904,3.627354838709677,2698.76,0.0,51.68645161290323,23.0,18.0,0.01,6705.7402,812.9942,0.7070618985554725
Santa Barbara,2010-02,3.728,73.95,3.9095714285714287,2627.38,0.0,53.49357142857143,25.5,16.0,0.0,24208.11,20864.1008,2.1211856956664175
Santa Barbara,2010-03,0.35,63.148387096774194,4.50858064516129,3354.0199999999995,0.4,56.94967741935484,26.0,20.0,0.12,45032.7157,14127.9932,0.2356872995184908
Santa Barbara,2010-04,2.048,70.2562962962963,4.543066666666666,3270.8599999999997,0.6,60.1,31.0,22.0,0.01,48205.3209,7240.6903,0.0
Santa Barbara,2010-05,0.118,63.33342891278376,5.1817419354838705,3855.06,1.0,65.29225806451612,47.0,23.0,5.5,45736.9088,12391.0285,0.2356872995184908
Santa Barbara,2010-06,1.3279999999999998,70.03333333333333,4.309933333333333,3102.86,0.0,71.05666666666666,38.5,21.5,292.15999999999997,39785.8488,28049.1232,1.1784364975924544
Santa Barbara,2010-07,6.836666666666666,71.04614695340501,4.537250298685783,2843.4166666666665,0.0,73.76309677419354,55.0,17.0,34.230000000000004,41015.0711,38321.1402,0.2356872995184908
Santa Barbara,2010-08,0.2783333333333333,68.95017921146953,4.466046594982079,3306.133333333333,0.0,73.91402150537634,41.0,17.0,1217.9699999999998,36499.0026,35152.0567,0.4713745990369817
Santa Barbara,2010-09,0.8866666666666666,67.03888888888889,4.201888888888889,3025.3000000000006,0.0,71.414,52.0,19.5,14.43,36840.3895,13183.0239,0.4713745990369817
Santa Barbara,2010-10,6.708333333333333,74.79802867383512,3.787043010752688,2817.5833333333335,0.1666666666666666,66.25612903225807,52.0,18.0,414.51,29386.9909,14947.626,0.4713745990369817
Santa Barbara,2010-11,10.653333333333332,63.90555555555556,3.823611111111111,2752.933333333333,0.0,56.91540404040404,47.5,17.0,3.01,12278.391,5402.5107,1.414123797110945
Santa Barbara,2010-12,12.595,75.59820788530466,3.884892473118279,2890.1666666666665,0.3333333333333333,54.288709677419355,52.0,15.0,0.0,8987.9833,1286.7261,0.9427491980739634
Santa Barbara,2011-01,0.78,61.05865102639296,3.6685567658148304,2631.7714285714287,0.0,52.829053204859655,48.0,17.0,2.05,10704.3793,7066.2658,0.4697360787841351
Santa Barbara,2011-02,2.7985714285714285,65.98469387755102,4.261632653061224,2863.942857142857,0.4285714285714285,53.13775510204082,36.5,16.5,1.1,15384.1181,8626.9097,0.9394721575682704
Santa Barbara,2011-03,5.137142857142857,72.83410138248848,4.864331797235023,3618.9857142857145,0.8571428571428571,57.04193548387097,42.0,15.0,0.03,30409.103,6836.2021,0.0
Santa Barbara,2011-04,0.2275,69.23958333333333,5.169958333333334,3722.225,0.5,62.598749999999995,55.5,22.5,3.3200000000000003,44493.4574,13965.2124,0.2348680393920675
Santa Barbara,2011-05,1.3275,67.47252900047673,5.589758064516129,4159.0125,1.5,66.62701612903226,59.0,26.0,213.11,34946.8074,12222.8424,0.2348680393920675
Santa Barbara,2011-06,1.605,75.9125,4.792041666666667,3450.425,0.25,69.64333333333333,55.0,19.0,454.47,31716.7356,22755.8184,0.9394721575682704
Santa Barbara,2011-07,0.2225,73.82661290322581,4.644838709677419,3455.7,0.0,72.9165322580645,56.0,19.0,52.46,43540.571,30834.7613,0.0
Santa Barbara,2011-08,0.5475000000000001,74.91935483870968,4.437096774193549,3301.3375,0.0,71.91532258064517,56.0,19.0,84.52,43500.7559,29985.4993,0.0
Santa Barbara,2011-09,0.97625,75.48333333333333,4.0248333333333335,2897.8,0.0,70.13291666666666,59.5,19.0,1563.07,25685.6997,18700.0362,0.4697360787841351
Santa Barbara,2011-10,0.605,68.68548387096774,3.7723790322580646,2806.6375,0.0,71.12439516129032,57.0,19.0,2.4,19255.7123,12692.1489,0.4697360787841351
Santa Barbara,2011-11,1.375,68.32830459770115,3.769625,2714.0125,0.0,55.41,52.0,17.0,13.91,9491.302,5318.0057,0.4697360787841351
Santa Barbara,2011-12,0.33625,61.70967741935484,3.396975806451613,2527.4,0.0,48.023041474654384,59.0,23.0,2.72,7540.6045,2728.0672,0.2348680393920675
Santa Barbara,2012-01,1.54,58.39637096774194,3.828188172043011,2837.7125,0.25,50.10103908188586,55.0,21.0,6.04,6941.2701,6405.8509,0.4647941659036296
Santa Barbara,2012-02,0.2875,62.189655172413794,4.748663793103448,3304.9875,0.375,53.93060344827586,46.0,19.0,0.31,13492.0851,12368.7301,0.4647941659036296
Santa Barbara,2012-03,2.36,68.0725806451613,4.789516129032258,3563.7625,1.0,55.979032258064514,34.0,15.0,81.65,31355.404,6625.4748,1.1619854147590738
Santa Barbara,2012-04,1.95875,69.58333333333333,5.026458333333333,3619.1375,0.875,63.66934523809523,43.0,19.5,1.01,48079.8186,15532.799,0.4647941659036296
Santa Barbara,2012-05,0.69625,68.83870967741936,5.307661290322581,3948.95,1.0,66.13034712482468,58.0,29.0,5.16,51739.1245,14411.5485,0.6971912488554444
Santa Barbara,2012-06,0.45875,70.1860119047619,5.034274425287356,3611.5375,0.625,69.7169540229885,52.0,22.0,15.9,45025.636,21642.9008,0.0
Santa Barbara,2012-07,1.4300000000000002,72.44354838709677,4.612822580645162,3431.8125,0.0,72.30244716351501,52.0,18.0,685.77,59861.7298,28911.132,0.2323970829518148
Santa Barbara,2012-08,0.9025,70.53629032258064,4.3116532258064515,3207.7125,0.0,72.8125,47.0,20.0,329.13,37242.8357,19646.5004,0.9295883318072592
Santa Barbara,2012-09,0.75125,73.68333333333334,3.9414166666666666,2837.45,0.0,71.02666666666667,53.0,21.0,9.0,26378.4527,14156.8018,0.2323970829518148
Santa Barbara,2012-10,0.16375,66.32661290322581,3.955,2942.4,0.125,66.67078052995392,41.0,19.0,7.1,17797.9043,5360.6612,0.4647941659036296
Santa Barbara,2012-11,1.17375,67.75,3.787125,2726.525,0.375,59.945,41.5,19.0,4.800000000000001,9439.4263,3916.341,0.0
Santa Barbara,2012-12,2.14375,74.45036151279199,3.583548387096774,2666.125,0.125,55.381048387096776,39.0,13.0,0.0,9131.3953,2547.2272,0.4647941659036296
Santa Barbara,2013-01,1.12625,59.931451612903224,3.749274193548387,2789.4875,0.375,50.038306451612904,38.0,19.0,0.25,8243.4678,4666.1727,0.2296416900709822
Santa Barbara,2013-02,0.535,65.14732142857143,4.103080357142857,2757.25,0.125,52.92767857142857,48.5,26.0,1.1,12561.3537,6281.3835,0.4592833801419645
Santa Barbara,2013-03,0.96875,71.33064516129032,4.332419354838709,3223.3125,0.0,58.19717741935484,53.0,21.0,7.5,25960.925,11845.7922,0.6889250702129468
Santa Barbara,2013-04,0.78125,68.3625,5.0805,3658.1875,0.875,62.66166666666667,56.5,26.0,7.6,44931.5235,16193.2874,0.4592833801419645
Santa Barbara,2013-05,0.97875,65.98790322580645,5.285524193548387,3932.5375,1.25,67.38217741935483,55.0,31.0,81.74000000000001,41732.2522,22080.6293,0.6889250702129468
Santa Barbara,2013-06,1.05,72.41160714285715,4.758083333333333,3425.7,0.5,59.56287151067323,47.0,24.0,34.25,37624.3963,39064.1879,0.6889250702129468
Santa Barbara,2013-07,0.6575,73.78225806451613,4.574717741935483,3403.775,0.0,54.374046215880895,49.0,24.0,111.5,48733.0136,69366.9262,0.2296416900709822
Santa Barbara,2013-08,0.3775,73.20967741935485,4.37991935483871,3258.525,0.0,57.21774193548387,44.0,20.0,17.73,35914.4978,24058.3882,0.4592833801419645
Santa Barbara,2013-09,0.20625,68.15416666666667,4.398416666666667,3166.625,0.125,65.8066714559387,53.0,30.5,98.12,28233.5651,19880.6461,0.2296416900709822
Santa Barbara,2013-10,0.2,65.65725806451613,3.8117338709677417,2835.9,0.0,63.94475806451612,56.0,28.0,10.87,21816.9785,7750.715,0.0
Santa Barbara,2013-11,0.295,64.0875,3.5773333333333333,2575.7875,0.0,59.123778735632186,51.5,22.0,52.5,12928.1675,8099.6605,0.918566760283929
Santa Barbara,2013-12,0.14375,50.733870967741936,3.6914112903225806,2746.25,0.0,52.792741935483875,52.0,27.0,5.7,8370.1227,4256.8777,0.2296416900709822
Santa Barbara,2014-01,0.06125,50.00806451612903,3.9078629032258063,2907.5,0.125,54.54631720430107,58.0,31.0,24.91,8849.8187,6513.679,0.6815502086679556
Santa Barbara,2014-02,2.1625,68.63392857142857,4.404375,2959.8375,0.25,57.835625,46.0,22.0,0.36,21982.8378,6877.3675,0.2271834028893185
Santa Barbara,2014-03,1.1825,66.87096774193549,4.654354838709677,3462.8,0.25,64.5103853046595,53.0,30.0,0.1,55483.7069,16666.833,0.2271834028893185
Santa Barbara,2014-04,0.48375,64.67916666666666,4.500041666666666,3239.95,0.25,63.26665064102564,47.0,27.0,3.25,47963.0894,16923.6135,0.454366805778637
Santa Barbara,2014-05,0.1475,59.6805498115982,4.799516129032258,3570.675,0.625,69.58925211213517,54.0,33.0,17.52,42985.5029,21946.6591,0.2271834028893185
Santa Barbara,2014-06,0.03375,71.63333333333333,5.004166666666666,3602.975,0.25,69.76622448979592,57.5,28.0,9.0,41535.8271,26236.2295,0.2271834028893185
Santa Barbara,2014-07,0.0225,71.79489247311828,4.616370967741935,3434.6625,0.0,73.96627688172043,47.0,24.0,35.42,40035.2016,29853.3199,0.0
Santa Barbara,2014-08,0.03625,71.91935483870968,4.3022580645161295,3200.6875,0.0,73.77434863523573,50.0,23.0,11.63,28046.2607,26771.2142,0.0
Santa Barbara,2014-09,0.0275,71.02268518518518,4.198333333333333,3022.85,0.125,72.8567360069965,53.0,30.5,22.65,25053.2142,28429.8937,0.0
Santa Barbara,2014-10,0.37375,63.6464126807564,3.892096774193549,2895.8,0.125,68.75072580645161,52.0,31.0,1.01,20714.8932,16337.7934,0.2271834028893185
Santa Barbara,2014-11,0.10125,60.16898148148148,3.69375,2659.6375,0.0,61.821333333333335,39.0,19.5,0.22,11459.1323,7156.6051,0.6815502086679556
Santa Barbara,2014-12,3.28625,72.56455320726734,4.024193548387097,2994.0125,0.625,57.88459252971138,39.0,16.0,0.0,8620.3612,5508.5125,0.454366805778637
Santa Barbara,2015-01,0.8,66.32150537634409,3.152258064516129,2345.35,0.0,55.00838026967059,51.0,19.0,1.12,10805.9997,6609.0455,0.9017193533770516
Santa Barbara,2015-02,0.68,71.70828881766381,3.7115178571428578,2494.0375,0.0,59.41048514448514,50.0,24.0,0.13,26635.6622,9201.0783,0.0
Santa Barbara,2015-03,0.41,63.18801075268817,4.045604838709678,3009.825,0.0,62.4747465437788,48.0,25.0,4.17,37772.5341,14456.374,0.2254298383442629
Santa Barbara,2015-04,0.22125,59.24166666666667,4.8129583333333334,3465.3875,0.125,65.26922824302135,52.0,28.5,27.41,44440.0372,19261.3956,0.4508596766885258
Santa Barbara,2015-05,0.4325,71.40702632554691,4.871532258064517,3624.15,0.0,67.45391705069123,49.0,20.0,12.43,39552.1678,28044.8027,0.0
Santa Barbara,2015-06,0.47875,72.85480769230769,4.529375,3261.2625,0.0,72.40377551020408,52.5,27.5,1799.5,37017.0404,39623.9572,0.4508596766885258
Santa Barbara,2015-07,0.15125,73.08498066634886,4.3156854838709675,3210.825,0.0,75.583966311775,50.0,21.0,108.82,45108.038,44550.7113,0.9017193533770516
Santa Barbara,2015-08,0.0275,69.74860956618465,4.354153225806452,3239.3625,0.0,76.37751838777781,56.0,33.0,2471.02,28902.4902,32704.9407,0.2254298383442629
Santa Barbara,2015-09,0.125,65.75925287356321,3.89,2800.9,0.0,75.87231116584564,54.0,31.5,5.6899999999999995,27108.215,26773.2694,0.2254298383442629
Santa Barbara,2015-10,0.12125,66.25920783527847,3.8851612903225807,2890.475,0.125,71.30425960061443,49.0,28.0,11.69,25299.5707,25925.8505,0.6762895150327888
Santa Barbara,2015-11,0.31125,55.861111111111114,4.169625,3002.3375,0.125,59.30380952380953,35.0,19.5,3.89,15958.3704,11151.7765,1.1271491917213146
Santa Barbara,2015-12,0.5537500000000001,62.35534390063032,4.2579032258064515,3168.0375,0.5,52.873271889400925,39.0,22.0,3.11,10159.8593,7861.007,0.4508596766885258
Santa Barbara,2016-01,2.89875,74.2867223502304,4.0714112903225805,3029.3125,0.25,53.101843317972346,34.0,25.0,1.02,13450.7651,11081.5313,0.2242388771910941
Santa Barbara,2016-02,0.3125,56.414460480703674,3.781163793103448,2631.6125,0.125,56.48257374809099,33.0,29.0,0.02,19792.4209,12861.6804,0.4484777543821882
Santa Barbara,2016-03,1.405,71.55215053763442,4.4178629032258065,3286.8625,0.125,60.18168483500185,41.0,28.0,100.13,38366.3505,27078.0228,0.8969555087643765
Santa Barbara,2016-04,0.45375,63.532512315270935,4.525791666666667,3258.3875,0.875,64.65611111111112,47.0,31.0,51.25000000000001,50911.5864,26253.4795,0.6727166315732823
Santa Barbara,2016-05,0.27625,74.79405615292711,4.437862903225806,3301.825,0.5,67.71636947431303,38.0,18.0,207.12,46634.2745,37698.5644,0.2242388771910941
Santa Barbara,2016-06,0.0175,69.91100322091701,4.204833333333333,3027.8,0.125,72.41420875420876,52.5,35.0,207.52,51382.077,54144.2222,0.4484777543821882
Santa Barbara,2016-07,0.0025,71.20833333333333,4.069520609318996,2847.7,0.0,74.53054142542047,52.0,21.0,76.11,49522.0161,77994.2155,0.8969555087643765
Santa Barbara,2016-08,0.0014285714285714,74.59907834101384,3.8210138248847927,2842.842857142857,0.0,74.92451612903226,54.0,26.0,46260.5,40679.2957,52456.332,2.242388771910941
Santa Barbara,2016-09,0.0442857142857142,69.10035379135829,3.5626666666666664,2565.2285714285713,0.0,73.73133333333332,53.0,32.0,7.329999999999999,30474.9219,30287.3897,1.1211943859554705
Santa Barbara,2016-10,0.72,67.85195134666478,3.7723878648233486,2560.714285714286,0.0,52.906415106174784,34.0,23.0,9.4,24908.3371,22343.0957,2.466627649102035
Santa Barbara,2016-11,0.6542857142857142,66.99238095238096,3.6839244663382593,2638.371428571428,0.1428571428571428,62.567824302134646,39.0,30.0,1.4500000000000002,19032.008,18277.3774,2.6908665262931293
Santa Barbara,2016-12,1.0742857142857145,73.74535878867675,3.4013824884792627,2530.5285714285715,0.1428571428571428,53.24676129032258,42.0,22.0,0.0,9581.4634,12549.556,1.569672140337659
Santa Barbara,2017-01,2.5542857142857147,78.60273692646764,3.717788018433179,2765.942857142857,0.5714285714285714,51.94064516129032,33.0,20.0,1.75,9552.0721,14182.3888,1.341879615506761
Santa Barbara,2017-02,2.1728571428571426,81.35301471015757,4.11521164021164,2749.457142857143,0.8571428571428571,55.5167094017094,24.0,14.5,0.0,14328.1936,13449.9341,0.0
Santa Barbara,2017-03,0.4814285714285714,69.12442396313364,4.410875576036866,3281.657142857143,0.5714285714285714,58.82774193548387,38.0,23.0,1.03,33138.9698,29264.1406,0.4472932051689203
Santa Barbara,2017-04,0.5328571428571428,63.83333333333333,5.146238095238095,3705.4,1.4285714285714286,63.474,52.0,29.0,10.92,41110.3346,33449.2782,0.8945864103378406
Santa Barbara,2017-05,0.3814285714285714,69.28110599078342,4.742442396313364,3528.414285714286,1.1428571428571428,68.83483870967743,50.0,29.0,187.03,46119.9855,39783.496,2.2364660258446016
Santa Barbara,2017-06,0.1185714285714285,70.99011620563344,4.860745341614907,3374.442857142857,0.5714285714285714,73.40988405797101,48.5,26.0,1838.44,50040.7804,54189.5144,1.5655262180912208
Santa Barbara,2017-07,0.2742857142857143,74.04710880517332,4.3538419525516305,3173.7428571428572,0.1428571428571428,78.009486260454,49.0,24.0,29485.4,60005.3615,61919.4713,0.6709398077533805
Santa Barbara,2017-08,0.0785714285714285,76.8372859832577,4.256650607457059,3014.3428571428567,0.0,79.59011520737327,52.0,26.0,96.37,44176.5419,65261.1472,0.8945864103378406
Santa Barbara,2017-09,0.0785714285714285,68.3886568986569,4.113487784679089,2747.628571428572,0.0,75.1073063973064,53.0,31.0,528.3299999999999,29322.0996,43881.1374,1.5655262180912208
Santa Barbara,2017-10,0.1371428571428571,57.42377112135176,3.3063440860215056,2108.457142857143,0.0,69.70728410378949,54.0,43.0,94.42,22630.2228,37327.2797,4.920225256858123
Santa Barbara,2017-11,0.0942857142857142,69.19350132625995,2.610611111111111,1611.142857142857,0.0,63.68181992337165,42.5,23.0,6.88,10538.5351,20777.4689,5.367518462027044
Santa Barbara,2017-12,0.0957142857142857,49.62528417818741,2.6894684002633307,1800.142857142857,0.0,54.81566820276498,62.0,51.0,12.53,5433.0974,15120.0987,5.814811667195964
Santa Barbara,2018-01,0.9857142857142858,65.93248662070452,2.9934735001635424,1667.3,0.0,55.825994758401386,44.0,35.0,0.62,8474.6794,11530.5564,6.032616345709134
Santa Barbara,2018-02,0.1666666666666666,65.86613095238096,4.245471428571428,2627.4166666666665,0.3333333333333333,55.56242680776014,43.5,27.0,2.02,17914.5164,13967.4831,2.6811628203151705
Santa Barbara,2018-03,3.2566666666666664,73.88978494623656,4.292013142174432,2917.966666666667,0.3333333333333333,57.396027479092,27.0,14.0,7.71,25590.8791,13974.156,2.6811628203151705
Santa Barbara,2018-04,0.2116666666666666,69.33888888888889,5.064277777777778,3646.366666666667,1.1666666666666667,63.79563218390805,51.5,29.0,2.32,32071.1038,26048.5076,2.0108721152363778
Santa Barbara,2018-05,0.1283333333333333,73.5,4.824247311827957,3589.483333333333,1.3333333333333333,67.3086917562724,46.0,24.0,114.66,69121.8645,32617.0131,1.3405814101575853
Santa Barbara,2018-06,0.18,68.96666666666667,4.978333333333333,3584.25,0.6666666666666666,72.07555555555555,53.5,29.5,352.12,45253.9146,31193.9241,0.8937209401050569
Santa Barbara,2018-07,0.0316666666666666,67.91628215163625,4.444247311827957,3306.566666666666,0.0,77.66935483870968,44.0,20.0,74.51,44440.3748,59332.0449,1.5640116451838495
Santa Barbara,2018-08,0.0499999999999999,68.47070819428995,4.2713440860215055,3177.85,0.1666666666666666,78.05692396313364,59.0,30.0,8.65,34592.6715,53071.9712,0.6702907050787926
Santa Barbara,2018-09,0.0466666666666666,72.06666666666666,3.867611111111111,2784.616666666667,0.1666666666666666,75.29166724718449,52.5,26.0,183.96,25333.591,30043.2227,0.6702907050787926
Santa Barbara,2018-10,0.25,67.11290322580645,3.835752688172043,2853.9833333333336,0.0,70.72706678054982,43.0,26.0,60.3,21333.1383,24414.036,1.7874418802101135
Santa Barbara,2018-11,1.1533333333333335,61.54272030651341,3.5577222222222225,2561.4833333333336,0.3333333333333333,62.70216858237548,49.0,33.0,30.48,10669.6337,10667.086,2.4577325852889063
Santa Barbara,2018-12,0.42,72.72580645161291,3.785107526881721,2816.066666666667,0.1666666666666666,55.41483870967742,38.0,22.0,1.62,8164.0661,8506.2054,1.1171511751313212
Santa Barbara,2019-01,3.2533333333333334,74.0752688172043,4.265645161290323,3173.7333333333336,0.8333333333333334,53.671225806451616,35.0,17.0,1.0,9300.0696,11965.7422,0.6693604706942831
Santa Barbara,2019-02,3.6533333333333338,75.60119047619048,5.098214285714286,3425.9166666666665,1.5,52.31785714285714,21.5,13.5,0.4,11762.2421,5576.3193,2.008081412082849
Santa Barbara,2019-03,2.106666666666667,72.37060931899642,4.428709677419355,3294.85,0.1666666666666666,57.68679966044142,26.0,16.0,0.01,17900.152,17234.5651,1.338720941388566
Santa Barbara,2019-04,0.1683333333333333,74.10555555555555,4.694833333333333,3380.066666666667,0.6666666666666666,64.6088888888889,44.0,20.0,2.8,39039.3252,22490.3887,0.6693604706942831
Santa Barbara,2019-05,0.9083333333333332,75.42114695340501,4.824874551971326,3561.866666666667,0.5,68.0975609568353,36.0,19.0,875.7,90738.2597,35585.4377,0.6693604706942831
Santa Barbara,2019-06,0.0083333333333333,73.1850529100529,4.473277777777778,3220.4500000000003,0.0,74.51176245210728,38.0,16.5,1298.54,84032.5034,58817.9126,1.338720941388566
Santa Barbara,2019-07,0.0033333333333333,70.61290322580645,4.754086021505376,3537.0166666666664,0.1666666666666666,78.09823348694316,51.0,22.0,1128.26,82561.0709,49568.2579,1.338720941388566
Santa Barbara,2019-08,0.0116666666666666,72.40322580645162,4.379354838709678,3258.0,0.0,78.75301075268817,41.0,22.0,77.28,43884.7066,56114.8722,1.338720941388566
Santa Barbara,2019-09,0.03,67.80670498084291,4.232722222222223,3047.8333333333335,0.3333333333333333,75.20944444444444,42.5,31.5,247.43,25571.1392,31263.9244,0.4462403137961886
Santa Barbara,2019-10,0.0183333333333333,54.01075268817204,3.791129032258065,2820.683333333333,0.0,68.08946236559139,52.0,36.0,13.51,20760.0254,17593.6847,1.1156007844904716
Santa Barbara,2019-11,1.3133333333333337,65.90555555555555,3.4995,2519.6666666666665,0.0,61.90696581196581,53.0,24.0,56.01,9326.9672,14379.9554,3.793042667267603
Santa Barbara,2019-12,2.313333333333333,75.84408602150538,3.75747311827957,2795.5833333333335,0.3333333333333333,54.7560035842294,29.0,16.0,0.0,8650.9614,6656.8327,2.008081412082849
Santa Barbara,2020-01,0.3016666666666667,74.15591397849462,3.8894623655913976,2893.75,0.0,52.16559139784946,33.0,18.0,0.0,8064.7216,11528.8898,1.115493762158882
Santa Barbara,2020-02,0.0516666666666666,63.83321930304689,4.073448275862069,2835.2666666666664,0.1666666666666666,55.50294429708223,46.0,23.0,0.0,11533.2527,9676.7432,1.3385925145906583
Santa Barbara,2020-03,2.6033333333333335,76.32383512544803,4.086774193548387,3040.633333333333,0.0,57.91519713261649,18.0,10.0,0.0,24473.239,23345.3049,0.6692962572953292
Santa Barbara,2020-04,1.4966666666666668,74.48747631678667,4.464222222222222,3214.0833333333335,0.3333333333333333,61.41833333333333,36.0,21.5,0.0,30503.9471,26091.3587,0.4461975048635528
Santa Barbara,2020-05,0.1483333333333333,68.28114833195478,4.784462365591398,3559.7999999999997,0.5,70.529012345679,47.0,27.0,0.0,75872.8104,40158.1367,0.6692962572953292
Santa Barbara,2020-06,0.1033333333333333,68.63039100108067,4.705166666666667,3387.9166666666665,0.6666666666666666,74.17733333333334,40.0,25.0,0.1,78895.7883,44742.6206,0.8923950097271056
Santa Barbara,2020-07,0.0616666666666666,69.11290322580645,4.394516129032258,3269.3666666666663,0.0,76.84709677419355,41.0,19.0,0.0,65774.0972,59274.5811,1.3385925145906583
Santa Barbara,2020-08,0.0083333333333333,69.88329392907234,4.11258064516129,3059.866666666667,0.0,77.68492379616643,52.0,25.0,2005.0,37384.8699,30805.2005,1.561691267022435
Santa Barbara,2020-09,0.0133333333333333,71.6326902025178,3.592333333333333,2586.266666666667,0.0,74.27033333333333,63.0,35.0,0.0,35206.9862,40591.5606,1.561691267022435
Santa Barbara,2020-10,0.0416666666666666,63.22186379928315,3.356021505376344,2496.7166666666667,0.0,70.0374193548387,58.0,33.0,0.0,24809.6933,31367.4854,1.115493762158882
Santa Barbara,2020-11,0.225,61.916666666666664,3.618611111111111,2605.0666666666666,0.3333333333333333,59.76790476190477,53.5,22.0,0.0,14188.5699,18908.2977,0.8923950097271056
Santa Barbara,2020-12,1.211666666666667,59.09659498207885,3.6368960573476703,2675.866666666667,0.0,54.53120355951057,53.0,24.0,0.0,9238.0088,10514.885,2.4540862767495404
Santa Barbara,2021-01,3.3266666666666667,68.51710473914775,3.9327419354838704,2925.566666666667,1.0,52.66794215795328,44.0,22.0,0.0,9774.7411,6278.6084,1.3616372326084885
Santa Barbara,2021-02,0.175,65.19973544973546,4.687857142857143,3150.1666666666665,1.0,54.99007936507937,45.5,21.0,0.0,16521.8678,7002.0963,2.0424558489127325
Santa Barbara,2021-03,0.7283333333333334,67.74193548387096,4.588602150537635,3413.7333333333336,1.0,56.71313978494624,42.0,17.0,0.0,19036.549,16791.4134,3.6310326202893024
Santa Barbara,2021-04,0.06,69.7611111111111,4.772222222222222,3435.933333333333,1.0,63.33953846153846,52.0,29.5,14.88,29628.5499,26108.1469,0.4538790775361628
Santa Barbara,2021-05,0.075,70.10215053763442,4.959301075268818,3689.616666666667,1.1666666666666667,68.16989247311828,46.0,25.0,22.14,46600.6568,25688.9035,0.9077581550723256
Santa Barbara,2021-06,0.1683333333333333,68.47584078331205,4.662111111111112,3357.0,0.3333333333333333,74.176,24.5,16.0,2.83,35873.7622,28628.5543,0.4538790775361628
Santa Barbara,2021-07,0.005,69.99569892473119,4.12736559139785,3070.7999999999997,0.0,78.16193548387096,37.0,17.0,91.18,37341.8057,32669.1655,0.2269395387680814
Santa Barbara,2021-08,0.0166666666666666,71.57964954201513,3.946989247311828,2936.5166666666664,0.0,77.0316129032258,44.0,19.0,3.03,33233.2575,35566.1908,1.3616372326084885
Santa Barbara,2021-09,0.1016666666666666,72.20947712418301,3.8478692810457513,2584.383333333333,0.0,74.17564796033356,47.0,20.0,40.28,24700.2069,39475.5845,0.9077581550723256
Santa Barbara,2021-10,0.755,64.90250896057348,4.069560931899642,2676.7333333333336,0.3333333333333333,67.77254864311315,34.0,19.0,13.34,18912.8443,27806.1328,0.9077581550723256
Santa Barbara,2021-11,0.1233333333333333,66.66047619047619,3.3488,2009.15,0.0,62.102666666666664,33.5,17.0,0.0,10369.745,17920.03,1.1346976938404072
Santa Barbara,2021-12,3.921666666666667,81.34838709677419,3.6548387096774193,2266.15,0.1666666666666666,54.55943225806452,29.0,11.0,0.0,8339.1393,7302.5375,1.58857677137657
Santa Barbara,2022-01,0.12,69.46451612903226,3.1919354838709677,1979.0166666666669,0.0,52.33575083426028,34.0,17.0,1.0,6506.5793,16383.1549,0.4545599178155668
Santa Barbara,2022-02,0.0916666666666666,56.98194444444445,4.150779220779222,2668.366666666667,0.3333333333333333,53.96952630702631,26.0,19.0,38.0,11064.8516,11359.7972,0.0
Santa Barbara,2022-03,1.03,68.84030266825967,4.686397849462366,3486.7999999999997,0.6666666666666666,58.847945468509984,38.0,21.0,252.0,17007.1111,24679.7746,0.9091198356311336
Santa Barbara,2022-04,0.2616666666666666,68.21709906951286,4.9745,3581.7166666666667,0.5,64.25333333333333,46.5,23.5,110.0,31539.5375,16680.5739,0.9091198356311336
Santa Barbara,2022-05,0.0133333333333333,66.95293255131965,5.190107526881721,3861.4666666666662,1.1666666666666667,68.82096774193549,50.0,27.0,861.0,32986.026,25334.9834,0.4545599178155668
Santa Barbara,2022-06,0.1016666666666666,66.52886738865,4.625444444444445,3330.4666666666667,0.3333333333333333,74.37333333333333,54.0,22.0,4822.0,41372.7487,24581.3579,1.3636797534467004
Santa Barbara,2022-07,0.0916666666666666,71.1383701188455,4.206236559139785,3129.2666666666664,0.1666666666666666,76.9003046594982,44.0,16.0,389.0,38556.493,38480.6251,0.4545599178155668
Santa Barbara,2022-08,0.08,71.9483870967742,3.995537634408602,2972.633333333333,0.0,78.45483870967742,53.0,19.0,359.0,32959.6746,39249.4951,0.9091198356311336
Santa Barbara,2022-09,0.7983333333333332,72.32283635792407,3.741944444444445,2694.2000000000003,0.0,76.11151875901875,57.5,26.5,133.0,21878.8962,25722.7991,0.9091198356311336
Santa Barbara,2022-10,0.0816666666666666,70.81675627240143,3.455860215053763,2570.9166666666665,0.0,69.7360394265233,53.0,24.0,133.0,19933.5405,33280.1391,1.136399794538917
Santa Barbara,2022-11,0.8516666666666667,63.97777777777778,3.293944444444444,2371.616666666667,0.0,57.208888888888886,50.0,18.0,32.0,8814.0979,16970.3084,1.136399794538917
Santa Barbara,2022-12,3.793333333333333,81.08780126065999,3.040698924731182,2262.65,0.1666666666666666,53.589023297491046,46.0,13.0,7.0,7186.1514,4240.5265,0.6818398767233502
Santa Barbara,2023-01,5.536666666666666,77.01899641577062,3.8455376344086023,2861.0166666666664,1.0,52.64742383512544,43.0,16.0,2.0,4008.2523,2006.8299,1.1338125581078935
Santa Barbara,2023-02,2.818333333333334,68.76666666666667,3.76484126984127,2273.7833333333333,0.6666666666666666,51.430952380952384,40.5,16.5,2.0,7850.034,3833.0116,0.6802875348647361
Santa Barbara,2023-03,3.2433333333333336,81.21818181818182,3.9422052785923754,1884.4166666666667,0.3333333333333333,54.80780058651027,34.0,12.0,3.0,15037.0079,13025.0737,0.9070500464863148
Santa Barbara,2023-04,0.0166666666666666,73.3,4.4765,1886.05,0.0,58.967777777777776,50.5,20.0,39.0,18908.3711,7242.8429,0.2267625116215787
Santa Barbara,2023-05,0.2833333333333333,76.7068100358423,3.313421658986175,1984.85,0.0,65.61769585253457,37.0,12.0,921.0,39434.4475,13194.4709,0.4535250232431574
Santa Barbara,2023-06,0.1716666666666666,75.97810262332948,3.2041333333333335,1922.5666666666664,0.0,69.42675508399647,43.0,16.0,1631.0,35980.2657,13526.4505,0.6802875348647361
Santa Barbara,2023-07,0.0033333333333333,65.19354838709678,3.0382580645161292,1883.85,0.0,76.6425806451613,52.0,19.0,3358.0,39737.1835,30766.9578,0.2267625116215787
Santa Barbara,2023-08,0.245,70.25611996868949,3.043741935483871,1887.0666666666664,0.0,77.19203473945409,51.0,19.0,295948.0,44175.5105,32093.9585,2.0408626045942087
Santa Barbara,2023-09,0.0383333333333333,71.99402298850575,2.8904666666666667,1734.4333333333332,0.0,74.31333333333333,52.0,24.0,341.0,25146.3486,23585.8663,1.81410009297263
Santa Barbara,2023-10,0.0716666666666666,61.50580645161291,2.872129032258065,1780.65,0.0,69.66645161290322,41.0,24.0,764.0,18765.9877,13168.1199,2.0408626045942087
Santa Barbara,2023-11,0.4933333333333333,52.026666666666664,2.9116,1746.8000000000002,0.1666666666666666,62.06733333333333,35.0,20.0,677.0,9961.7205,7098.3254,4.988775255674732
Santa Barbara,2023-12,1.71,65.43870967741935,2.564774193548387,1590.1833333333334,0.0,57.11881290322581,36.0,18.0,4126.0,4454.7793,3551.2757,4.762012744053153
Santa Barbara,2024-01,1.4416666666666669,72.29032258064517,2.9432258064516126,1824.75,0.0,54.68183225806452,28.0,14.0,0.0,,,2.482588030314657
Santa Barbara,2024-02,5.155,78.55172413793103,3.0395172413793103,1763.1166666666668,0.3333333333333333,55.80159709618874,23.0,11.0,1.0,,,1.5798287465638725
Santa Barbara,2024-03,2.443333333333334,74.76774193548388,3.18,1971.6333333333332,0.0,57.749738863287256,34.0,16.0,7.0,,,3.385347314065441
Santa Barbara,2024-04,1.07,73.84853801169591,4.243374269005848,2684.7000000000003,1.1666666666666667,60.0185,50.5,19.0,715.0,,,1.8055185675015688
Santa Barbara,2024-05,0.0533333333333333,72.86021505376344,4.153817204301075,3090.2999999999997,0.1666666666666666,64.74111234705228,52.0,21.0,7256.0,,,2.482588030314657
Santa Barbara,2024-06,0.0033333333333333,68.61190476190477,3.817222222222222,2748.5499999999997,0.5,71.10133333333333,47.0,25.5,11461.0,,,1.8055185675015688
Santa Barbara,2024-07,0.0083333333333333,69.26397849462366,2.929516129032258,2179.633333333333,0.0,76.20651612903227,40.0,21.0,24070.0,,,3.611037135003137
Santa Barbara,2024-08,0.0733333333333333,68.588133640553,2.931774193548387,2181.25,0.0,76.57548387096774,46.0,22.0,1345.0,,,1.1284491046884804
Santa Barbara,2024-09,0.1083333333333333,72.16360153256706,2.730611111111111,1966.0166666666669,0.0,73.31523809523809,48.5,23.5,1235.0,,,3.159657493127745
Santa Barbara,2024-10,0.0666666666666666,67.76344086021506,2.5703763440860214,1912.5,0.0,69.7489247311828,53.0,31.0,1399.0,,,3.611037135003137
Santa Barbara,2024-11,0.5533333333333333,64.65555555555555,2.5107777777777778,1807.8833333333332,0.0,59.5768115942029,55.0,19.5,20402.0,,,4.288106597816226
Santa Barbara,2024-12,0.26,69.95161290322581,2.8779569892473114,2141.0666666666666,0.0,55.58094178717093,57.0,18.0,4154.0,,,7.222074270006274
Santa Clara,2001-01,2.365,74.19946236559139,3.067903225806451,2282.95,0.0,47.64354838709677,71.0,32.0,,197.8022,0.0,0.1184776568910752
Santa Clara,2001-02,3.385,73.5925925925926,3.762142857142857,2528.1,0.0,49.24464285714286,44.0,9.5,,443.4096,0.75,0.0592388284455376
Santa Clara,2001-03,1.58,79.40151515151516,3.89983870967742,2901.55,0.0,55.15161290322581,55.5,25.0,,1942.7131,50.88,0.0
Santa Clara,2001-04,1.5,71.73333333333333,4.274666666666667,3078.15,0.0,58.34,54.0,19.0,,950.0141,87.5,0.0
Santa Clara,2001-05,0.055,58.36929922135707,3.9675806451612905,2951.25,0.0,66.74354838709678,62.0,34.0,,1519.8066,108.2393,0.0592388284455376
Santa Clara,2001-06,0.0,56.679310344827584,4.503833333333334,3242.75,0.0,69.30333333333334,52.0,17.5,,1605.3085,19.65,0.1777164853366127
Santa Clara,2001-07,0.0,69.58333333333333,4.590483870967742,3415.05,0.0,72.44677419354838,50.0,23.0,,2500.8783,91.325,0.0592388284455376
Santa Clara,2001-08,0.0,71.41935483870968,4.695483870967742,3493.3500000000004,0.0,73.99354838709678,48.0,10.0,,3627.5091,37.8,0.0
Santa Clara,2001-09,0.1,70.32142857142857,3.8428333333333335,2671.8999999999996,0.0,70.84833333333333,55.0,31.0,,1839.3404,95.925,0.0
Santa Clara,2001-10,0.06,67.58064516129032,3.353548387096774,2495.2,0.0,65.60645161290323,59.0,38.5,,1231.4991,334.7875,0.0592388284455376
Santa Clara,2001-11,1.51,80.3,3.052666666666666,2198.55,0.0,59.89666666666667,59.0,33.0,,188.1401,32.0,0.1184776568910752
Santa Clara,2001-12,1.67,84.48387096774192,3.634032258064516,2703.8,0.0,53.59032258064517,55.0,15.0,,91.5186,4.625,0.0592388284455376
Santa Clara,2002-01,0.475,80.79032258064517,3.2458064516129035,2414.8500000000004,0.0,50.766129032258064,67.0,29.0,,2800.209,4.0,0.0
Santa Clara,2002-02,0.445,77.25,3.5264285714285712,2370.25,0.0,51.489285714285714,71.0,27.0,,224.9167,10.8125,0.0599036270448103
Santa Clara,2002-03,1.075,69.08064516129032,4.163709677419355,3097.9,0.0,54.55483870967742,51.0,22.0,,272.9137,48.587,0.0599036270448103
Santa Clara,2002-04,0.3,72.38333333333333,4.4368333333333325,3194.2,0.0,60.52,57.0,21.0,,2903.3788,4.0,0.0599036270448103
Santa Clara,2002-05,0.435,67.25806451612902,4.51758064516129,3360.8,0.0,63.582258064516125,51.0,19.0,,1590.6295,97.0,0.0599036270448103
Santa Clara,2002-06,0.0,64.78333333333333,4.888333333333334,3519.8500000000004,0.0,69.58500000000001,45.0,21.0,,290.2634,18.3711,0.0
Santa Clara,2002-07,0.0,65.93548387096774,4.549193548387096,3384.6000000000004,0.0,73.17419354838711,38.5,18.0,,613.9729,135.5025,0.0
Santa Clara,2002-08,0.0,65.62791991101224,4.277102335928809,3084.8,0.0,72.86779755283648,66.0,22.5,,1303.2246,63.275,0.0599036270448103
Santa Clara,2002-09,0.055,61.06851851851851,4.013481481481481,2754.25,0.0,70.16944444444445,31.5,20.0,,428.7384,0.0,0.0
Santa Clara,2002-10,0.0,66.03225806451613,3.4067741935483875,2534.6,0.0,64.97096774193548,56.0,25.0,,70.8273,6.5674,0.0599036270448103
Santa Clara,2002-11,0.01,71.52857142857142,3.1319761904761902,1941.65,0.0,58.744523809523805,69.0,40.0,,93.4978,8.0,0.0599036270448103
Santa Clara,2002-12,12.23,82.80645161290323,3.133870967741936,2331.6,0.0,52.567741935483866,56.0,19.5,,101.5353,83.3,0.0
Santa Clara,2003-01,1.24,81.90322580645162,3.291612903225807,2449.3,0.0,53.12580645161291,78.0,30.0,,84.3425,126.9088,0.0601108925746216
Santa Clara,2003-02,2.1,69.64285714285714,3.8467857142857143,2585.1,0.0,51.896428571428565,56.0,16.0,,190.0633,24.6875,0.0601108925746216
Santa Clara,2003-03,2.02,70.48387096774194,4.400322580645161,3274.5,0.0,55.190322580645166,43.0,16.5,,333.8801,286.1496,0.0
Santa Clara,2003-04,3.39,72.9,4.061,2923.6,0.0,58.17333333333333,40.0,11.0,,853.5003,137.4869,0.0
Santa Clara,2003-05,1.32,63.29032258064516,4.480322580645161,3333.2,0.0,63.354838709677416,52.5,23.0,,1245.0306,160.4329,0.0601108925746216
Santa Clara,2003-06,0.0,58.8,4.9350000000000005,3553.6,0.0,68.81333333333333,49.5,18.0,,1023.1674,92.5662,0.0
Santa Clara,2003-07,0.0,51.793103448275865,4.981612903225806,3706.0,0.0,71.73870967741935,60.5,25.0,,1213.6159,123.3134,0.0601108925746216
Santa Clara,2003-08,0.0,60.935483870967744,4.683548387096774,3484.0,0.0,69.88709677419355,41.0,19.0,,1815.0698,16.0,0.0
Santa Clara,2003-09,0.0,57.233333333333334,4.291333333333333,3089.5,0.0,71.26333333333334,61.0,30.0,,2723.252,25.8118,0.0
Santa Clara,2003-10,0.0,54.45161290322581,4.280645161290322,3184.7,0.0,66.84193548387097,55.0,27.0,,1339.2171,400.605,0.0
Santa Clara,2003-11,0.8300000000000001,73.63333333333334,3.272,2355.7,0.0,58.42333333333333,64.0,31.0,,619.1508,0.0,0.0601108925746216
Santa Clara,2003-12,4.74,81.29032258064517,3.2419354838709675,2411.6,0.0,53.44516129032258,54.5,15.5,,176.4424,52.0,0.0601108925746216
Santa Clara,2004-01,2.35,80.19354838709677,3.3464516129032256,2490.0,0.0,50.306451612903224,71.0,24.0,,114.409,21.8632,0.0601262531062725
Santa Clara,2004-02,4.34,76.72413793103448,3.603448275862069,2507.5,0.0,51.172413793103445,47.0,11.5,,131.691,146.3411,0.1202525062125451
Santa Clara,2004-03,0.35,64.70967741935483,3.9461290322580647,2934.9,0.0,56.36129032258064,55.0,26.0,,740.6394,96.1014,0.0
Santa Clara,2004-04,0.01,58.233333333333334,4.229333333333333,3045.5,0.0,61.873333333333335,42.5,31.0,,2335.5009,212.9349,0.0
Santa Clara,2004-05,0.11,57.45161290322581,4.816774193548387,3582.8,0.0,67.93870967741935,46.0,18.0,,1931.5192,36.3996,0.0601262531062725
Santa Clara,2004-06,0.0,58.2,5.368666666666667,3864.7,0.0,64.88461538461539,44.0,19.0,,1871.9967,11.6938,0.0
Santa Clara,2004-07,0.0,62.41935483870968,5.500967741935484,4093.4,0.0,74.6258064516129,49.0,19.0,,3096.0743,199.2208,0.0
Santa Clara,2004-08,0.0,61.483870967741936,4.825806451612903,3589.7,0.0,73.14193548387097,37.0,15.0,,3186.4263,163.5215,0.0
Santa Clara,2004-09,0.0,50.833333333333336,4.233666666666667,3048.4,0.0,68.14333333333333,45.0,15.0,,2208.6585,76.0666,0.1202525062125451
Santa Clara,2004-10,2.82,69.12903225806451,3.8367741935483872,2854.1,0.0,63.690322580645166,53.0,22.0,,3418.7881,2.0479,0.1202525062125451
Santa Clara,2004-11,0.84,71.4,3.3726666666666665,2428.4,0.0,55.59666666666667,63.5,31.5,,1141.3695,113.9314,0.0601262531062725
Santa Clara,2004-12,2.88,76.25806451612904,3.129032258064516,2328.2,0.0,50.667741935483875,70.0,44.0,,143.5508,0.0,0.0
Santa Clara,2005-01,2.86,85.29032258064517,3.0403225806451615,2262.3,0.0,49.71612903225807,67.0,26.0,,140.8635,27.9039,0.0
Santa Clara,2005-02,5.11,78.78571428571429,3.1039285714285714,2086.4,0.0,51.839285714285715,56.5,6.0,,215.2803,324.3052,0.119380748183025
Santa Clara,2005-03,4.3100000000000005,75.61290322580645,3.356451612903226,2495.9,0.0,54.55483870967742,48.0,19.0,,2041.0347,166.0319,0.0
Santa Clara,2005-04,1.87,69.9,3.969,2858.0,0.0,56.57333333333334,34.0,15.0,,4273.731,803.3131,0.0
Santa Clara,2005-05,1.48,68.93548387096774,4.041935483870968,3007.0,0.0,64.12903225806451,36.0,13.0,,4625.1282,1324.8534,0.0
Santa Clara,2005-06,0.0,61.266666666666666,4.507000000000001,3245.1,0.0,69.76666666666667,42.0,11.0,,3236.2509,3578.2864,0.0
Santa Clara,2005-07,0.0,59.83870967741935,4.453870967741936,3314.1,0.0,75.56774193548387,58.5,20.0,,3145.0523,3709.1247,0.0596903740915125
Santa Clara,2005-08,0.0,57.38709677419355,4.39483870967742,3269.6,0.0,76.06451612903226,57.0,21.0,,4037.3042,4735.3019,0.0596903740915125
Santa Clara,2005-09,0.0,61.63333333333333,4.056,2920.8,0.0,71.12333333333332,52.0,22.0,,3163.6204,2863.7708,0.0596903740915125
Santa Clara,2005-10,0.0,62.61290322580645,4.034516129032258,3000.9,0.0,65.00645161290323,49.0,33.5,,3351.4542,1926.0047,0.0
Santa Clara,2005-11,0.62,64.83333333333333,3.5323333333333333,2543.3,0.0,58.416666666666664,56.5,26.0,,623.3058,241.6514,0.0596903740915125
Santa Clara,2005-12,8.4,78.86666666666666,3.395483870967742,2526.1,0.0,53.67741935483871,60.0,24.0,,96.8705,157.2758,0.0596903740915125
Santa Clara,2006-01,2.83,78.58064516129032,3.1912903225806453,2374.4,0.0,51.438709677419354,59.0,25.0,,243.1935,21.573,0.1773931368960576
Santa Clara,2006-02,1.54,69.28571428571429,3.7089285714285714,2492.5,0.0,52.167857142857144,59.0,26.0,,269.5092,38.3275,0.3547862737921153
Santa Clara,2006-03,5.3500000000000005,76.80645161290323,3.6803225806451616,2738.8,0.0,52.60645161290322,31.0,10.0,,779.5614,241.1413,0.1773931368960576
Santa Clara,2006-04,3.59,76.76666666666667,3.818,2748.5,0.0,57.57333333333334,26.0,10.0,,3157.9353,320.0194,0.0591310456320192
Santa Clara,2006-05,0.54,62.29032258064516,4.264193548387096,3172.2,0.0,66.94193548387096,57.0,31.0,,3228.6416,1475.7472,0.0591310456320192
Santa Clara,2006-06,0.0,59.5,4.571,3291.9,0.0,71.68333333333334,43.0,26.0,,5184.1217,4265.5968,0.1182620912640384
Santa Clara,2006-07,0.0,51.806451612903224,4.450645161290322,3310.9,0.0,74.89354838709677,53.0,28.0,,2971.4624,4221.6214,0.0
Santa Clara,2006-08,0.0,61.96774193548387,4.491935483870968,3342.0,0.0,72.83548387096775,55.0,24.0,0.0,3437.0586,2321.0459,0.0591310456320192
Santa Clara,2006-09,0.0,60.5,3.981666666666667,2866.8,0.0,69.00666666666666,60.0,53.0,3.0,3469.7611,2565.8834,0.1773931368960576
Santa Clara,2006-10,0.12,58.064516129032256,3.493225806451613,2599.6,0.0,62.670967741935485,55.0,27.0,526.4300000000001,4550.5723,862.2988,0.0591310456320192
Santa Clara,2006-11,0.94,74.03333333333333,3.564333333333334,2566.0,0.0,58.75,54.5,31.0,21.4,2800.6431,433.8788,0.2956552281600961
Santa Clara,2006-12,1.75,69.54838709677419,3.4629032258064516,2576.0,0.0,51.73548387096774,67.0,50.5,22.95,345.9686,143.7598,0.2365241825280769
Santa Clara,2007-01,0.72,63.774193548387096,3.547096774193548,2639.0,0.0,48.03225806451613,75.0,31.0,25.1,863.0103,156.5602,0.116820655761069
Santa Clara,2007-02,3.7,76.92857142857143,3.3642857142857143,2260.8,0.0,53.003571428571426,36.0,15.0,3.0,218.3046,143.802,0.1752309836416035
Santa Clara,2007-03,0.51,65.58064516129032,3.5529032258064515,2643.5,0.0,56.21290322580645,54.0,21.0,110.2,5500.4986,930.7136,0.1752309836416035
Santa Clara,2007-04,1.07,60.833333333333336,4.138,2979.0,0.0,59.64,40.5,19.0,180.9,5586.1714,720.2128,0.5841032788053453
Santa Clara,2007-05,0.08,56.96774193548387,4.599354838709678,3422.0,0.0,65.68709677419355,51.0,19.0,446.97,5463.8589,2070.1024,0.1752309836416035
Santa Clara,2007-06,0.0,52.86666666666667,4.991,3593.6,0.0,70.72333333333333,52.0,22.0,342.54,3699.8902,22490.0879,0.2336413115221381
Santa Clara,2007-07,0.0,60.903225806451616,3.544838709677419,2637.3,0.0,74.68064516129031,34.0,12.0,390.0,4549.3087,21240.9936,0.1752309836416035
Santa Clara,2007-08,0.0,56.516129032258064,4.8509677419354835,3609.5,0.0,76.00645161290322,46.0,19.0,1521.26,4061.3001,12977.2984,0.2920516394026726
Santa Clara,2007-09,0.45,58.53333333333333,3.744,2695.4,0.0,72.97333333333333,47.0,21.0,47836.9,3205.6543,2673.0575,0.0
Santa Clara,2007-10,0.7,63.12903225806452,3.798064516129033,2825.6,0.0,63.99354838709677,52.0,14.0,63.25,2281.4207,1419.6949,0.3504619672832071
Santa Clara,2007-11,0.8300000000000001,64.33333333333333,3.746666666666667,2697.4,0.0,58.36333333333334,62.5,24.5,245.95,14351.838,239.8506,0.4672826230442762
Santa Clara,2007-12,1.48,69.83870967741936,3.667741935483871,2730.0,0.0,50.10967741935484,55.0,15.0,5.5,219.1401,220.4345,0.2336413115221381
Santa Clara,2008-01,8.42,78.41935483870968,3.896774193548387,2899.5,1.0,48.26774193548387,54.0,18.5,0.0,350.0368,80.2215,0.1148788831934491
Santa Clara,2008-02,2.55,71.24137931034483,4.153448275862069,2890.8,0.0,50.14827586206896,56.0,23.5,5.87,350.2688,115.1548,0.2297577663868982
Santa Clara,2008-03,0.18,62.064516129032256,4.574516129032258,3403.0,0.0,54.87096774193548,45.0,13.5,23.81,1861.2388,664.0453,0.1148788831934491
Santa Clara,2008-04,0.0,54.5,2.812,2024.5,0.0,58.18666666666666,50.0,13.0,40.12,2019.6723,871.3032,0.0574394415967245
Santa Clara,2008-05,0.0,,,0.0,0.0,,56.0,19.0,4545.92,3653.1098,1734.5496,0.0
Santa Clara,2008-06,,,,,,,54.0,25.0,6651.77,3222.7237,17195.5595,0.2297577663868982
Santa Clara,2008-07,,,,,,,65.0,23.0,2041.7,2232.8653,24181.7262,0.0574394415967245
Santa Clara,2008-08,,,,,,,56.0,19.0,285.01,5160.2219,7669.8051,0.0
Santa Clara,2008-09,,,,,,,55.0,18.0,120.46,4836.4966,8549.7178,0.1723183247901737
Santa Clara,2008-10,,,,,,,58.0,26.0,45.82,2892.7842,1287.2274,0.0574394415967245
Santa Clara,2008-11,,,,,,,58.5,19.0,5.72,1068.5388,132.422,0.1723183247901737
Santa Clara,2008-12,,,,,,,63.0,18.0,1.5,176.4628,81.3252,0.0574394415967245
Santa Clara,2009-01,,,,,,,70.0,28.5,3.02,896.1357,78.4893,0.1133056527623635
Santa Clara,2009-02,,,,,,,32.5,9.0,0.0,575.5517,110.0921,0.1699584791435452
Santa Clara,2009-03,,,,,,,38.0,15.0,9.61,3192.9041,179.2606,0.0
Santa Clara,2009-04,,,,,,,42.0,19.0,54.35,2970.7009,784.3685,0.1699584791435452
Santa Clara,2009-05,,,,,,,41.0,13.0,1178.99,4886.6886,4211.6967,0.1133056527623635
Santa Clara,2009-06,,,,,,,34.0,20.0,417.35,4016.2157,13112.6402,0.0
Santa Clara,2009-07,,,,,,,46.0,14.0,261.95,1268.3411,15857.9224,0.0
Santa Clara,2009-08,,,,,,,53.0,18.0,9694.87,1503.0242,1269.6777,0.0
Santa Clara,2009-09,0.0,61.142857142857146,5.2942857142857145,3557.7,0.0,65.77142857142857,51.5,21.0,154.58,3124.559,2624.4542,0.1699584791435452
Santa Clara,2009-10,4.73,67.93103448275862,4.961612903225807,3690.7,1.0,58.63870967741936,49.0,15.0,586.97,1318.7149,250.7335,0.0566528263811817
Santa Clara,2009-11,0.15,69.53333333333333,4.440666666666667,3197.0,1.0,51.623333333333335,58.0,18.0,7.0600000000000005,844.5686,41.2599,0.0
Santa Clara,2009-12,2.93,83.55172413793103,3.8175862068965514,2657.5,0.0,47.55172413793103,66.0,14.0,1.1,378.1325,44.4951,0.1133056527623635
Santa Clara,2010-01,4.84,87.07142857142857,4.3925,2951.3,0.0,49.54642857142857,58.0,17.0,0.35,413.7057,52.5407,0.1679189690223085
Santa Clara,2010-02,2.87,85.03571428571429,3.8510714285714287,2587.7999999999997,0.0,51.78928571428571,47.0,17.0,0.1,926.6782,217.0253,0.1119459793482057
Santa Clara,2010-03,1.7999999999999998,70.80645161290323,4.733225806451613,3520.3,0.0,53.458064516129035,42.0,17.0,24.4,3473.5854,223.5239,0.1119459793482057
Santa Clara,2010-04,3.61,72.36666666666666,5.371,3867.4,0.0,56.086666666666666,41.0,16.0,0.6,5412.3522,307.3688,0.0559729896741028
Santa Clara,2010-05,0.48,64.58064516129032,6.428387096774194,4782.1,3.0,60.40967741935484,40.0,16.0,158.88,3581.4041,1312.6382,0.0
Santa Clara,2010-06,0.02,65.53333333333333,6.626666666666667,4771.1,3.0,66.22,50.0,12.0,3717.08,5736.6661,2836.6505,0.0559729896741028
Santa Clara,2010-07,0.0,74.19354838709677,5.184838709677419,3857.0,0.0,67.91612903225807,53.0,14.0,712.7099999999999,5351.7579,4586.5691,0.0
Santa Clara,2010-08,0.02,73.51612903225806,5.252258064516129,3907.6,0.0,67.26774193548388,50.0,14.0,357.81,6617.2706,8597.4701,0.1679189690223085
Santa Clara,2010-09,0.01,63.7,4.601,3312.7,0.0,65.86666666666666,55.0,19.0,251.05,5200.4996,4100.2309,0.2238919586964114
Santa Clara,2010-10,1.01,70.51612903225806,4.13,3073.0,0.0,62.5,51.0,22.0,115.32,675.95,281.2597,0.1679189690223085
Santa Clara,2010-11,1.93,73.36666666666666,4.032333333333333,2903.6,0.0,54.76,54.0,16.0,15.96,1110.347,219.8766,0.3358379380446171
Santa Clara,2010-12,4.24,85.56666666666666,4.016,2891.7,0.0,52.236666666666665,52.0,13.0,1.14,393.6608,20.8751,0.2238919586964114
Santa Clara,2011-01,1.36,78.06451612903226,4.209677419354839,3132.1,0.0,49.32258064516129,66.0,23.0,1.11,237.36,140.1123,0.1653102956905259
Santa Clara,2011-02,4.04,69.03571428571429,4.6621428571428565,3133.9,0.0,49.153571428571425,53.5,12.0,4.41,600.6849,283.978,0.0551034318968419
Santa Clara,2011-03,4.54,76.25806451612904,5.653548387096774,4206.4,2.0,53.193548387096776,48.0,11.0,0.0,2871.4738,189.4055,0.0551034318968419
Santa Clara,2011-04,0.28,65.9,6.566666666666666,4727.4,3.0,57.75666666666667,53.0,13.5,7.88,3103.1312,1499.0999,0.2204137275873678
Santa Clara,2011-05,0.6900000000000001,64.09677419354838,6.098064516129032,4536.3,0.0,61.09032258064516,54.0,15.5,229.29,3625.8015,2372.4104,0.0551034318968419
Santa Clara,2011-06,0.63,69.3,6.093,4386.9,0.0,65.5,57.5,19.0,931.39,5027.328,2415.9505,0.0551034318968419
Santa Clara,2011-07,0.02,68.03225806451613,5.603225806451612,4168.4,0.0,69.3483870967742,54.0,16.5,1827.44,2909.4444,11965.9163,0.1653102956905259
Santa Clara,2011-08,0.0,74.48387096774194,5.018709677419355,3732.9,0.0,68.80967741935484,55.0,15.0,363.67,3330.9438,11312.5401,0.1653102956905259
Santa Clara,2011-09,0.0,66.96666666666667,4.342,3127.0,0.0,68.17666666666666,61.0,19.0,1285.65,2468.6405,1942.1561,0.1653102956905259
Santa Clara,2011-10,0.36,69.19354838709677,3.5925806451612905,2672.6,0.0,64.64516129032258,61.0,21.5,34.88,2473.2569,720.0522,0.1102068637936839
Santa Clara,2011-11,1.14,76.9,3.5876666666666663,2582.8,0.0,55.56333333333334,54.5,13.5,15.82,1073.9443,108.7777,0.1102068637936839
Santa Clara,2011-12,0.03,63.58064516129032,3.17258064516129,2359.6,1.0,47.65161290322581,70.0,27.5,69.8,399.0901,46.2094,0.2755171594842098
Santa Clara,2012-01,3.33,67.90322580645162,3.724516129032258,2771.4,0.0,47.829032258064515,62.0,20.0,12.13,271.3918,48.2877,0.3255923746265862
Santa Clara,2012-02,0.85,67.34482758620689,4.230689655172414,2945.0,1.0,50.77241379310345,51.0,18.0,6.109999999999999,200.1586,78.0779,0.2170615830843908
Santa Clara,2012-03,2.63,70.35483870967742,4.026129032258065,2995.2,0.0,52.538709677419355,40.0,9.0,10.08,1711.312,1195.3759,0.1627961873132931
Santa Clara,2012-04,1.92,66.66666666666667,5.044666666666667,3631.9,0.0,57.35666666666667,39.5,18.5,15.18,3057.8375,580.131,0.0
Santa Clara,2012-05,0.01,61.064516129032256,5.448387096774193,4053.3,1.0,61.26774193548387,54.0,18.0,918.53,2540.0899,3052.3354,0.1085307915421954
Santa Clara,2012-06,0.31,58.4,6.5443333333333324,4712.3,1.0,63.766666666666666,37.0,13.5,175.74,4512.6203,2421.4218,0.0542653957710977
Santa Clara,2012-07,0.0,67.64516129032258,6.059354838709678,4508.2,0.0,66.9,52.0,13.0,123.95,5342.4605,2926.9106,0.1627961873132931
Santa Clara,2012-08,0.0,64.35483870967742,6.06741935483871,4513.5,0.0,67.9,54.0,15.0,176.74,6785.2796,13250.0866,0.1085307915421954
Santa Clara,2012-09,0.01,66.56666666666666,4.946666666666667,3561.8,0.0,66.38000000000001,56.0,19.5,54.22,4502.6032,3021.1716,0.1085307915421954
Santa Clara,2012-10,0.37,68.35483870967742,4.4551612903225815,3314.4,0.0,63.70322580645161,47.0,14.0,35.14,2710.7972,1224.0287,0.0
Santa Clara,2012-11,0.38,74.4,4.098333333333334,2950.4,0.0,57.809999999999995,54.0,17.5,7.95,1288.1777,110.9382,0.0542653957710977
Santa Clara,2012-12,5.26,85.3,4.021935483870968,2992.2,0.0,52.693548387096776,54.0,9.0,2.5,336.4155,106.7613,0.1085307915421954
Santa Clara,2013-01,0.58,73.90322580645162,3.881612903225806,2888.0,0.0,46.39032258064516,70.0,26.0,2.7,251.0455,30.4368,0.1067496182366777
Santa Clara,2013-02,0.38,69.96428571428571,4.393571428571429,2952.7,0.0,48.19642857142857,54.5,17.0,3.1,736.7291,93.5424,0.0533748091183388
Santa Clara,2013-03,0.49,66.83870967741936,5.072258064516129,3773.9,1.0,53.91290322580645,53.0,18.0,8.65,3041.6809,165.0871,0.0533748091183388
Santa Clara,2013-04,0.23,59.2,6.3886666666666665,4600.2,2.0,58.7,52.5,17.5,25.74,1572.1566,1166.6704,0.1067496182366777
Santa Clara,2013-05,0.0,56.354838709677416,6.956451612903226,5175.4,1.0,62.04516129032258,52.0,15.0,1313.33,3984.7401,4953.0928,0.0533748091183388
Santa Clara,2013-06,0.07,60.9,6.537,4706.4,2.0,64.95,42.5,13.0,674.23,3970.2489,4205.956,0.0533748091183388
Santa Clara,2013-07,0.01,71.06451612903226,6.112580645161291,4547.7,0.0,67.24516129032257,53.0,15.0,483.44,4621.7776,3713.3242,0.1601244273550166
Santa Clara,2013-08,0.0,68.58064516129032,5.8429032258064515,4347.0,0.0,67.49032258064516,44.0,12.0,264.51,6910.6316,5307.7156,0.1067496182366777
Santa Clara,2013-09,0.05,61.6,6.308333333333334,4542.2,0.0,66.31666666666666,36.5,11.0,15.41,3877.6054,7959.912,0.0533748091183388
Santa Clara,2013-10,0.13,58.41935483870968,4.079354838709678,3034.8,0.0,60.63548387096775,58.0,25.0,213.01,2087.336,1055.0068,0.0
Santa Clara,2013-11,0.52,64.93333333333334,3.8546666666666662,2775.5,0.0,56.39666666666667,63.5,26.0,111.81,1226.6318,244.9608,0.0533748091183388
Santa Clara,2013-12,0.43,60.56666666666667,3.903870967741935,2905.4,0.0,48.696774193548386,86.0,37.5,20.1,210.9135,231.8425,0.1067496182366777
Santa Clara,2014-01,0.06,55.96774193548387,4.136774193548387,3077.1,0.0,48.9741935483871,73.0,31.0,19.57,360.3469,173.7097,0.1052031367367249
Santa Clara,2014-02,3.75,77.28571428571429,4.9471428571428575,3324.3,0.0,53.292857142857144,40.0,11.5,42.5,774.6729,269.9213,0.0
Santa Clara,2014-03,1.6,67.35483870967742,4.854516129032258,3612.0,1.0,57.400000000000006,32.0,17.0,118.35,3438.0497,194.4015,0.0526015683683624
Santa Clara,2014-04,1.34,66.6,5.284666666666666,3804.3,1.0,59.75666666666667,38.5,16.5,10.3,3870.8352,2523.4772,0.0526015683683624
Santa Clara,2014-05,0.01,54.29032258064516,6.9958064516129035,5205.1,3.0,63.306451612903224,41.0,17.0,138.77,5702.317,3486.3812,0.0
Santa Clara,2014-06,0.0,63.56666666666667,6.254333333333333,4502.6,0.0,67.17,43.5,19.0,936.91,5951.8553,6301.3333,0.0
Santa Clara,2014-07,0.0,67.09677419354838,5.057741935483871,3762.6,0.0,71.2,42.0,15.0,2086.62,9983.6743,6913.0583,0.0526015683683624
Santa Clara,2014-08,0.0,71.25806451612904,4.900322580645161,3645.5,0.0,71.49032258064516,37.0,14.0,151.68,8016.9751,33838.1825,0.0
Santa Clara,2014-09,0.11,70.96666666666667,4.141666666666667,2982.4,0.0,69.21333333333334,50.0,19.5,34.38,5469.6067,2474.3812,0.1052031367367249
Santa Clara,2014-10,0.64,59.38709677419355,4.180322580645162,3110.0,0.0,65.44193548387096,43.0,19.0,41.09,3483.2645,1145.1475,0.0526015683683624
Santa Clara,2014-11,1.15,72.5,3.675,2646.1,0.0,59.82666666666667,53.0,18.0,2.21,763.3121,190.5724,0.0
Santa Clara,2014-12,7.0200000000000005,82.45161290322581,4.273548387096774,3179.1,1.0,56.75483870967742,38.0,13.5,0.01,275.25,89.9281,0.2104062734734498
Santa Clara,2015-01,0.0,71.7741935483871,3.6548387096774193,2719.1,0.0,51.54516129032258,68.0,28.5,1.2100000000000002,531.8498,132.3501,0.0
Santa Clara,2015-02,2.19,72.25,4.3967857142857145,2954.1,0.0,55.167857142857144,54.0,19.0,1.63,1786.1539,335.3871,0.1556147352630252
Santa Clara,2015-03,0.16,61.38709677419355,4.936774193548387,3673.3,0.0,57.39032258064516,46.0,16.0,9.39,4644.7422,521.5073,0.0518715784210084
Santa Clara,2015-04,0.75,59.0,6.0713333333333335,4371.3,0.0,58.50333333333333,41.5,16.0,96.48,5041.1748,1632.806,0.0
Santa Clara,2015-05,0.47,69.38709677419355,6.112903225806452,4547.9,0.0,62.641935483870974,38.0,13.0,1231.13,8297.8068,2558.4555,0.0518715784210084
Santa Clara,2015-06,0.01,65.2,5.883666666666667,4236.5,0.0,68.17,51.5,20.0,342.76,5787.6164,5339.3188,0.0
Santa Clara,2015-07,0.1,68.19354838709677,5.2541935483870965,3908.5,0.0,70.24838709677418,35.0,13.0,3321.36,7148.4588,20267.6263,0.259357892105042
Santa Clara,2015-08,0.07,66.55172413793103,5.061935483870967,3765.5,0.0,70.48709677419355,52.0,20.0,5793.39,5609.0199,4865.616,0.0
Santa Clara,2015-09,0.16,54.72413793103448,5.161,3715.8,0.0,67.91,51.0,22.0,150.07999999999998,6276.2202,1899.3987,0.1037431568420168
Santa Clara,2015-10,0.23,62.32258064516129,5.0525806451612905,3758.6,1.0,68.06842105263158,48.0,21.5,731.51,4673.6616,2091.3851,0.1556147352630252
Santa Clara,2015-11,2.27,72.0,4.313666666666666,3105.6,1.0,57.56333333333334,53.0,17.0,3.76,1205.3701,617.4239,0.0
Santa Clara,2015-12,1.76,81.70967741935483,4.091612903225807,3043.8,0.0,51.71935483870968,51.0,19.0,1.46,381.7198,191.7961,0.1037431568420168
Santa Clara,2016-01,3.61,84.6774193548387,3.957096774193548,2943.9,0.0,52.96451612903226,40.0,13.0,2.31,245.0853,125.0857,0.1029571348264863
Santa Clara,2016-02,1.11,72.06896551724138,4.610689655172414,3209.4,0.0,55.217241379310344,53.0,15.0,6.82,1304.6671,902.0349,0.1029571348264863
Santa Clara,2016-03,4.86,76.58064516129032,5.0287096774193545,3741.2,0.0,58.76129032258064,38.0,13.0,0.38,6236.4984,2497.8557,0.1029571348264863
Santa Clara,2016-04,1.04,67.41379310344827,5.653666666666667,4070.8,2.0,61.96,43.5,13.0,86.68,6991.4612,3902.4897,0.0514785674132431
Santa Clara,2016-05,0.35,71.35483870967742,5.651612903225806,4205.0,0.0,64.56129032258065,48.0,17.0,181.16,6645.449,7997.8595,0.1029571348264863
Santa Clara,2016-06,0.0,56.4,6.338333333333334,4564.0,0.0,69.16333333333334,48.0,18.5,1686.1,7136.2306,7068.4603,0.1544357022397295
Santa Clara,2016-07,0.0,65.16129032258064,6.535161290322581,4862.2,1.0,68.6516129032258,49.0,13.0,583.22,7030.3475,23360.8561,0.0514785674132431
Santa Clara,2016-08,0.0,74.3225806451613,5.328709677419355,3964.7,0.0,68.51935483870967,52.0,16.5,387.11,8241.2472,6665.2254,0.2059142696529727
Santa Clara,2016-09,0.39,62.36666666666667,4.452666666666667,3206.6,0.0,67.36333333333333,55.0,20.0,4722.400000000001,10428.2652,2948.9598,0.3603499718927022
Santa Clara,2016-10,2.73,69.63333333333334,4.288387096774193,3045.2,0.0,63.038709677419355,40.0,16.5,66.04,6690.7253,1845.4418,0.2573928370662158
Santa Clara,2016-11,0.39,80.23333333333333,3.8943333333333334,2804.5,0.0,59.32,48.0,23.0,1.73,411.1832,302.4129,0.2059142696529727
Santa Clara,2016-12,1.84,78.7741935483871,4.055806451612903,3018.0,0.0,51.63870967741936,56.0,11.5,3.45,311.762,134.9712,0.308871404479459
Santa Clara,2017-01,0.93,84.29032258064517,4.413548387096774,3284.0,0.0,50.13225806451613,39.0,12.0,0.02,219.605,497.583,0.0513092056924485
Santa Clara,2017-02,0.12,80.25,5.1775,3479.0,0.0,54.21785714285714,26.5,7.0,1.02,622.4248,186.8722,0.102618411384897
Santa Clara,2017-03,0.18,70.70967741935483,5.418709677419354,4031.7,2.0,56.71290322580645,42.0,15.0,0.22,2455.7052,1111.2427,0.102618411384897
Santa Clara,2017-04,0.55,66.0,6.167333333333334,4441.0,3.0,59.59,36.5,11.0,9.08,2555.7927,1035.0969,0.102618411384897
Santa Clara,2017-05,0.03,63.44827586206897,6.541612903225806,4867.9,1.0,63.88387096774194,42.0,16.0,2398.5,4376.1798,3823.9635,0.0513092056924485
Santa Clara,2017-06,0.02,63.7037037037037,6.328333333333333,4556.6,0.0,68.35666666666665,47.5,16.0,379.71,4372.6136,6345.545,0.2565460284622425
Santa Clara,2017-07,0.0,64.42857142857143,5.79741935483871,4313.3,0.0,70.39354838709677,54.0,18.0,563.95,5328.7019,2443.5187,0.205236822769794
Santa Clara,2017-08,0.0,69.51724137931035,4.893548387096774,3640.8,0.0,71.11935483870967,58.0,19.0,551.75,7532.1281,3978.2595,0.1539276170773455
Santa Clara,2017-09,0.0,61.76,4.536333333333333,3266.9,0.0,69.30333333333333,54.5,21.0,187.52,6798.7493,1214.5539,0.205236822769794
Santa Clara,2017-10,0.2299999999999999,52.354838709677416,4.493225806451613,3343.6,0.0,61.20967741935484,55.0,23.0,419.05,3890.9753,1320.192,0.1539276170773455
Santa Clara,2017-11,1.08,75.13793103448276,3.853666666666667,2775.7,0.0,58.29666666666667,45.0,13.5,107.47,594.7882,125.7209,0.307855234154691
Santa Clara,2017-12,0.0,60.67741935483871,4.263870967741935,3172.2,1.0,48.90967741935484,73.0,36.0,7.02,108.1536,365.3837,0.3591644398471396
Santa Clara,2018-01,2.87,84.0,4.00741935483871,2981.6,0.0,53.20322580645161,57.0,16.5,1.08,413.0637,72.7948,0.5125560864497598
Santa Clara,2018-02,0.0,57.107142857142854,4.871785714285714,3273.7,0.0,50.425,49.0,18.0,5.91,715.4786,334.8066,0.4613004778047838
Santa Clara,2018-03,2.6,73.6774193548387,4.396129032258065,3271.2,0.0,53.880645161290325,33.0,11.5,2.6799999999999997,3341.7584,1080.2519,0.2562780432248799
Santa Clara,2018-04,1.02,69.1,4.994666666666666,3595.8,0.0,60.1,50.5,19.0,12.21,4281.2801,2746.4227,0.1537668259349279
Santa Clara,2018-05,0.01,69.0,6.102258064516128,4539.6,1.0,63.274193548387096,43.0,13.0,2268.81,8299.7562,5018.9172,0.2050224345799039
Santa Clara,2018-06,0.4,62.86666666666667,6.574333333333333,4733.8,1.0,66.74333333333333,52.5,19.5,7234.549999999999,5807.3595,5049.4807,0.4100448691598078
Santa Clara,2018-07,0.0,65.27586206896552,5.925161290322581,4408.1,0.0,69.61935483870967,50.0,16.0,1707.2,6744.9731,3335.7763,0.2050224345799039
Santa Clara,2018-08,0.0,67.8,5.0525806451612905,3758.8,0.0,68.64516129032258,63.0,19.5,138.01,7075.1893,8917.9721,0.2050224345799039
Santa Clara,2018-09,0.0,68.83333333333333,4.593,3307.4,0.0,65.53666666666666,57.5,20.5,39.54,8055.8366,3581.2251,0.6150673037397117
Santa Clara,2018-10,0.07,63.935483870967744,4.775806451612904,3552.7,0.0,62.36774193548387,50.0,19.5,30.21,4174.4196,1385.6642,0.3587892605148318
Santa Clara,2018-11,1.35,60.9,3.8516666666666666,2773.2,0.0,54.766666666666666,62.5,18.0,37.28,446.5983,662.0522,0.2562780432248799
Santa Clara,2018-12,0.69,84.45161290322581,4.202903225806451,3127.1,0.0,52.248387096774195,56.0,13.0,0.0,263.7468,234.3318,0.3075336518698559
Santa Clara,2019-01,4.9399999999999995,84.83870967741936,4.203548387096775,3127.4,0.0,52.10967741935484,50.0,14.5,0.02,348.0558,416.9135,0.2057892635625414
Santa Clara,2019-02,7.05,82.03571428571429,5.423214285714286,3644.6,0.0,50.93928571428571,31.5,8.0,0.21,1012.1957,497.8091,0.3601312112344474
Santa Clara,2019-03,2.96,78.87096774193549,4.508709677419355,3354.3,0.0,56.36129032258064,42.0,10.0,0.01,2148.7521,433.8988,0.2572365794531767
Santa Clara,2019-04,0.06,75.82758620689656,5.679333333333333,4088.0,1.0,61.36,50.5,15.5,15.68,6651.5643,5193.0008,0.6173677906876243
Santa Clara,2019-05,1.78,80.51612903225806,5.330322580645162,3965.0,0.0,62.49677419354839,41.0,10.0,233.97,9856.1757,5864.819,0.3601312112344474
Santa Clara,2019-06,0.0,72.03448275862068,6.059333333333333,4362.5,0.0,67.52333333333334,48.5,16.5,3823.27,4814.3998,4923.5747,0.3086838953438121
Santa Clara,2019-07,0.0,72.43333333333334,6.249032258064516,4648.9,0.0,71.0758620689655,52.0,14.5,762.4,6484.4644,6724.6511,0.4115785271250828
Santa Clara,2019-08,0.0,69.62068965517241,5.123548387096775,3811.3,0.0,72.675,52.0,15.0,145.43,8943.7729,6608.3479,0.2057892635625414
Santa Clara,2019-09,0.0,59.233333333333334,5.195666666666667,3740.8,0.0,69.33999999999999,38.0,13.5,742.51,9949.5895,5797.2154,0.4115785271250828
Santa Clara,2019-10,0.0,47.72413793103448,4.405161290322581,3277.9,0.0,60.15806451612904,53.0,26.0,245.98,5486.722,4954.9649,0.2057892635625414
Santa Clara,2019-11,0.0,60.78947368421053,3.891578947368421,1774.6,0.0,57.470370370370375,70.0,34.0,18.26,519.0506,800.2116,0.3601312112344474
Santa Clara,2019-12,0.0,78.0,4.0600000000000005,194.9,0.0,59.5,48.0,9.5,1.05,158.9733,184.0049,0.3086838953438121
Santa Clara,2020-01,0.5,86.35483870967742,3.832258064516129,2851.3,0.0,54.705,52.0,17.0,0.0,295.537,619.0233,0.3098768601004104
Santa Clara,2020-02,0.0,63.13793103448276,4.727931034482759,3290.0,2.0,52.92142857142857,52.0,23.0,0.0,951.9534,1957.1161,0.1549384300502052
Santa Clara,2020-03,2.2100000000000004,77.87096774193549,4.293225806451613,3194.1,0.0,57.86896551724138,32.0,12.0,0.0,4659.3414,2052.4157,0.1549384300502052
Santa Clara,2020-04,1.4300000000000002,71.06666666666666,5.5793333333333335,4017.3,1.0,62.82222222222222,33.0,9.0,0.0,4831.576,3875.7202,0.2065845734002736
Santa Clara,2020-05,0.27,62.57142857142857,5.453870967741936,4058.1,0.0,67.9,37.0,14.0,5.01,4127.7649,5366.4481,0.258230716750342
Santa Clara,2020-06,0.0,60.96551724137931,6.587666666666666,4743.9,1.0,71.65714285714286,32.0,12.5,0.0,3972.5578,2969.8629,0.4131691468005472
Santa Clara,2020-07,0.0,70.06451612903226,6.122580645161291,4554.9,0.0,73.57741935483871,47.0,15.5,791.0,7298.4688,3169.0821,0.258230716750342
Santa Clara,2020-08,0.02,72.25,5.083548387096775,3782.2,0.0,74.54666666666667,55.0,26.0,0.1,6212.86,2937.9827,0.1032922867001368
Santa Clara,2020-09,0.0,65.10714285714286,5.053333333333333,3639.0,0.0,72.25714285714285,66.0,41.5,0.0,3701.6557,2092.6328,0.0516461433500684
Santa Clara,2020-10,0.0,50.74193548387097,3.7735483870967745,2807.6,0.0,68.05806451612904,58.0,31.0,0.0,3549.4725,3173.224,0.258230716750342
Santa Clara,2020-11,0.4,60.8,3.897,2805.5,0.0,57.21785714285714,58.0,20.5,0.0,109.893,698.9672,0.0
Santa Clara,2020-12,1.3,69.70967741935483,3.3606451612903228,2500.7,0.0,53.107692307692304,60.0,21.5,0.0,244.3757,287.6726,0.1032922867001368
Santa Clara,2021-01,4.48,72.7741935483871,3.438709677419354,2558.8,0.0,53.638888888888886,58.0,21.0,237.51,196.373,306.5664,0.2092599626052446
Santa Clara,2021-02,0.25,64.75,3.9992857142857146,2687.4,0.0,56.05555555555556,51.0,14.5,1.46,1029.6381,528.8611,0.0523149906513111
Santa Clara,2021-03,1.36,62.92307692307692,3.7641935483870967,2801.1,0.0,57.720689655172414,49.0,15.5,5.66,2832.7078,1284.0263,0.1046299813026223
Santa Clara,2021-04,0.1,60.86666666666667,5.352,3852.8,0.0,64.4793103448276,55.0,18.5,148.69,3175.8147,1623.6439,0.0
Santa Clara,2021-05,0.0,59.7,6.72516129032258,5003.2,1.0,67.65555555555555,53.0,19.0,720.6999999999999,4113.6946,4397.6412,0.0523149906513111
Santa Clara,2021-06,0.0,61.44827586206897,6.489,4672.2,1.0,73.13846153846154,37.5,10.5,260.75,3188.9221,5656.1306,0.1569449719539335
Santa Clara,2021-07,0.0,69.12903225806451,5.150645161290322,3831.5,0.0,76.988,52.0,15.5,252.42,4765.6397,2358.3186,0.3662049345591782
Santa Clara,2021-08,0.01,74.45161290322581,4.039354838709677,3005.0,0.0,77.5,56.0,16.5,26.99,5761.4342,4439.8903,0.6800948784670452
Santa Clara,2021-09,0.0,65.36666666666666,4.036666666666666,2906.4,0.0,75.11333333333333,58.5,20.5,63.169999999999995,6541.7445,5997.0926,0.1569449719539335
Santa Clara,2021-10,2.95,64.0,3.674516129032258,2734.1,0.0,69.84583333333333,47.0,19.0,10.97,5036.7916,3783.6496,0.4185199252104893
Santa Clara,2021-11,0.57,73.4,4.104,2954.9,0.0,61.84761904761905,58.0,23.0,1.03,516.8256,814.8385,0.7324098691183564
Santa Clara,2021-12,6.5200000000000005,85.7741935483871,3.693548387096774,2747.4,0.0,56.05,49.0,8.0,0.0,87.9165,238.0347,0.4708349158618005
Santa Clara,2022-01,0.03,74.96774193548387,3.228709677419355,2402.5,0.0,53.596296296296295,65.0,23.0,2.0,351.0632,403.8765,0.4229322314538929
Santa Clara,2022-02,0.0,51.5,4.474545454545455,2362.4,0.0,51.98636363636364,57.5,30.5,5.0,1028.1292,671.845,0.3700657025221563
Santa Clara,2022-03,1.14,57.3,5.294666666666667,3812.2,1.0,58.55862068965517,38.0,15.5,16.0,2740.252,1318.5938,0.1585995867952098
Santa Clara,2022-04,1.31,57.06896551724138,6.266333333333334,4511.9,1.0,63.74074074074074,46.0,17.0,579.0,5100.2366,4240.7446,0.4229322314538929
Santa Clara,2022-05,0.0,51.166666666666664,7.07774193548387,5265.4,3.0,68.90333333333334,42.0,14.0,1429.0,4419.0619,4895.0821,0.3700657025221563
Santa Clara,2022-06,0.0,47.666666666666664,6.538,4707.3,2.0,76.91034482758621,47.0,17.0,1887.0,7023.9431,4680.3185,0.5815318182491028
Santa Clara,2022-07,0.0,65.25806451612904,4.796774193548386,3569.0,0.0,79.99130434782609,36.0,9.0,539.0,10811.1409,5342.5288,0.4229322314538929
Santa Clara,2022-08,0.02,68.29032258064517,4.879032258064516,3630.5,0.0,80.64666666666668,39.0,14.0,215.0,8336.9485,5121.414,0.2114661157269464
Santa Clara,2022-09,0.26,57.266666666666666,4.647333333333333,3345.5,0.0,77.10000000000001,52.0,18.0,335.0,6173.6105,3746.794,0.6343983471808395
Santa Clara,2022-10,0.0,66.09677419354838,4.152258064516129,3089.3,0.0,70.5,54.0,19.0,45957.0,5147.0412,4009.4027,0.1057330578634732
Santa Clara,2022-11,2.15,65.86666666666666,3.682333333333333,2650.5,0.0,57.78846153846154,54.0,19.5,14.0,476.6109,403.559,0.4229322314538929
Santa Clara,2022-12,8.96,86.53333333333333,3.533548387096774,2629.2,0.0,60.45,53.0,18.0,0.0,164.0095,247.6335,0.3171991735904197
Santa Clara,2023-01,6.57,75.96774193548387,4.7454838709677425,3530.2,0.0,53.53684210526316,36.0,,0.0,158.2323,313.1735,0.5243992482212377
Santa Clara,2023-02,3.56,70.57142857142857,4.485714285714286,3013.7,1.0,52.1625,43.0,,7.0,775.2675,269.2394,0.3670794737548664
Santa Clara,2023-03,6.74,78.45161290322581,5.078709677419355,3778.3,0.0,56.88666666666666,31.0,,3.0,1503.0524,341.4278,0.3670794737548664
Santa Clara,2023-04,0.1,63.03333333333333,5.6080000000000005,4038.5,1.0,64.32413793103447,34.0,,9.0,2881.0194,853.5883,0.1573197744663713
Santa Clara,2023-05,0.73,72.12903225806451,5.781935483870968,4302.0,0.0,68.96296296296296,31.0,,113.0,3974.1527,3216.0012,0.4719593233991139
Santa Clara,2023-06,0.08,72.6,6.161666666666666,4436.0,0.0,71.59666666666666,30.0,,358.0,8009.896,5085.078,0.6817190226876091
Santa Clara,2023-07,0.0,64.80645161290323,4.9554838709677425,3686.9,0.0,79.56,52.0,,1221.0,9113.1612,6117.079,0.1048798496442475
Santa Clara,2023-08,0.0,74.95454545454545,4.5200000000000005,3362.5,0.0,82.44,40.0,,414.0,8177.4062,5811.3432,0.3670794737548664
Santa Clara,2023-09,0.0,79.36666666666666,4.424333333333333,3185.4,0.0,77.01111111111112,42.0,,196.0,10176.9286,3496.6316,0.4195193985769901
Santa Clara,2023-10,0.01,64.4,4.23258064516129,3149.4,0.0,71.34193548387097,45.0,,92.0,4642.6515,2867.2064,0.3146395489327426
Santa Clara,2023-11,1.37,65.83333333333333,3.834333333333334,2761.2,0.0,60.96,52.0,,45.0,463.9034,266.394,0.7341589475097329
Santa Clara,2023-12,0.0,82.12903225806451,3.510967741935484,2612.0,0.0,57.79375,57.0,,14.0,599.2284,278.8837,0.6817190226876091
Santa Clara,2024-01,0.66,85.96774193548387,3.782903225806451,2814.7,0.0,52.52307692307692,37.0,,9.0,,,0.8353137229514975
Santa Clara,2024-02,4.2700000000000005,84.17241379310344,3.8,2645.0,1.0,58.48888888888889,32.0,,0.0,,,0.522071076844686
Santa Clara,2024-03,3.91,77.19354838709677,4.194193548387097,3119.6,0.0,62.266666666666666,28.0,,3.0,,,0.1566213230534057
Santa Clara,2024-04,1.21,70.36666666666666,4.79,3448.8,0.0,65.94615384615385,44.5,,26.0,,,0.3132426461068115
Santa Clara,2024-05,0.56,67.0,6.03258064516129,4488.0,0.0,72.48620689655172,50.0,,338.0,,,0.522071076844686
Santa Clara,2024-06,0.0,61.4,5.888,4239.4,0.0,77.78275862068965,54.0,,2029.0,,,0.3132426461068115
Santa Clara,2024-07,0.0,65.54838709677419,4.817096774193549,3583.6,0.0,82.82068965517242,54.0,,7538.0,,,0.3654497537912801
Santa Clara,2024-08,0.0,64.41935483870968,4.581612903225807,3409.9,0.0,81.62903225806451,45.0,,470.0,,,0.7308995075825603
Santa Clara,2024-09,0.04,70.51724137931035,4.257666666666667,3065.4,0.0,78.97333333333333,46.5,,313.0,,,0.522071076844686
Santa Clara,2024-10,0.02,55.354838709677416,4.148387096774194,3086.8,0.0,71.97096774193548,52.0,,100.0,,,0.5742781845291546
Santa Clara,2024-11,2.08,66.9,4.0280000000000005,2899.7,0.0,60.582352941176474,46.0,,7.0,,,0.3654497537912801
Santa Clara,2024-12,2.29,82.2258064516129,3.549677419354839,2641.0,0.0,60.64,59.0,,3.0,,,0.783106615267029
Solano,2001-01,2.9025,78.18548387096774,5.190322580645161,3861.3,3.0,48.01693548387097,93.0,34.0,,423.9472,220.5,0.0
Solano,2001-02,4.390000000000001,75.2989417989418,5.805714285714286,3901.375,4.0,49.5,52.0,10.0,,607.9663,330.0,0.0
Solano,2001-03,1.5825,72.6912958843159,5.36032258064516,3987.75,2.75,56.21370967741936,45.5,14.0,,2294.943,40.0,0.0
Solano,2001-04,1.0375,66.01874062968515,6.366766666666666,4353.4,4.75,59.8835,31.0,14.0,,904.2915,138.0,0.2473967675138356
Solano,2001-05,0.5725,48.759946236559145,7.353064516129032,5470.325,6.75,68.89274193548387,43.0,14.0,,1119.3518,360.0,0.2473967675138356
Solano,2001-06,21.815,49.21109022556391,6.857280303030303,4681.925,5.25,72.3294696969697,32.0,14.0,,580.7134,823.6406,0.0
Solano,2001-07,0.0,55.60473891466178,8.22698750926956,5832.15,9.75,72.98946398776418,32.0,20.0,,2469.9845,14535.4174,0.0
Solano,2001-08,0.0,49.03225806451613,7.681451612903226,5714.775,8.75,73.51209677419355,43.0,13.0,,2019.1643,3242.2001,0.0
Solano,2001-09,0.155,50.34082512315271,6.557166666666667,4513.2,5.25,70.95333333333333,47.5,17.5,,2344.5961,680.3403,0.0
Solano,2001-10,0.2875,49.773655913978494,4.9475,3681.0,2.25,66.22338709677419,52.0,20.0,,468.9683,568.0,0.2473967675138356
Solano,2001-11,3.2725,68.18333333333334,4.356083333333333,2798.2,1.75,60.14666666666667,56.5,23.0,,376.9365,205.0,0.0
Solano,2001-12,5.6475,86.75268817204301,6.5317204301075265,3644.475,3.5,51.75806451612903,65.5,13.0,,313.5409,0.0,0.0
Solano,2002-01,1.82,84.18899917287014,4.4215053763440855,2467.55,0.5,49.49677419354839,85.0,25.0,,357.6272,168.58,0.0
Solano,2002-02,0.8275000000000001,78.1547619047619,4.569732142857143,2800.45,1.0,51.50714285714286,52.0,19.0,,228.4384,168.0,0.0
Solano,2002-03,1.9875,68.41935483870968,5.944274193548387,4422.825,2.5,54.54516129032258,37.5,16.0,,4553.3137,75.0,0.0
Solano,2002-04,0.3725,69.69166666666666,6.336166666666667,4562.55,4.75,61.0925,36.0,21.0,,739.2196,331.25,0.0
Solano,2002-05,0.785,60.58036707452725,7.0508870967741935,5245.45,6.0,66.19516129032257,36.0,12.0,,316.517,948.6876,0.0
Solano,2002-06,0.0,58.173871100164206,8.371666666666666,6027.45,8.5,72.55416666666667,49.0,26.0,,3379.2956,774.4493,0.0
Solano,2002-07,0.0,58.32196029776675,8.239354838709678,6130.3,9.25,74.56874304783094,41.0,16.0,,3954.5528,40.8439,0.0
Solano,2002-08,0.0,59.988911290322584,7.347113575268818,5331.049999999999,7.75,72.86979166666667,70.0,24.0,,3675.8478,0.0,0.0
Solano,2002-09,0.0,54.35,6.029916666666667,4341.6,4.75,70.77333333333333,31.5,17.0,,624.0305,161.0763,0.0
Solano,2002-10,0.0125,60.51586021505376,5.364795698924731,3966.125,3.25,64.1345430107527,52.5,22.0,,172.7552,657.2283,0.0
Solano,2002-11,2.3075,76.05833333333334,4.401416666666667,3168.8999999999996,2.0,57.346666666666664,58.5,32.0,,333.6404,384.25,0.0
Solano,2002-12,10.2875,88.66129032258064,5.644758064516129,4199.7,4.75,52.373387096774195,77.0,17.0,,112.5328,686.0,0.0
Solano,2003-01,1.8075,92.35483870967742,3.358225806451613,2498.5,0.25,52.619354838709675,64.0,19.0,,163.1868,180.0,0.0
Solano,2003-02,1.5950000000000002,75.23214285714286,4.908035714285714,3298.425,1.25,51.82946428571429,48.0,15.0,,454.4196,375.0,0.0
Solano,2003-03,1.83,75.98387096774194,5.043064516129032,3752.225,2.5,56.37096774193548,31.0,12.0,,3406.049,4.0,0.0
Solano,2003-04,2.3725,77.31666666666666,5.814916666666667,4186.825,1.25,57.8275,22.0,8.0,,3042.1511,421.0,0.0
Solano,2003-05,1.855,66.67956989247311,6.27516129032258,4668.6,4.0,64.0524193548387,39.0,16.0,,275.8052,367.0625,0.0
Solano,2003-06,0.0,58.909523809523805,8.29322619047619,5661.725,9.5,70.15738095238095,36.5,15.0,,612.405,585.8555,0.0
Solano,2003-07,0.0,54.524193548387096,7.535483870967742,5606.5,7.75,73.99032258064517,47.0,18.0,,1696.2762,254.4295,0.0
Solano,2003-08,0.245,62.08870967741936,7.233145161290323,5381.0,7.25,73.71209677419355,42.0,16.5,,2220.6133,712.4938,0.0
Solano,2003-09,0.0,57.67619047619048,6.64125,4781.625,6.25,71.32833333333333,52.0,23.0,,391.2342,573.142,0.0
Solano,2003-10,0.0,56.70161290322581,5.151290322580645,3832.875,2.75,66.16209677419354,47.0,21.0,,58.7261,3412.6013,0.0
Solano,2003-11,1.1949999999999998,81.375,3.749416666666667,2699.6,0.25,56.34583333333333,55.0,27.0,,58.0603,631.25,0.0
Solano,2003-12,5.995,91.66935483870968,4.124032258064516,3068.1,0.75,52.379838709677415,61.0,13.0,,174.1915,25.0,0.0
Solano,2004-01,2.2875,90.93796526054592,3.831439205955335,2531.2,0.5,49.859801488833746,79.5,31.0,,28.3125,250.0,0.0
Solano,2004-02,5.2925,83.75400246305418,5.2225,3634.45,2.25,51.80603448275862,56.0,15.0,,628.4233,722.0,0.2443189730784923
Solano,2004-03,0.7575,69.69354838709678,5.794596774193549,4311.15,3.0,58.211290322580645,48.0,14.0,,1638.136,47.6407,0.0
Solano,2004-04,0.9625,62.71666666666667,6.711916666666667,4832.725,4.75,61.780833333333334,41.5,18.0,,604.015,500.0,0.0
Solano,2004-05,0.8275,62.61290322580645,7.226048387096775,5376.225,6.25,67.68790322580645,51.0,11.0,,361.8379,284.9375,0.0
Solano,2004-06,0.0,59.099999999999994,8.448166666666665,6082.725,9.0,71.1575,56.0,12.0,,597.476,835.35,0.0
Solano,2004-07,0.0,63.056451612903224,8.776129032258064,6529.375,10.5,73.24112903225806,53.0,13.0,,4701.9491,1207.4887,0.0
Solano,2004-08,0.0,61.08870967741935,7.904032258064516,5880.6,8.75,73.10483870967741,46.0,13.5,,847.1533,2904.1439,0.0
Solano,2004-09,0.0525,52.78333333333333,6.1545,4431.325,4.0,70.55166666666668,53.0,21.0,,533.7132,384.0,0.0
Solano,2004-10,2.175,71.38709677419355,5.7521774193548385,4279.475,3.75,64.32016129032257,52.0,21.0,,343.2238,850.0,0.0
Solano,2004-11,2.5375,80.05,4.433083333333333,3191.625,2.25,56.64,65.5,21.0,,35.3272,70.0539,0.0
Solano,2004-12,5.1775,88.83064516129032,4.868387096774193,3622.175,3.25,51.06209677419355,71.0,15.0,,61.0081,530.0,0.0
Solano,2005-01,3.51,93.96774193548389,4.229274193548387,3146.625,0.5,49.84193548387097,65.0,18.0,,90.3956,650.0,0.0
Solano,2005-02,3.6225,84.4,4.543328571428571,2950.925,0.25,52.849535714285715,51.5,14.0,,1050.2756,327.31,0.0
Solano,2005-03,2.27,76.08064516129032,4.86266129032258,3617.55,2.5,57.09032258064516,46.0,16.0,,3618.9639,233.4687,0.0
Solano,2005-04,0.9675,67.74166666666667,5.421916666666666,3903.725,2.25,59.6275,24.0,13.0,,1368.8072,2917.6384,0.0
Solano,2005-05,1.3824999999999998,69.04838709677419,6.108951612903225,4545.05,2.5,66.08548387096774,31.0,12.0,,1207.7618,23165.5621,0.0
Solano,2005-06,0.0625,60.608333333333334,7.310833333333333,5263.8,5.25,69.82833333333333,50.5,8.0,,3024.2342,13583.691,0.0
Solano,2005-07,0.0,57.17741935483871,7.729435483870968,5750.875,7.5,74.07822580645161,60.0,19.0,,1662.9827,10761.5358,0.244989355212516
Solano,2005-08,0.0,55.99489247311829,5.545645161290323,4126.325,3.0,72.9241935483871,51.0,15.0,,5227.7918,14117.6241,0.244989355212516
Solano,2005-09,0.0,60.325,5.294083333333333,3811.6,2.25,68.76499999999999,52.0,21.0,,1412.2644,688.5102,0.0
Solano,2005-10,0.09,62.096774193548384,5.325241935483871,3961.85,1.75,64.5233870967742,49.0,14.5,,181.8587,931.0774,0.0
Solano,2005-11,1.2225,68.08764367816092,4.777301724137931,3403.25,2.0,58.01810344827586,57.0,16.0,,0.0,66.3926,0.0
Solano,2005-12,11.4575,83.88306451612902,4.343064516129033,3231.4249999999997,1.75,52.72822580645161,67.0,14.0,,20.0851,0.5,0.0
Solano,2006-01,2.675,81.09792626728111,4.599193548387096,3421.575,1.0,52.012903225806454,51.0,18.0,,94.446,1244.0107,0.2448567832674668
Solano,2006-02,2.7275,72.95535714285714,4.601517857142857,3092.6,0.75,51.76517857142858,65.5,15.0,,806.1146,1246.6674,0.4897135665349337
Solano,2006-03,5.385,78.3225806451613,5.653145161290323,4205.925,2.25,52.84032258064517,38.5,8.0,,9092.3678,837.0044,0.2448567832674668
Solano,2006-04,3.655,76.86666666666666,5.7065,4108.725,1.5,58.67666666666666,32.0,6.0,,14799.4489,626.15,0.0
Solano,2006-05,0.2875,63.50806451612903,6.521532258064516,4852.05,3.75,67.74435483870968,62.0,17.5,,7597.457,262.8146,0.0
Solano,2006-06,0.0,58.00833333333333,7.479416666666666,5385.2,6.25,72.20166666666667,42.5,15.5,,1802.3466,18283.313,0.0
Solano,2006-07,0.0,54.65069093864978,7.126290322580646,5301.9,6.75,75.21711469534051,56.0,16.0,,1711.8727,2713.5354,0.2448567832674668
Solano,2006-08,0.0,60.04838709677419,7.45774193548387,5548.525,7.5,72.19274193548387,57.0,14.0,0.0,6737.2173,2049.8804,0.2448567832674668
Solano,2006-09,0.0,56.01954022988506,6.61625,4763.775,5.0,69.15583333333333,56.5,27.0,0.0,3165.8589,808.007,0.4897135665349337
Solano,2006-10,0.095,58.153225806451616,5.061370967741936,3765.9,2.5,62.84193548387096,53.0,19.0,225.73,277.3885,120.0,0.2448567832674668
Solano,2006-11,1.54,78.9,4.0015833333333335,2881.325,0.5,58.375,53.0,14.5,5.26,200.0523,0.5206,0.2448567832674668
Solano,2006-12,2.53,76.86290322580645,4.525887096774194,3367.0,1.25,50.36774193548387,76.0,38.5,0.0,131.446,1500.3603,0.2448567832674668
Solano,2007-01,0.18,63.79032258064516,4.9475,3681.025,2.25,46.38548387096775,79.0,23.0,8.25,193.0,0.0,0.2449521485977714
Solano,2007-02,3.54,77.03084415584416,5.456071428571429,3666.55,1.5,51.76607142857143,44.5,8.5,1.25,6.6511,86.7503,0.2449521485977714
Solano,2007-03,0.3775,68.21774193548387,5.529596774193548,4113.85,3.25,57.174193548387095,41.0,10.5,3.8,6360.8283,26.2148,0.2449521485977714
Solano,2007-04,1.5925,61.925,6.654583333333333,4791.4,4.75,61.067499999999995,37.5,10.0,5.55,20950.2935,180.6297,0.0
Solano,2007-05,0.345,56.50806451612903,8.123870967741935,6044.25,9.5,66.05322580645161,54.0,14.0,19.9,2955.1708,6558.0768,0.0
Solano,2007-06,0.0,53.65833333333333,8.07375,5812.6,8.75,69.71833333333333,55.0,18.0,335.67,1550.5322,30217.1651,0.0
Solano,2007-07,0.0375,59.85483870967742,8.437822580645161,6277.225,10.75,72.52338709677419,50.0,10.0,210.55,2176.9466,10346.2292,0.2449521485977714
Solano,2007-08,0.0,56.693548387096776,7.811129032258064,5811.500000000001,8.75,71.73467741935484,51.0,19.0,764.12,3636.2749,956.1391,0.2449521485977714
Solano,2007-09,0.2375,60.22500000000001,6.914916666666667,4978.725,6.0,69.43833333333333,44.0,15.0,59.05,1762.7387,564.2136,0.0
Solano,2007-10,0.88,66.39516129032258,5.121935483870968,3810.65,2.5,62.87096774193549,43.0,12.0,74.47,191.9531,585.7792,0.2449521485977714
Solano,2007-11,0.4975,65.41666666666666,4.541083333333333,3269.325,2.25,57.75833333333333,62.0,24.0,12.8,155.0693,947.2188,0.0
Solano,2007-12,2.845,72.25,5.221774193548387,3885.0,2.5,50.40887096774193,65.0,15.5,2.0,118.6652,269.734,0.0
Solano,2008-01,8.6475,83.58064516129032,5.689516129032258,4232.675,3.25,48.126612903225805,59.0,12.0,2.0,132.9107,387.25,0.0
Solano,2008-02,2.105,75.26724137931035,5.269051724137931,3667.6,3.25,49.60431034482758,55.0,16.0,1.0,555.9831,418.1338,0.2445155169547059
Solano,2008-03,0.12,61.233870967741936,5.969032258064516,4441.075,4.75,54.76774193548387,47.0,11.0,4.35,10906.4449,93.7981,0.0
Solano,2008-04,0.0425,54.583333333333336,6.5334166666666675,4704.175,3.75,58.705,47.5,10.0,18.45,4806.0096,472.5239,0.0
Solano,2008-05,0.0,53.693548387096776,8.49758064516129,6322.175,9.25,64.5008064516129,56.0,17.0,484.7,936.7327,2761.8822,0.2445155169547059
Solano,2008-06,0.0,46.59107142857143,8.446833333333332,6081.75,10.5,68.49166666666667,58.5,16.5,5423.9800000000005,1936.5279,3780.3693,0.4890310339094119
Solano,2008-07,0.0,56.60483870967742,8.980483870967742,6681.425,11.75,72.2778494623656,64.0,19.0,432.43,1867.4588,29774.2498,0.4890310339094119
Solano,2008-08,0.0,53.31110421836228,8.486370967741935,6313.575,10.5,73.00293778801843,58.0,19.0,251.59,5988.2902,1145.1971,0.0
Solano,2008-09,0.0,52.20843596059113,6.098166666666667,4390.925,4.75,70.51833333333333,58.0,18.5,58.71,2916.1763,316.2729,0.4890310339094119
Solano,2008-10,0.455,51.95161290322581,5.076935483870968,3777.225,3.75,64.85733870967742,54.0,17.5,375.03,126.8025,534.4988,0.0
Solano,2008-11,2.16,78.54166666666667,3.728083333333333,2684.1,0.75,59.2425,59.5,11.5,4.45,498.9968,133.75,0.2445155169547059
Solano,2008-12,1.725,85.38709677419354,4.246290322580645,3159.425,1.5,51.32016129032258,69.0,15.0,1.5,799.006,1479.4036,0.4890310339094119
Solano,2009-01,1.1375,76.10483870967742,3.922258064516129,2917.925,0.75,49.19919354838709,67.0,14.0,7.529999999999999,489.2791,230.5,0.0
Solano,2009-02,6.2325,81.00892857142857,5.297053571428571,3559.75,2.25,51.17946428571429,31.5,6.0,0.5,712.261,234.043,0.2437300446025981
Solano,2009-03,1.6625,66.62903225806451,6.017177419354839,4476.775,3.25,55.47822580645161,30.0,8.0,2.0,1453.8647,414.6157,0.2437300446025981
Solano,2009-04,0.74,61.026666666666664,6.01425,4330.15,3.25,60.056666666666665,37.0,12.0,17.28,9699.0607,399.455,0.0
Solano,2009-05,0.54,61.637096774193544,6.711693548387097,4993.625,5.0,67.0758064516129,48.0,9.0,14.47,7750.9959,17017.5635,0.0
Solano,2009-06,0.035,61.64722222222222,7.671583333333333,3752.025,4.5,70.03,47.0,16.0,826.99,5860.9766,1443.7131,0.0
Solano,2009-07,0.0,56.79569892473118,5.6702150537634415,4218.866666666667,4.0,73.98602150537634,41.0,8.5,194.07,4821.4397,1934.5878,0.0
Solano,2009-08,0.0,56.11827956989247,5.141182795698925,3824.7,3.3333333333333335,73.04086021505377,44.0,10.5,48.599999999999994,6096.3224,1594.1542,0.0
Solano,2009-09,0.03,53.76858237547893,4.393111111111112,3163.0,2.3333333333333335,71.91666666666667,37.0,19.0,711.99,1020.8133,774.7377,0.0
Solano,2009-10,2.2225,63.20056207233627,4.825711143695015,2947.15,1.75,63.21466275659824,42.0,8.5,137.37,554.4735,1420.0344,0.0
Solano,2009-11,0.36,70.24166666666666,3.92525,2825.9,1.25,56.08416666666667,55.5,16.0,4.87,349.0931,2.8124,0.0
Solano,2009-12,1.7975,82.43178763440861,3.4304334677419357,2396.8,0.25,49.407594086021504,66.0,19.0,1.0,221.1013,21.25,0.0
Solano,2010-01,6.8475,92.62096774193547,4.335887096774194,3225.975,1.5,50.68467741935484,55.0,11.0,0.0,1178.0624,259.5456,0.0
Solano,2010-02,2.935,86.60714285714286,4.211428571428572,2830.075,0.25,53.57857142857143,35.5,8.5,0.0,2835.4407,122.7656,0.0
Solano,2010-03,1.5975,69.44354838709677,4.949838709677419,3682.85,1.75,55.53548387096774,29.0,7.0,0.0,8944.4281,96.38,0.0
Solano,2010-04,2.8375,68.675,5.259833333333333,3786.8,1.75,58.66416666666667,18.0,11.0,0.22,18125.502,141.9316,0.0
Solano,2010-05,0.6425000000000001,59.83709677419355,5.924435483870968,4407.9,2.5,63.37822580645162,29.0,6.0,10.45,14019.4878,1825.8793,0.0
Solano,2010-06,0.06,56.733333333333334,6.6505833333333335,4788.35,6.25,69.96916666666667,51.0,9.0,247.43,2771.6509,3692.4652,0.4829576325416853
Solano,2010-07,0.0,59.17595307917888,6.859985337243401,4557.6,6.25,71.61370967741937,48.0,10.0,154.38,4096.2693,2018.5451,0.0
Solano,2010-08,0.0,57.935483870967744,7.297956989247312,5430.333333333333,9.333333333333334,69.35483870967742,37.0,8.0,227.21,5496.787,2715.8005,0.4829576325416853
Solano,2010-09,0.0,55.46888888888889,5.332861111111111,3523.1,2.6666666666666665,68.13361111111111,37.5,17.0,166.89,1175.6445,333.5562,0.4829576325416853
Solano,2010-10,0.9366666666666664,63.8494623655914,4.820645161290322,3586.633333333333,2.0,63.60645161290322,46.0,17.0,60.97,270.4146,137.7114,0.0
Solano,2010-11,1.91,69.35555555555555,4.897,3525.933333333333,1.3333333333333333,55.31111111111111,47.0,6.0,155.1,207.8784,309.0,0.4829576325416853
Solano,2010-12,5.223333333333334,88.76497695852534,4.230664362519201,3039.2666666666664,0.6666666666666666,51.93268049155146,56.0,13.5,0.0,314.3701,201.5537,0.4829576325416853
Solano,2011-01,1.3733333333333333,86.7601323407775,3.5884449958643505,2529.633333333333,0.3333333333333333,47.78924731182796,65.0,14.0,0.3,1031.7386,50.0,0.4795185633623842
Solano,2011-02,3.456666666666667,68.47835497835497,6.08961038961039,3784.2333333333336,4.0,48.2241341991342,48.0,7.0,1.0,1674.0524,202.0225,0.2397592816811921
Solano,2011-03,6.683333333333334,78.74193548387096,6.280860215053764,4673.166666666667,4.666666666666667,52.73010752688172,32.0,9.0,0.0,5191.997,260.7757,0.0
Solano,2011-04,0.15,61.78888888888889,6.938666666666666,4995.966666666666,4.666666666666667,58.346666666666664,34.5,10.0,4.3,6009.2794,1596.3617,0.2397592816811921
Solano,2011-05,0.79,59.43010752688172,7.215376344086021,5368.599999999999,6.333333333333333,62.10215053763441,36.0,7.0,12.76,1785.8277,119.842,0.0
Solano,2011-06,1.47,62.46666666666667,6.521999999999999,4696.133333333333,4.333333333333333,67.59666666666666,36.5,11.0,74.47,543.8923,778.2066,0.9590371267247684
Solano,2011-07,0.0,58.634408602150536,7.058172043010752,5251.133333333333,9.0,71.81720430107526,33.0,13.0,201.26,869.2736,8.0085,0.0
Solano,2011-08,0.0,58.946236559139784,6.431827956989248,4785.433333333333,5.666666666666667,70.86129032258064,35.0,12.0,1293.8000000000002,5704.5305,11221.3383,0.7192778450435763
Solano,2011-09,0.02,55.18888888888889,5.554444444444445,3999.1666666666665,3.0,69.46222222222222,40.0,16.0,111.27,1810.4198,145.9717,0.0
Solano,2011-10,1.1133333333333333,65.68817204301075,4.633333333333333,3447.2999999999997,1.0,63.541935483870965,54.0,14.0,25.96,153.9577,15.085,0.2397592816811921
Solano,2011-11,1.1233333333333333,76.66666666666667,4.490222222222222,3232.6666666666665,1.6666666666666667,54.41555555555556,57.0,15.0,74.15,10.0,15.6,0.2397592816811921
Solano,2011-12,0.15,63.462365591397855,4.82494623655914,3589.8333333333335,3.0,46.903225806451616,82.0,18.5,216.63,0.0007,0.3563,0.4795185633623842
Solano,2012-01,2.8833333333333333,67.2810035842294,4.694577060931899,3444.0333333333333,2.0,46.328853046594986,62.0,13.0,11.11,527.1901,204.375,0.0
Solano,2012-02,0.97,63.4712643678161,5.821494252873563,4051.566666666667,2.0,49.90344827586207,50.0,7.0,207.94,1190.581,75.1,0.2375217926244733
Solano,2012-03,4.829999999999999,69.06451612903226,6.250967741935484,4650.733333333334,4.333333333333333,52.71612903225806,35.0,7.0,2.25,7049.6465,359.4527,0.0
Solano,2012-04,1.99,65.56666666666668,5.833555555555556,4200.133333333333,3.0,59.132222222222225,36.5,6.0,7.7,10026.8481,4241.4413,0.2375217926244733
Solano,2012-05,0.0,52.12903225806451,7.588494623655914,5645.766666666666,6.666666666666667,65.60140252454418,53.0,7.0,35.39,4720.7707,3210.6135,0.7125653778734199
Solano,2012-06,0.0333333333333333,48.56666666666666,8.494666666666667,6116.366666666666,10.333333333333334,68.64608695652174,27.0,8.0,419.88,1615.2252,7060.8712,0.0
Solano,2012-07,0.0,54.49462365591398,7.634193548387096,5679.833333333333,9.333333333333334,70.60537634408603,42.0,12.0,654.49,4792.6943,13623.475,0.4750435852489466
Solano,2012-08,0.0,51.806451612903224,6.949569892473119,5170.433333333333,7.333333333333333,72.33440860215053,33.0,12.0,162.32,6553.8774,5635.0385,0.0
Solano,2012-09,0.0,52.32222222222222,15.321666666666667,3730.566666666667,6.666666666666667,68.70222222222223,43.5,17.0,19538.15,1945.5794,1790.6192,0.0
Solano,2012-10,0.71,63.9247311827957,5.267204301075269,3919.1,3.6666666666666665,64.63225806451614,33.0,7.5,15.87,334.355,343.1903,0.0
Solano,2012-11,4.086666666666666,78.65555555555555,3.906444444444445,2812.7999999999997,1.3333333333333333,57.153333333333336,56.0,9.5,1.6,296.8276,374.1,0.0
Solano,2012-12,6.223333333333334,81.54838709677419,4.870967741935484,3624.0,2.0,50.69139784946236,55.0,6.0,0.0,617.9682,114.5,0.2375217926244733
Solano,2013-01,0.7333333333333334,72.35483870967742,3.7745161290322584,2808.133333333333,0.3333333333333333,44.43225806451613,63.0,13.0,2.28,396.5199,170.4725,0.7048690000963321
Solano,2013-02,0.1733333333333333,61.761904761904766,5.258571428571429,3533.933333333333,2.0,48.2547619047619,46.0,7.0,0.52,419.6763,3.1513,0.0
Solano,2013-03,0.7066666666666667,63.03225806451613,5.517419354838711,4105.033333333334,2.3333333333333335,55.46666666666667,39.0,6.0,9.2,7582.4947,262.4197,0.234956333365444
Solano,2013-04,0.6033333333333334,50.86913580246914,6.440703703703703,4509.6,4.0,62.001234567901236,46.0,6.0,111.46,9989.2882,1153.3423,0.0
Solano,2013-05,0.3033333333333333,49.27956989247312,7.644516129032258,5687.2,8.333333333333334,66.73655913978494,51.0,7.0,244.66,7666.058,1731.5685,0.0
Solano,2013-06,0.1366666666666667,52.73333333333333,7.648111111111111,5506.900000000001,7.0,71.15666666666665,37.5,11.0,140.19,2559.6943,12797.2391,0.0
Solano,2013-07,0.0,52.344086021505376,8.137849462365592,6054.266666666666,12.0,72.97096774193548,52.0,8.0,1018.91,4213.2175,3297.8404,0.0
Solano,2013-08,0.0,57.02150537634409,7.672473118279569,5708.233333333333,10.333333333333334,72.18602150537635,33.0,6.0,118.07,6909.5086,5529.5036,0.0
Solano,2013-09,0.4000000000000001,56.07777777777778,6.7909999999999995,4889.599999999999,6.666666666666667,70.16777777777777,35.5,11.0,3147.01,2422.7308,899.3472,0.0
Solano,2013-10,0.0033333333333333,49.62544802867384,4.721584229390682,3472.9,2.0,62.798602150537626,56.0,17.0,615.56,748.934,484.7517,0.0
Solano,2013-11,0.7933333333333333,59.388888888888886,4.036666666666666,2906.3333333333335,2.0,56.03888888888889,61.5,26.0,3722.1,743.7659,452.975,0.234956333365444
Solano,2013-12,0.15,57.13978494623657,2.838817204301075,2112.0333333333333,1.0,46.682795698924735,79.0,19.0,12.65,94.3033,62.8241,0.234956333365444
Solano,2014-01,0.1066666666666666,53.82795698924732,3.5161290322580645,2615.4666666666667,0.3333333333333333,47.58064516129033,65.0,14.0,18.1,475.3212,81.0,0.2317196377758622
Solano,2014-02,5.553333333333334,74.55952380952381,5.188809523809524,3486.633333333333,2.0,52.78928571428571,42.5,6.0,5.62,848.8272,17.875,0.0
Solano,2014-03,1.6566666666666665,63.65245775729647,5.807269585253455,3996.8,2.3333333333333335,57.606413210445474,44.0,5.0,106.29,14921.7541,242.2896,0.0
Solano,2014-04,1.7033333333333334,62.87777777777777,5.853888888888889,4214.733333333334,1.6666666666666667,62.02555555555555,50.0,10.0,8.47,27829.1934,2067.1735,0.0
Solano,2014-05,0.0,48.086021505376344,7.263763440860214,5404.666666666667,7.666666666666667,67.10967741935484,50.0,10.0,91.59,7391.6218,1755.0867,0.0
Solano,2014-06,0.0,48.43333333333334,8.053111111111113,5798.466666666667,9.666666666666666,71.16000000000001,53.5,16.0,167.55,3436.3941,5318.966,0.4634392755517244
Solano,2014-07,0.0033333333333333,51.78494623655914,8.254301075268819,6141.233333333334,11.333333333333334,73.75698924731184,40.0,8.5,10890.72,8811.9801,8051.8745,0.2317196377758622
Solano,2014-08,0.0,57.193548387096776,7.473870967741935,5560.766666666666,9.666666666666666,73.20860215053763,47.0,11.0,382.25,10495.0378,9686.1766,0.2317196377758622
Solano,2014-09,0.2433333333333333,57.63333333333333,6.180888888888888,4450.466666666666,6.0,71.19888888888887,52.0,11.0,48.97,1538.014,355.227,0.0
Solano,2014-10,0.4433333333333333,56.23655913978495,4.508817204301075,3354.866666666667,1.3333333333333333,65.81290322580645,52.0,12.0,116.51,1597.3939,373.2907,0.0
Solano,2014-11,1.2266666666666666,73.47777777777777,3.4523333333333333,2485.9,0.0,58.282222222222224,57.5,9.0,4.88,898.6749,172.73,0.0
Solano,2014-12,7.583333333333333,83.93548387096774,4.553440860215054,3388.0333333333333,2.3333333333333335,55.85461624026697,57.0,5.0,0.01,2050.8667,135.75,0.0
Solano,2015-01,0.0533333333333333,80.55913978494624,3.0661290322580648,2281.5333333333333,0.3333333333333333,49.47311827956989,82.0,14.0,0.02,744.8412,450.8,0.2290578164834586
Solano,2015-02,2.78,73.25,4.823095238095238,3241.1,2.3333333333333335,54.18333333333334,55.5,7.0,1.35,1507.6928,198.8764,0.2290578164834586
Solano,2015-03,0.33,61.68817204301075,4.666559139784947,3471.633333333333,0.3333333333333333,58.10322580645161,46.0,5.5,4.57,4308.3883,1864.8075,0.4581156329669172
Solano,2015-04,0.8466666666666667,52.96666666666667,6.747666666666667,4858.533333333334,5.333333333333333,61.57888888888889,29.0,7.0,2.83,17366.7257,4075.722,1.3743468989007517
Solano,2015-05,0.0133333333333333,62.064516129032256,8.534731182795698,6349.633333333334,14.0,65.81075268817204,26.0,8.0,10.91,8008.6372,9451.0072,0.9162312659338344
Solano,2015-06,0.0533333333333333,51.9,7.5041111111111105,5403.366666666667,9.333333333333334,71.21222222222222,44.0,13.0,248.64,5827.6166,12968.7622,0.2290578164834586
Solano,2015-07,0.0,52.913978494623656,8.815698924731182,6558.3,13.333333333333334,72.41182795698926,31.0,8.5,9079.22,6531.4041,4061.9118,0.4581156329669172
Solano,2015-08,0.0,51.88172043010753,7.485268817204301,5569.566666666667,10.0,72.33870967741935,39.5,9.0,43.68,4734.7417,4212.7974,0.0
Solano,2015-09,0.03,47.78888888888889,5.720555555555556,4118.900000000001,4.666666666666667,70.12102564102564,50.5,13.0,163.63,1604.1164,300.7877,0.2290578164834586
Solano,2015-10,0.0833333333333333,59.413978494623656,4.510930663700408,3262.1,1.0,66.84816462736374,48.0,19.0,22.42,328.3408,3928.51,0.2290578164834586
Solano,2015-11,1.25,74.35256704980843,3.9004444444444446,2621.5333333333333,0.0,56.100074074074065,56.5,7.0,4.5200000000000005,630.6799,542.243,0.0
Solano,2015-12,1.836666666666667,83.85829493087557,4.888967741935484,3594.7999999999997,2.6666666666666665,51.15458781362008,60.0,9.0,0.4,170.9116,373.0,0.0
Solano,2016-01,5.303333333333334,86.22652329749104,5.139892473118279,3824.7333333333336,3.0,51.748387096774195,54.5,7.5,0.0,202.0102,145.9846,0.4518375101945838
Solano,2016-02,0.4966666666666666,73.29629629629629,4.210574712643678,2930.566666666667,0.6666666666666666,54.0448275862069,56.0,11.0,0.11,1270.6345,702.8745,0.2259187550972919
Solano,2016-03,5.166666666666667,74.45376344086021,5.905806451612904,4394.1,2.6666666666666665,58.276013234077745,36.0,6.0,0.16,15299.3294,977.7981,0.0
Solano,2016-04,0.66,59.7,6.279444444444444,4520.866666666667,2.0,62.644444444444446,39.0,10.0,2.56,20354.7552,1404.4997,0.2259187550972919
Solano,2016-05,0.28,57.8494623655914,6.614301075268817,4921.266666666666,4.333333333333333,67.35376344086022,46.0,13.0,16.509999999999998,2717.0923,2295.1994,0.2259187550972919
Solano,2016-06,0.0,46.12222222222223,7.150000000000001,5148.099999999999,7.0,71.7781746031746,45.5,10.0,861.3100000000001,1526.8551,13019.9814,0.0
Solano,2016-07,0.0,48.39784946236559,7.541182795698924,5610.3,10.666666666666666,73.3742652329749,39.0,11.0,350.09000000000003,5477.4498,6007.0169,0.2259187550972919
Solano,2016-08,0.0066666666666666,53.32258064516129,7.630215053763441,5676.8,10.666666666666666,71.74731182795699,35.0,11.0,65.55000000000001,3783.8293,3217.441,0.2259187550972919
Solano,2016-09,0.0033333333333333,49.84444444444444,5.9945555555555545,4315.966666666666,6.0,69.11777777777777,54.0,19.0,83.25,783.8139,913.6375,0.6777562652918758
Solano,2016-10,2.53,67.20752688172043,4.555913978494623,3309.566666666667,1.0,64.44946236559139,39.0,8.0,65.79,679.2359,419.0586,0.0
Solano,2016-11,1.02,80.04444444444444,3.202666666666667,2306.0,0.0,59.321111111111115,53.0,10.0,0.1,260.9528,538.5325,0.9036750203891676
Solano,2016-12,3.383333333333333,77.68817204301075,4.134516129032258,3075.9,1.0,50.86774193548388,57.0,7.0,0.0,859.3408,708.8422,0.4518375101945838
Solano,2017-01,11.046666666666669,84.26881720430107,5.785698924731182,4304.733333333334,5.0,50.166666666666664,49.0,9.5,0.0,248.7387,383.9523,0.0
Solano,2017-02,7.996666666666667,80.07142857142857,6.022380952380953,4047.1333333333337,4.0,54.5764652014652,34.5,5.5,0.0,6219.7254,245.8894,0.0
Solano,2017-03,2.4,70.59139784946237,5.14,3824.1999999999994,2.3333333333333335,58.32447817836812,42.0,7.0,1.2,14567.6898,163.8916,0.2232322240180014
Solano,2017-04,2.3033333333333332,63.76666666666667,5.593222222222223,4027.133333333333,2.0,63.5680193236715,43.0,7.0,1.14,21119.1273,1743.6527,0.0
Solano,2017-05,0.04,54.092114695340506,7.216451612903225,5368.866666666667,6.666666666666667,70.00438072481084,44.0,9.0,111.92,6355.3198,2041.0878,0.2232322240180014
Solano,2017-06,0.5366666666666667,53.12778904665314,6.824222222222222,4913.566666666667,6.0,73.82188405797102,50.5,11.0,159.26,2615.6312,10819.9125,0.0
Solano,2017-07,0.0,44.651135005973714,6.315161290322581,4698.433333333333,4.333333333333333,75.93978494623656,54.0,11.0,3402.67,5665.412,20691.7357,0.2232322240180014
Solano,2017-08,0.0,52.2350760103819,7.01731182795699,5221.466666666667,9.0,75.31290322580645,56.0,18.0,2146.79,5085.9978,1282.9219,0.0
Solano,2017-09,0.0,46.43888888888889,5.810555555555555,4183.733333333334,3.3333333333333335,72.78888888888889,54.0,21.0,96.59,1302.7931,1021.9993,0.4464644480360029
Solano,2017-10,0.1266666666666666,44.99592139414164,4.759354838709677,3541.066666666667,2.6666666666666665,64.15161290322581,54.0,19.0,162602.19,527.8833,584.2776,1.1161611200900072
Solano,2017-11,1.3166666666666669,77.22222222222221,3.487222222222222,2510.766666666667,0.0,60.25357142857143,51.5,6.0,0.74,275.0004,368.1196,0.8929288960720058
Solano,2017-12,0.0133333333333333,62.0752688172043,3.703333333333333,2755.2999999999997,1.3333333333333333,52.20645161290323,70.0,17.0,1.02,2177.0352,2969.8408,0.8929288960720058
Solano,2018-01,3.66,84.59334580021817,3.4766221727845754,2531.0666666666666,0.0,54.30795698924731,55.0,13.0,0.02,144.493,230.1799,0.4435091329618205
Solano,2018-02,0.3,53.16049382716049,5.25297619047619,3529.6,1.3333333333333333,54.14068322981367,51.5,9.0,3.77,7684.0553,138.0512,0.4435091329618205
Solano,2018-03,3.693333333333334,66.37600076903006,5.0209677419354835,3735.3333333333335,1.3333333333333333,56.78956989247312,40.0,4.0,0.52,13811.6773,205.2034,0.6652636994427308
Solano,2018-04,1.586666666666667,53.72638888888889,5.658555555555555,4074.3000000000006,2.0,63.72555555555556,47.0,8.0,3.25,19067.9789,820.5722,0.2217545664809102
Solano,2018-05,0.0433333333333333,60.13575268817204,8.049784946236558,5988.666666666667,9.666666666666666,65.71290322580646,41.5,10.0,22.41,8891.7995,8622.1518,0.4435091329618205
Solano,2018-06,0.0,52.2,7.180555555555556,5170.1,7.333333333333333,69.88777777777777,52.5,13.0,90521.74,3920.9907,20169.4281,0.0
Solano,2018-07,0.0033333333333333,51.12903225806451,7.453010752688172,5545.0,9.333333333333334,73.49032258064516,38.0,17.0,1224.03,9132.4144,10948.7591,0.0
Solano,2018-08,0.0033333333333333,57.5483870967742,6.63731182795699,4938.333333333333,7.333333333333333,70.91505376344087,57.0,21.0,2265.9,7064.9651,2224.5018,0.4435091329618205
Solano,2018-09,0.0,54.36666666666667,5.5731111111111105,4012.933333333333,3.3333333333333335,67.83666666666666,52.5,10.0,2499.78,1414.6736,746.7461,0.0
Solano,2018-10,0.05,53.612903225806456,4.290430107526881,3192.2333333333336,1.0,62.59569892473119,41.0,12.0,26.770000000000003,891.4287,717.4117,0.4435091329618205
Solano,2018-11,2.42,60.926819923371646,3.9058888888888887,2812.133333333333,1.3333333333333333,53.596666666666664,76.0,43.0,19.91,911.5374,154.3177,0.4435091329618205
Solano,2018-12,2.203333333333333,78.6236559139785,4.043763440860215,3008.566666666667,0.6666666666666666,50.023655913978494,55.0,9.0,0.01,194.8286,41.7188,0.2217545664809102
Solano,2019-01,4.033333333333333,84.08602150537634,4.465268817204302,3322.3333333333335,1.3333333333333333,49.20645161290323,56.0,11.0,0.1,1502.3113,172.8281,0.2207213172648214
Solano,2019-02,9.046666666666669,78.35714285714286,6.177261904761905,4151.233333333334,4.0,48.33452380952381,35.0,5.0,0.0,1760.5911,140.2432,0.2207213172648214
Solano,2019-03,4.096666666666667,74.35483870967742,5.151935483870968,3833.1666666666665,1.3333333333333333,53.16236559139785,36.0,5.0,0.25,20826.8614,1707.1025,0.2207213172648214
Solano,2019-04,0.2166666666666666,66.53333333333333,6.083777777777779,4380.366666666667,3.3333333333333335,61.712222222222216,42.5,6.0,1.71,20570.2841,7025.1186,0.8828852690592858
Solano,2019-05,2.3633333333333333,68.26881720430107,7.157204301075268,5325.333333333333,5.666666666666667,64.3,38.0,6.0,8.49,11146.3124,9964.0646,1.1036065863241071
Solano,2019-06,0.0066666666666666,52.71111111111111,6.971333333333334,5018.900000000001,6.0,70.72555555555556,49.5,8.0,178.96,3273.0061,29340.2951,0.2207213172648214
Solano,2019-07,0.0033333333333333,56.086021505376344,6.524516129032258,4854.5,3.0,71.60967741935484,50.0,8.0,293.49,5144.8695,4404.7121,0.2207213172648214
Solano,2019-08,0.01,55.44413277232351,6.300645161290323,4687.5,6.333333333333333,72.50430107526881,44.0,11.5,1006.37,7832.5083,3059.3905,0.4414426345296429
Solano,2019-09,0.0233333333333333,54.99386973180077,5.907444444444444,4253.333333333333,3.0,69.41000000000001,35.5,7.0,27.77,6477.5052,1605.0174,0.6621639517944643
Solano,2019-10,0.0,41.875627240143366,5.0331182795698926,3744.7666666666664,1.6666666666666667,60.20967741935484,46.0,14.0,78573.18,128.5836,1936.3159,0.4414426345296429
Solano,2019-11,0.89,62.72222222222223,3.604888888888889,2595.633333333333,0.6666666666666666,54.13666666666666,61.0,26.0,11.82,313.6018,96.5625,1.7657705381185715
Solano,2019-12,5.2700000000000005,87.83870967741935,4.00010752688172,2975.5333333333333,1.3333333333333333,50.91505376344086,48.0,16.5,0.0,2120.2876,3.75,1.1036065863241071
Solano,2020-01,1.0733333333333333,86.38709677419354,3.88247311827957,2888.6,0.0,48.93010752688172,50.0,,0.0,2697.6705,0.4686,0.4410240578623564
Solano,2020-02,0.0133333333333333,56.49425287356322,5.118160919540229,3562.2000000000003,2.0,50.245977011494254,52.0,,0.0,1094.7692,774.0625,0.4410240578623564
Solano,2020-03,1.0266666666666666,67.04193548387097,5.1493548387096775,3830.966666666667,1.6666666666666667,53.15161290322581,37.0,,0.0,17673.9752,5181.1833,0.2205120289311782
Solano,2020-04,0.5933333333333334,62.71111111111111,6.045999999999999,4352.9,2.3333333333333335,58.78333333333334,33.0,,0.0,14435.3809,4975.9832,0.2205120289311782
Solano,2020-05,0.24,54.8494623655914,6.3297849462365585,4709.099999999999,3.0,64.76774193548387,33.0,,0.0,13556.1281,13417.7074,0.4410240578623564
Solano,2020-06,0.0066666666666666,50.08888888888888,7.113777777777777,5121.966666666666,6.666666666666667,68.68222222222222,31.5,,2.0,3143.3155,6227.1706,0.4410240578623564
Solano,2020-07,0.0133333333333333,52.333333333333336,7.755591397849462,5770.099999999999,9.666666666666666,70.58494623655913,39.0,,1.0,5329.6886,2123.4397,0.4410240578623564
Solano,2020-08,0.0133333333333333,53.595238095238095,6.288064516129033,4678.566666666667,4.666666666666667,73.06881720430107,53.0,59.0,0.0,6520.6301,3073.4111,0.2205120289311782
Solano,2020-09,0.0066666666666666,53.8072796934866,5.400333333333333,3888.2,2.6666666666666665,69.79,68.0,43.0,0.0,7579.1524,977.6693,0.4410240578623564
Solano,2020-10,0.0033333333333333,48.97400109469075,4.602043010752689,3423.766666666667,1.6666666666666667,64.76129032258065,54.0,22.0,0.0,988.2661,68.1625,0.6615360867935346
Solano,2020-11,0.3566666666666667,62.388888888888886,3.806111111111111,2740.566666666667,0.6666666666666666,53.37777777777777,53.0,23.0,0.0,125.8392,442.5375,0.8820481157247128
Solano,2020-12,0.9966666666666668,71.35483870967742,3.843978494623656,2859.5,0.3333333333333333,48.48602150537635,62.0,15.0,0.0,165.5108,151.3739,0.0
Solano,2021-01,1.4333333333333336,78.49820788530467,4.719677419354839,3511.366666666667,3.0,48.8,57.0,10.0,1.8,77.1005,550.3682,0.0
Solano,2021-02,0.4133333333333334,60.92857142857142,5.338928571428571,3588.3333333333335,1.0,50.8702380952381,43.0,5.0,0.2,2091.4735,2.3716,0.0
Solano,2021-03,0.86,57.64479050797183,5.899647756766778,4285.566666666667,2.3333333333333335,52.6166852057842,37.0,7.0,0.48,3372.1876,6888.5394,0.2213942078847333
Solano,2021-04,0.07,52.84444444444444,7.294888888888889,5252.5,6.333333333333333,59.66555555555556,50.5,15.5,70.92,15705.7387,2245.2817,0.6641826236542
Solano,2021-05,0.0066666666666666,46.225806451612904,7.96010752688172,5922.166666666667,8.333333333333334,65.3763440860215,43.5,9.0,100.33,3592.467,4074.2766,0.6641826236542
Solano,2021-06,0.0033333333333333,50.817624521072794,8.609444444444444,6199.066666666666,13.333333333333334,69.80333333333333,17.0,9.0,47.43,2648.278,6162.842,0.4427884157694666
Solano,2021-07,0.0033333333333333,55.152688172043014,9.230408602150538,4168.133333333333,8.666666666666666,72.05483870967741,34.0,15.0,12.59,8579.9935,8527.474,0.8855768315389333
Solano,2021-08,0.205,50.83870967741936,6.873870967741935,5114.3,10.5,70.98225806451613,52.0,26.0,41.23,10444.6138,4771.3842,1.9925478709626
Solano,2021-09,0.04,48.266666666666666,5.9751666666666665,4302.3,5.0,68.67833333333334,51.0,21.0,119.64,3883.2004,510.7592,0.8855768315389333
Solano,2021-10,5.664999999999999,62.0,4.660645161290323,3467.2,3.0,61.85806451612903,34.0,14.5,133.06,756.8541,408.2812,0.2213942078847333
Solano,2021-11,0.97,82.35,2.9503333333333335,2124.4500000000003,0.0,56.69166666666666,54.5,13.0,0.01,917.4293,165.22,0.8855768315389333
Solano,2021-12,6.504999999999999,90.09677419354838,4.153548387096774,3090.75,1.0,50.13870967741936,51.0,11.0,0.0,742.1531,13.2995,0.6641826236542
Solano,2022-01,0.2299999999999999,80.38709677419355,3.310483870967742,2462.75,0.0,48.20483870967742,60.0,12.0,2.0,285.094,9.065,1.3377687800440572
Solano,2022-02,0.015,56.035714285714285,4.309107142857142,2895.8999999999996,1.0,48.87321428571428,54.0,11.0,14.0,2668.0526,154.796,0.8918458533627048
Solano,2022-03,0.505,58.019354838709674,5.199838709677419,3868.7,1.5,54.47419354838709,35.5,8.0,108.0,5925.0459,230.7603,0.0
Solano,2022-04,0.51,50.400000000000006,6.3795,4593.15,4.0,58.46000000000001,33.0,6.0,34.0,8027.7308,6878.9474,0.4459229266813524
Solano,2022-05,0.095,43.274193548387096,7.073709677419355,5262.85,6.0,63.56612903225806,26.0,5.0,1937.0,2611.6876,29.6823,0.0
Solano,2022-06,0.3,40.21666666666667,7.052666666666667,5077.549999999999,6.5,69.125,32.5,12.0,1313.0,5685.0146,1492.2809,0.6688843900220286
Solano,2022-07,0.335,48.80645161290323,7.835161290322581,5829.35,14.0,71.88709677419355,21.0,11.0,1111.0,5439.0574,3123.5231,0.2229614633406762
Solano,2022-08,1.24,48.61290322580645,6.953548387096774,5173.5,10.0,72.40161290322581,27.0,11.0,264.0,5384.3288,1793.581,0.8918458533627048
Solano,2022-09,1.6749999999999998,53.96296296296296,5.399166666666666,3887.45,4.5,70.11759259259259,37.5,11.0,203.0,8752.3857,459.7544,0.4459229266813524
Solano,2022-10,0.125,56.64516129032258,4.77,3548.85,3.0,63.8241935483871,38.0,13.0,71.0,361.5722,0.125,0.2229614633406762
Solano,2022-11,0.935,62.86666666666667,3.5821666666666667,2578.95,0.5,51.18333333333334,48.5,7.0,29.0,139.4238,0.0,0.6688843900220286
Solano,2022-12,6.765,88.75752688172042,3.7891935483870967,2819.3,1.5,46.97096774193548,54.0,10.5,1.0,24.3488,0.0,0.2229614633406762
Solano,2023-01,8.14,75.9516129032258,5.470645161290323,4069.75,3.0,48.24193548387097,29.0,12.0,1.0,40.4221,9.0982,1.3402879385254598
Solano,2023-02,2.855,68.92857142857143,4.933928571428572,3315.85,2.0,46.096428571428575,37.0,6.0,126.0,2670.6256,436.8114,0.6701439692627299
Solano,2023-03,7.18,74.16184649610679,5.555528364849833,4026.45,1.5,49.29710789766408,22.0,2.5,0.0,13010.167,1.5599,0.6701439692627299
Solano,2023-04,0.14,57.6,5.821166666666667,4191.2,3.0,55.64,25.5,8.0,16.0,4173.359,6518.17,0.2233813230875766
Solano,2023-05,0.445,65.04838709677419,6.62774193548387,4931.2,6.5,63.05567502986858,22.0,13.0,79.0,9416.5233,236.2929,0.2233813230875766
Solano,2023-06,0.0,57.36666666666667,7.657666666666667,5513.549999999999,11.5,66.32568965517241,23.0,10.0,529.0,4245.8921,7392.129,0.0
Solano,2023-07,0.0,49.20967741935484,6.217419354838709,4625.85,6.0,71.93709677419355,39.0,15.0,342.0,8101.8709,2048.2781,0.8935252923503065
Solano,2023-08,0.005,53.75806451612903,5.664193548387097,4214.6,4.0,72.56666666666666,27.0,13.0,97937.0,12737.9874,6024.2152,0.4467626461751532
Solano,2023-09,0.055,59.43333333333334,5.943,4278.8,5.5,69.76333333333334,28.0,10.0,105.0,4892.1648,1042.7387,0.6701439692627299
Solano,2023-10,0.265,56.2258064516129,4.280806451612904,3185.2,1.5,64.30161290322582,29.0,9.0,144.0,1296.4376,27.067,0.6701439692627299
Solano,2023-11,0.79,62.366666666666674,3.557,2560.7,0.0,55.28666666666666,43.0,10.0,135.0,758.3231,90.0,0.6701439692627299
Solano,2023-12,3.665,81.2741935483871,3.1466129032258063,2341.35,0.0,51.061290322580646,44.0,9.5,41.0,489.7239,0.0,0.2233813230875766
Solano,2024-01,3.675,85.66129032258064,3.695161290322581,2749.35,0.0,50.85967741935484,27.0,8.5,0.0,,,1.106615791849996
Solano,2024-02,5.48,80.72413793103448,4.516551724137932,3143.3,0.5,51.467241379310344,24.0,7.0,1.0,,,1.106615791849996
Solano,2024-03,1.72,69.09677419354838,5.594193548387096,4162.3,1.0,54.193548387096776,20.0,5.0,20.0,,,0.8852926334799968
Solano,2024-04,0.94,63.733333333333334,5.298,3814.4,3.0,58.82833333333333,27.5,8.0,6.0,,,0.2213231583699992
Solano,2024-05,0.365,48.69354838709677,7.067580645161291,5258.2,6.5,64.51451612903226,33.5,9.0,142.0,,,0.6639694751099976
Solano,2024-06,0.0,44.16666666666667,6.994,5035.4,7.5,71.335,45.0,13.0,2100.0,,,0.4426463167399984
Solano,2024-07,0.0,42.40774193548387,6.8029032258064515,5061.5,9.0,75.66333333333333,39.0,13.0,5178.0,,,0.4426463167399984
Solano,2024-08,0.945,48.494086021505375,6.541612903225807,4867.45,8.0,72.20806451612904,34.0,13.0,724.0,,,0.6639694751099976
Solano,2024-09,0.305,51.35,5.813833333333332,4185.95,5.0,69.44833333333334,28.5,14.0,359.0,,,0.6639694751099976
Solano,2024-10,0.35,50.96774193548387,4.383870967741935,3261.8500000000004,1.0,65.11774193548388,35.0,12.0,5089.0,,,0.8852926334799968
Solano,2024-11,3.175,68.46666666666667,3.802833333333333,2738.45,0.0,54.60666666666667,36.0,6.0,70.0,,,0.8852926334799968
Solano,2024-12,3.685000000000001,83.8225806451613,3.8043548387096777,2830.3999999999996,0.5,50.601612903225806,56.0,12.0,9.0,,,0.6639694751099976
Stanislaus,2001-01,2.455,80.72300140252455,6.187586848635236,4267.8,4.0,48.23988833746898,69.5,32.0,,358.0797,193.5319,0.4312566170937185
Stanislaus,2001-02,2.15,75.7744708994709,7.3525,4940.75,3.5,51.278571428571425,58.0,15.5,,11705.9735,135.4875,0.0
Stanislaus,2001-03,1.92,71.89043381535038,5.848709677419355,4351.400000000001,2.5,59.45322580645161,60.5,19.0,,78702.5924,402.5049,0.0
Stanislaus,2001-04,0.965,63.189655172413794,5.982333333333334,4307.25,1.0,62.53333333333333,36.0,18.0,,14384.6468,1121.7969,0.0
Stanislaus,2001-05,0.0,43.822580645161295,7.27,5408.85,3.5,71.10806451612903,50.0,31.0,,22647.6593,1296.8564,0.0
Stanislaus,2001-06,0.01,43.17962962962963,6.4145,4618.2,2.0,76.14833333333334,33.0,20.5,,4101.7627,443.8313,0.0
Stanislaus,2001-07,0.0,57.806989247311826,5.255645161290323,3910.25,0.0,80.39187788018432,54.0,25.0,,4822.8355,259.0353,0.0
Stanislaus,2001-08,0.0,58.74193548387097,5.345161290322581,3977.0,0.0,80.17741935483872,47.0,24.0,,2311.5218,466.9821,0.0
Stanislaus,2001-09,0.185,59.172413793103445,4.827166666666667,3371.7,0.0,74.47166666666666,54.5,33.0,,1165.6123,101.9184,0.2156283085468592
Stanislaus,2001-10,0.03,60.75806451612904,4.805322580645162,3575.45,2.0,59.156451612903226,58.0,51.0,,525.9107,578.5682,0.0
Stanislaus,2001-11,1.45,79.88333333333333,4.8705,3506.55,1.5,53.156666666666666,74.5,49.0,,619.6635,1596.2063,0.0
Stanislaus,2001-12,3.64,86.43548387096774,7.263064516129033,5404.0,5.5,46.87903225806451,71.0,19.0,,80.229,2061.55,0.2156283085468592
Stanislaus,2002-01,1.32,84.59677419354838,5.445806451612903,4051.7,0.5,44.329032258064515,79.0,47.0,,380.3601,1235.5,0.2094376807708982
Stanislaus,2002-02,0.5549999999999999,78.10714285714286,5.2716071428571425,3542.55,0.5,45.457142857142856,94.0,36.0,,8972.3727,3651.55,0.2094376807708982
Stanislaus,2002-03,1.165,66.62903225806451,6.402096774193549,4763.3,3.0,48.70645161290322,54.0,33.0,,71356.7899,567.7063,0.2094376807708982
Stanislaus,2002-04,0.095,64.7,5.620666666666667,4046.8,1.0,55.21666666666667,53.0,25.0,,15527.4759,518.2502,0.4188753615417964
Stanislaus,2002-05,0.105,46.54838709677419,7.07483870967742,5263.6,1.5,60.90161290322581,39.0,18.0,,5085.7413,1128.4158,0.0
Stanislaus,2002-06,0.0,47.25,7.681666666666667,5530.15,3.5,66.905,44.0,25.0,,2515.7323,5757.2126,0.2094376807708982
Stanislaus,2002-07,0.0,52.37096774193549,6.004677419354839,4467.0,0.0,71.06612903225806,55.0,26.0,,6982.4939,726.5313,0.0
Stanislaus,2002-08,0.0,56.77150537634409,5.363790322580646,2978.5,0.0,69.33655913978494,71.0,37.0,,13264.1995,464.7438,0.0
Stanislaus,2002-09,0.0066666666666666,52.088888888888896,4.736999999999999,3410.866666666667,0.0,67.36333333333333,57.0,32.0,,7946.4099,418.6497,0.2094376807708982
Stanislaus,2002-10,0.0033333333333333,62.79569892473119,4.257311827956989,3167.433333333333,1.0,60.57741935483872,70.0,56.0,,1271.7767,35065.4125,0.8377507230835929
Stanislaus,2002-11,1.9366666666666663,78.6484674329502,4.014444444444444,2890.1,1.0,53.151111111111106,107.5,61.0,,783.8542,7536.2372,0.6283130423126947
Stanislaus,2002-12,3.543333333333333,88.65591397849464,5.945591397849462,4423.466666666666,5.333333333333333,47.92903225806452,77.0,21.0,,470.9268,1110.5,0.4188753615417964
Stanislaus,2003-01,0.6000000000000001,96.25806451612902,4.104623655913978,3053.7333333333336,0.0,48.11505376344086,96.0,34.0,,546.1753,578.1053,0.2051883937236974
Stanislaus,2003-02,0.8633333333333333,76.46428571428571,5.047976190476191,3391.866666666667,1.0,47.44642857142858,57.0,19.0,,20202.7011,1223.286,0.2051883937236974
Stanislaus,2003-03,1.4800000000000002,72.0,5.4988172043010755,4090.8,3.0,50.48817204301075,55.0,17.0,,76085.7014,619.9021,0.2051883937236974
Stanislaus,2003-04,1.2833333333333334,68.94444444444444,5.619888888888888,4046.2333333333336,0.6666666666666666,53.53888888888889,39.0,12.0,,12486.227,622.4657,0.2051883937236974
Stanislaus,2003-05,0.48,57.12903225806451,6.408924731182796,4768.066666666667,1.3333333333333333,59.34623655913978,46.0,26.0,,5843.7218,698.4357,0.0
Stanislaus,2003-06,0.0,51.87777777777777,5.942888888888889,4278.866666666667,0.6666666666666666,67.13,48.5,26.0,,5329.1634,3913.3755,0.2051883937236974
Stanislaus,2003-07,0.0,46.04301075268817,5.637956989247312,4194.6,0.0,70.43118279569892,55.0,28.0,,6947.3138,1021.9909,0.4103767874473948
Stanislaus,2003-08,0.0,57.182795698924735,5.586451612903225,4156.5,0.0,70.75913978494624,50.0,25.0,,27980.5468,179.4655,0.8207535748947897
Stanislaus,2003-09,0.0,56.23333333333333,5.109888888888889,3678.8666666666663,0.6666666666666666,67.26333333333334,57.5,48.0,,8868.3832,6788.97,0.0
Stanislaus,2003-10,0.1266666666666666,55.9247311827957,4.3587096774193546,3242.9,1.0,59.55591397849463,55.0,45.0,,1884.8319,1830.1526,0.2051883937236974
Stanislaus,2003-11,0.91,77.26666666666667,4.152444444444445,2989.6666666666665,0.3333333333333333,50.74666666666667,86.5,38.5,,1099.5641,2462.047,0.4103767874473948
Stanislaus,2003-12,2.8533333333333335,85.0,5.601290322580645,4167.333333333333,1.0,47.17096774193548,71.0,31.0,,777.7942,2180.0497,0.4103767874473948
Stanislaus,2004-01,1.0166666666666666,86.96774193548386,4.668387096774194,3473.4,1.3333333333333333,44.87741935483871,73.0,26.5,,447.5574,712.4127,0.2029991088339122
Stanislaus,2004-02,2.9333333333333336,77.86206896551724,5.958275862068966,4146.7,2.3333333333333335,46.62988505747126,58.0,20.0,,15485.3442,1066.5833,0.2029991088339122
Stanislaus,2004-03,0.2966666666666667,66.79431928087841,5.572910906298003,3996.933333333333,1.6666666666666667,53.13306451612903,50.0,25.0,,84336.0167,1596.4101,0.2029991088339122
Stanislaus,2004-04,0.0833333333333333,54.01111111111111,6.764777777777778,4870.866666666667,3.3333333333333335,56.916666666666664,47.0,25.0,,4465.6349,330.4622,0.2029991088339122
Stanislaus,2004-05,0.1433333333333333,54.20430107526882,6.098817204301075,4537.533333333333,0.3333333333333333,62.33118279569893,33.0,30.0,,9932.8041,1912.3889,0.2029991088339122
Stanislaus,2004-06,0.0,51.28888888888889,6.4127777777777775,4617.266666666666,0.3333333333333333,66.18555555555555,41.5,21.0,,3111.0501,15730.5335,0.4059982176678244
Stanislaus,2004-07,0.0,54.20430107526882,5.426666666666667,4037.8666666666663,0.0,70.85806451612903,47.0,27.0,,6013.775,7529.0728,0.2029991088339122
Stanislaus,2004-08,0.0,55.55913978494624,5.341935483870967,3974.3,0.6666666666666666,68.4258064516129,44.0,35.5,,16530.9789,6071.3939,0.2029991088339122
Stanislaus,2004-09,0.09,49.12222222222223,5.008333333333333,3606.0,1.0,64.1588888888889,44.0,40.5,,11254.3398,3196.482,0.4059982176678244
Stanislaus,2004-10,1.0733333333333337,67.33333333333333,4.795806451612903,3568.366666666667,2.0,58.25376344086022,55.0,33.0,,2427.62,3900.0916,0.4059982176678244
Stanislaus,2004-11,1.215,80.66752873563217,4.33723275862069,3102.775,2.25,54.43545977011494,89.0,36.0,,1399.9044,44902.0502,0.4059982176678244
Stanislaus,2004-12,3.4025,88.40524193548387,5.244190668202765,3809.125,3.25,51.03891129032258,86.0,33.0,,96.7652,1397.625,0.4059982176678244
Stanislaus,2005-01,2.505,91.3225806451613,4.758790322580645,3539.975,1.0,50.03064516129032,81.0,21.5,,327.9114,2089.4423,0.0
Stanislaus,2005-02,2.98,83.53571428571428,4.458839285714285,2996.2,0.0,52.76607142857143,68.0,26.0,,58753.7221,4823.6555,0.7999680012799488
Stanislaus,2005-03,2.1225,76.64516129032259,5.186774193548388,3859.25,1.5,56.01854838709677,54.0,19.0,,117064.3125,1448.2444,0.0
Stanislaus,2005-04,0.7000000000000001,65.40833333333333,5.478833333333333,3944.725,1.75,58.1975,33.0,13.0,,20852.5395,1690.773,0.1999920003199872
Stanislaus,2005-05,0.9275,63.16935483870968,5.799274193548387,4314.15,0.75,65.50564516129033,33.0,14.0,,25188.6496,7658.2513,0.0
Stanislaus,2005-06,0.07,54.58154761904762,6.16775,4440.475,1.0,68.47749999999999,30.5,19.0,,6373.6129,51437.816,0.0
Stanislaus,2005-07,0.0,50.66935483870968,5.37991935483871,4002.875,0.0,75.01290322580645,51.5,32.0,,5986.5025,44194.2043,0.1999920003199872
Stanislaus,2005-08,0.0075,50.935483870967744,5.082580645161291,3781.4,0.25,74.49112903225807,55.5,26.5,,5179.5013,15690.6031,0.1999920003199872
Stanislaus,2005-09,0.22,59.141666666666666,4.331333333333333,3118.8,0.25,68.52833333333334,47.0,31.0,,9574.7337,1108.1079,0.0
Stanislaus,2005-10,0.08,62.91129032258064,4.467258064516129,3323.1,0.75,62.99516129032258,55.0,38.0,,1408.2561,1240.7079,0.5999760009599616
Stanislaus,2005-11,0.335,67.94166666666666,4.222583333333333,3040.075,0.5,56.05,62.0,33.0,,517.3617,5412.7228,0.7999680012799488
Stanislaus,2005-12,3.0975,84.84677419354838,5.2407258064516125,3899.025,3.75,51.373387096774195,95.5,34.0,,1880.1456,5029.1805,0.1999920003199872
Stanislaus,2006-01,8.9375,84.03413978494623,4.683368279569892,3450.1,1.25,49.60825268817205,68.5,33.0,,14229.2092,874.6582,0.3963134918983614
Stanislaus,2006-02,0.885,70.51304945054945,4.446414835164835,2935.95,1.25,49.98849206349206,75.0,26.0,,26983.1693,5332.8349,0.3963134918983614
Stanislaus,2006-03,3.4925,76.17741935483872,5.7901612903225805,4308.1,0.75,51.630645161290325,39.0,11.0,,152538.1844,3117.4984,0.0
Stanislaus,2006-04,2.325,73.84351851851852,5.367083333333333,3864.275,1.25,58.085,36.0,14.0,,113548.7083,2290.5479,0.3963134918983614
Stanislaus,2006-05,0.7250000000000001,56.596774193548384,5.852258064516129,4353.75,0.5,66.19596774193549,53.0,31.0,,30221.765,2569.4972,0.1981567459491807
Stanislaus,2006-06,0.0,52.483333333333334,6.199083333333334,4463.35,1.0,71.01583333333333,44.5,24.0,,8275.9773,78261.0655,0.0
Stanislaus,2006-07,0.0,49.99882806292706,5.055711405529954,3656.4,0.0,75.53726958525345,53.0,31.0,,5159.6489,35374.1021,0.3963134918983614
Stanislaus,2006-08,0.0,57.13709677419355,4.783548387096774,3559.0,0.0,71.19193548387096,55.5,27.5,0.0,14478.0044,9601.6889,0.1981567459491807
Stanislaus,2006-09,0.0,55.34166666666667,4.778083333333333,3439.9,0.5,67.09833333333333,57.0,53.0,310.1,16046.4416,2879.377,0.3963134918983614
Stanislaus,2006-10,0.265,61.57258064516129,3.811935483870968,2836.05,0.5,59.79677419354839,63.0,31.0,1103.37,3158.4157,2303.7747,0.3963134918983614
Stanislaus,2006-11,0.8575,77.95,4.253083333333333,3062.75,0.75,55.321666666666665,74.0,36.0,49.4,1725.6034,5117.1555,0.5944702378475422
Stanislaus,2006-12,1.63,75.87903225806451,5.016048387096774,3731.925,2.0,47.625,97.0,40.5,15.2,706.1363,516.1245,0.3963134918983614
Stanislaus,2007-01,0.5525,67.28225806451613,4.677177419354839,3480.15,2.0,42.964516129032255,109.0,41.0,33.25,18258.6954,15407.4717,0.1969147398559372
Stanislaus,2007-02,2.1325000000000003,75.72321428571429,5.050267857142858,3393.75,0.5,49.2125,58.5,8.0,2.2,20243.6925,7181.8017,0.3938294797118744
Stanislaus,2007-03,0.565,63.78225806451613,4.948467741935484,3681.675,1.0,55.14354838709677,65.0,21.5,102.4,97847.6579,5348.2431,0.1969147398559372
Stanislaus,2007-04,1.0575,57.13333333333333,6.147,4425.775,3.25,59.49333333333333,49.5,17.0,178.2,28217.279,1968.2651,0.3938294797118744
Stanislaus,2007-05,0.1375,48.32258064516129,6.805645161290323,5063.299999999999,2.5,65.27016129032258,54.0,22.0,730.72,24513.8959,12495.7564,0.3938294797118744
Stanislaus,2007-06,0.0,46.9,6.417583333333333,4620.8,0.5,70.86166666666666,51.0,24.0,374.15,5416.2354,63795.0678,0.3938294797118744
Stanislaus,2007-07,0.0,54.563870967741934,5.757016129032258,4282.95,0.0,74.87177419354839,52.0,19.0,838.63,9607.4772,58289.348,0.984573699279686
Stanislaus,2007-08,0.0,52.153225806451616,5.249354838709677,3905.725,0.0,74.45725806451613,55.0,25.0,1224.5,19518.4715,15611.8524,0.0
Stanislaus,2007-09,0.105,57.19166666666666,5.003416666666666,3602.675,0.25,70.505,57.5,31.0,47971.9,16815.6505,7989.3592,0.1969147398559372
Stanislaus,2007-10,0.5425,61.71774193548387,4.525080645161291,3366.425,0.5,62.50806451612904,56.0,51.0,79.8,2753.9631,2644.5413,0.1969147398559372
Stanislaus,2007-11,0.3525,67.72500000000001,4.3261666666666665,3114.725,1.25,56.5225,79.5,37.0,256.7,1493.5765,1358.3224,0.1969147398559372
Stanislaus,2007-12,1.5875,72.88709677419355,5.689919354838709,4233.45,2.0,48.34112903225806,66.0,17.0,20.2,1680.1268,2630.8048,0.1969147398559372
Stanislaus,2008-01,5.055,81.69354838709677,5.706129032258064,4245.325,3.75,46.71612903225807,66.0,24.5,47.25,19955.7946,905.0015,0.196451303650851
Stanislaus,2008-02,1.41,73.99137931034483,5.527931034482759,3847.45,2.75,48.26206896551725,66.0,33.0,8.879999999999999,19623.5493,3427.4257,0.0
Stanislaus,2008-03,0.0499999999999999,63.49193548387097,5.8052419354838705,4319.05,1.75,53.90483870967742,51.0,16.5,93.15,89353.6209,3115.0144,0.196451303650851
Stanislaus,2008-04,0.01,52.166666666666664,6.0495833333333335,4355.525,1.5,57.99666666666667,53.0,31.0,108.51,29811.2093,2005.5783,0.392902607301702
Stanislaus,2008-05,0.0925,49.00806451612903,6.1779032258064515,4596.475,3.0,64.58225806451613,63.0,24.0,4815.16,18098.3674,8864.8108,0.785805214603404
Stanislaus,2008-06,0.0,42.91666666666667,6.547916666666667,4714.4,3.25,69.16166666666666,62.5,29.5,6081.3,4083.9748,74552.6011,0.196451303650851
Stanislaus,2008-07,0.225,52.88767281105991,5.526209677419355,4111.575,0.0,73.7516129032258,64.0,31.0,36499.189999999995,9342.2643,61815.6838,0.196451303650851
Stanislaus,2008-08,0.0025,51.95161290322581,5.007258064516129,3725.275,0.0,73.69193548387096,54.0,31.0,340.78000000000003,4836.2974,6753.7139,0.392902607301702
Stanislaus,2008-09,0.0,53.09444444444444,4.338333333333333,3034.175,0.25,70.40787037037038,60.5,42.5,182.72,11159.0903,4686.9839,0.392902607301702
Stanislaus,2008-10,0.205,52.07258064516129,4.853629032258064,3610.6,2.25,63.148387096774194,55.0,63.0,68.01,2234.6138,1172.9889,0.0
Stanislaus,2008-11,0.64,76.60833333333333,3.89075,2801.475,0.0,57.32333333333333,91.0,33.0,9.92,2145.5208,1434.5323,0.0
Stanislaus,2008-12,1.3125,83.00806451612902,3.9266129032258066,2921.375,0.75,49.49677419354839,82.0,19.0,0.0,5734.2712,188.0273,0.196451303650851
Stanislaus,2009-01,1.375,78.8225806451613,3.4582258064516127,2572.975,0.25,47.012903225806454,96.0,49.0,5.21,15395.4209,226.895,0.7819586500265865
Stanislaus,2009-02,2.0825,79.125,5.598928571428571,3762.35,3.75,49.48392857142857,52.0,10.5,0.0,30848.8246,3729.7328,0.3909793250132932
Stanislaus,2009-03,0.585,65.98387096774194,5.693145161290323,4235.65,3.25,52.927419354838705,47.0,17.0,10.96,60206.2505,2611.6776,0.1954896625066466
Stanislaus,2009-04,0.36,57.975,5.343577272727273,3069.48,2.2,58.37409523809525,52.0,20.5,59.99,53571.4072,3893.7448,0.3909793250132932
Stanislaus,2009-05,0.4525,52.83064516129032,6.042016129032258,4495.475,0.0,68.53951612903226,56.0,23.0,1248.26,27184.5255,27817.6773,0.3909793250132932
Stanislaus,2009-06,0.11,53.44166666666666,5.86075,4220.025,0.25,73.04583333333333,51.0,24.0,730.38,14898.4995,28024.3157,0.3909793250132932
Stanislaus,2009-07,0.0,48.024193548387096,6.121693548387097,4554.5,0.0,76.77983870967742,55.0,22.0,462.96,12153.7829,38043.596,0.0
Stanislaus,2009-08,0.0,52.24193548387097,5.391129032258064,4010.55,0.0,75.5209677419355,59.5,37.0,14107.9,11561.6929,8967.1814,0.1954896625066466
Stanislaus,2009-09,0.2274999999999999,51.49166666666667,4.932166666666666,3551.0750000000003,0.25,72.35,56.0,46.0,368.24,26041.9211,7551.9883,0.0
Stanislaus,2009-10,2.0774999999999997,63.60483870967742,5.486774193548387,4082.125,3.25,62.96290322580645,58.0,22.5,52.94,4467.9963,1024.8284,0.5864689875199399
Stanislaus,2009-11,0.1575,70.1,4.4848333333333334,3228.775,1.5,54.67916666666667,73.0,32.0,28.21,3192.6704,450.6847,0.1954896625066466
Stanislaus,2009-12,1.7125,82.90322580645162,4.63241935483871,3446.575,1.25,48.575,89.0,34.0,1.1,7174.5155,997.8956,0.0
Stanislaus,2010-01,3.875,88.54838709677419,5.316935483870967,3955.725,3.0,49.394354838709674,74.0,16.0,0.1,14959.3158,1172.7964,0.1940997556284076
Stanislaus,2010-02,2.5374999999999996,84.65178571428572,4.678571428571429,3144.125,0.0,52.02410714285715,58.0,18.0,0.0,63569.898,8202.1948,0.0
Stanislaus,2010-03,1.0575,69.84677419354838,5.240322580645161,3899.05,0.75,54.027419354838706,34.0,18.0,4.6,83355.7674,11457.2165,0.0
Stanislaus,2010-04,2.1525,69.14999999999999,5.656083333333333,4072.075,0.5,58.00416666666666,35.0,17.0,4.6,102471.5793,3074.0513,0.3881995112568153
Stanislaus,2010-05,0.565,55.016129032258064,6.487096774193549,4826.45,2.25,62.87822580645161,37.0,17.0,194.58,41704.7159,14565.757,0.1940997556284076
Stanislaus,2010-06,0.07,48.53333333333333,6.841583333333333,4926.0,3.25,72.23916666666666,52.0,12.0,3900.18,9717.1409,34336.9939,1.164598533770446
Stanislaus,2010-07,0.0,53.774193548387096,5.754032258064516,4280.875,0.0,76.49354838709678,59.0,22.0,868.4,6562.0155,33821.3304,0.3881995112568153
Stanislaus,2010-08,0.0,59.33870967741936,4.851693548387097,3609.6,0.0,73.76129032258063,39.0,25.0,513.3,8830.6686,9097.159,0.9704987781420384
Stanislaus,2010-09,0.0,55.975,4.484333333333334,3228.625,0.0,70.41272988505747,45.0,35.0,276.17,7878.6186,1913.7121,1.5527980450272614
Stanislaus,2010-10,1.1225,66.13964346349745,4.414274193548387,3284.125,0.25,66.25252688172043,61.0,22.0,148.83,2023.3383,904.0376,2.5232968231692996
Stanislaus,2010-11,1.8725,74.34166666666667,4.343249999999999,3126.975,0.5,55.42916666666667,73.5,12.0,5.0600000000000005,1693.9894,915.2929,1.746897800655669
Stanislaus,2010-12,25.835,87.05645161290323,4.924838709677419,3664.675,2.25,51.920967741935485,69.0,21.0,0.04,5029.567,269.1394,0.9704987781420384
Stanislaus,2011-01,1.25,91.9758064516129,3.845564516129032,2861.1,0.0,47.91854838709678,85.0,22.0,0.36,16606.0143,5582.2037,0.77246173900449
Stanislaus,2011-02,2.5125,72.45535714285714,5.169732142857143,3474.15,1.75,48.267857142857146,58.0,18.0,0.2,48947.1748,15018.3655,0.386230869502245
Stanislaus,2011-03,2.8725,76.46774193548387,5.996532258064516,4461.5,3.5,53.130645161290325,44.0,13.0,0.25,95555.9801,4890.8463,0.77246173900449
Stanislaus,2011-04,0.135,62.74166666666666,5.8095,4183.35,1.5,58.8575,40.0,15.0,25.99,52538.8461,4804.7075,0.9655771737556124
Stanislaus,2011-05,0.6975,55.846774193548384,5.985241935483871,4452.85,1.0,63.93306451612903,44.0,15.0,240.06,32084.0418,22486.405,0.386230869502245
Stanislaus,2011-06,1.17,56.825,5.716333333333333,4115.55,0.5,71.23166666666667,54.0,17.0,1216.51,18586.782,91395.672,0.77246173900449
Stanislaus,2011-07,0.0,55.685483870967744,5.386209677419355,4007.225,0.0,75.37177419354838,54.0,21.0,2054.74,7783.2097,52018.5205,1.3518080432578572
Stanislaus,2011-08,0.0,58.16935483870968,4.647822580645161,3458.075,0.0,74.11129032258064,56.0,23.0,354.53999999999996,8579.3433,14099.0855,0.386230869502245
Stanislaus,2011-09,22.405,56.55833333333333,4.504666666666667,3243.55,0.0,72.825,67.0,36.5,1618.61,5253.868,6532.946,1.158692608506735
Stanislaus,2011-10,0.955,66.60483870967742,4.042822580645161,3007.925,0.25,65.34677419354838,72.0,44.0,39.33,1622.1116,1741.0991,1.3518080432578572
Stanislaus,2011-11,0.71,76.15833333333333,4.6075,3317.75,1.25,54.549166666666665,75.5,24.0,49.63,5793.8446,950.9434,2.1242697822623473
Stanislaus,2011-12,0.0875,64.71428571428572,4.355564516129032,2531.95,1.25,46.81762672811059,130.0,54.5,807.65,11377.9106,534.8835,0.77246173900449
Stanislaus,2012-01,0.78,72.15322580645162,4.280806451612903,3184.475,1.0,46.16532258064516,101.0,21.0,18.13,3870.5339,388.0408,0.9598863494562244
Stanislaus,2012-02,0.675,65.94827586206897,5.384568965517241,3747.775,2.75,49.77672413793103,59.0,21.0,25.44,54292.6771,16345.8228,1.727795429021204
Stanislaus,2012-03,1.4475,68.50746714456392,5.218817204301075,3770.125,1.5,53.23446833930705,46.0,12.0,10.97,107512.5249,9589.1652,1.1518636193474692
Stanislaus,2012-04,1.605,66.075,5.329083333333333,3837.275,0.5,60.37583333333333,41.0,15.5,10.24,92925.8727,6570.2694,0.5759318096737346
Stanislaus,2012-05,0.0175,48.909139784946234,6.508029569892473,4804.65,2.25,68.81322580645161,53.0,26.0,884.3199999999999,41035.8541,35065.8826,1.1518636193474692
Stanislaus,2012-06,0.155,46.8,7.074166666666667,5093.95,1.75,72.06,33.5,24.0,1914.71,10490.8802,100335.0093,1.343840889238714
Stanislaus,2012-07,0.0025,52.89516129032258,5.604112903225806,4169.4,0.0,76.23666666666666,53.0,21.0,1510.76,11104.9917,57217.4393,0.7679090795649796
Stanislaus,2012-08,0.0025,53.08064516129032,5.0545967741935485,3760.375,0.0,76.83709677419355,54.0,34.5,351.94,4629.0588,12964.672,0.7679090795649796
Stanislaus,2012-09,0.01,52.72797619047619,4.428034482758621,3163.675,0.0,72.98910714285715,62.0,50.0,245.67,6724.3996,6649.9426,0.3839545397824898
Stanislaus,2012-10,0.1,64.12096774193549,4.215,3135.85,0.25,66.13870967741936,59.0,27.0,29.06,5332.4478,1724.5216,1.1518636193474692
Stanislaus,2012-11,1.4,76.95833333333333,4.016583333333333,2891.475,1.0,57.54083333333333,70.5,27.0,17.5,3248.9761,490.1877,1.343840889238714
Stanislaus,2012-12,3.645,84.68870967741935,5.278870967741936,3927.025,1.0,50.75403225806451,63.0,19.0,1.1,13800.0544,336.698,0.5759318096737346
Stanislaus,2013-01,0.985,76.71774193548387,3.6695967741935487,2730.4,0.0,44.130645161290325,88.0,28.0,1.2,23825.4481,1988.246,0.7631825475415028
Stanislaus,2013-02,0.2774999999999999,68.69642857142857,4.488214285714285,3015.75,0.75,47.35178571428571,66.0,24.0,2.25,25771.2894,6729.9544,0.5723869106561271
Stanislaus,2013-03,0.89,64.75,4.889193548387097,3637.3,0.75,56.4741935483871,43.0,19.0,6.75,140883.9615,20573.4106,0.5723869106561271
Stanislaus,2013-04,0.425,55.375,6.554833333333333,4719.575,3.75,63.06916666666667,33.5,22.0,31.94,81041.6823,17738.728,0.7631825475415028
Stanislaus,2013-05,0.0975,48.79838709677419,6.2918548387096775,4681.05,1.25,68.99758064516129,49.0,18.0,1350.11,44813.8179,52417.2843,1.1447738213122542
Stanislaus,2013-06,0.0525,51.516666666666666,6.4515,4645.3,0.25,73.37833333333333,42.5,24.0,1003.67,12449.2294,133546.3924,0.9539781844268784
Stanislaus,2013-07,0.0,51.12096774193549,5.383870967741935,4005.55,0.0,75.25887096774193,52.0,28.0,504.25,12158.5311,58971.2806,0.5723869106561271
Stanislaus,2013-08,0.01,56.39516129032258,5.493387096774193,4087.1,0.0,72.7008064516129,44.0,22.0,310.67,4653.2439,10916.4657,0.3815912737707514
Stanislaus,2013-09,0.1275,55.32575757575758,5.6,4032.175,0.5,70.51,34.5,35.0,40.41,4950.7151,3694.6774,0.0
Stanislaus,2013-10,0.0025,52.766129032258064,4.363145161290323,3246.275,0.75,62.31693548387097,59.0,35.0,199.06,3319.1084,2241.2893,0.7631825475415028
Stanislaus,2013-11,0.855,64.8,3.617583333333333,2604.375,0.75,55.60166666666667,79.5,49.0,123.24,7320.1013,976.186,0.3815912737707514
Stanislaus,2013-12,0.255,64.5,3.8386290322580647,2856.075,0.5,45.95,115.0,53.5,12.48,10616.0598,305.0789,0.5723869106561271
Stanislaus,2014-01,0.2299999999999999,63.59274193548387,3.6899529569892473,2330.375,0.25,46.79563172043011,100.0,54.0,21.77,13649.3013,629.8532,0.1890823831943578
Stanislaus,2014-02,2.5675,74.15974765974765,5.204086538461539,3438.15,1.0,51.38763736263736,55.0,17.0,44.1,75037.1894,22224.9771,0.3781647663887156
Stanislaus,2014-03,1.515,66.95779569892473,5.200645161290322,3869.05,1.5,56.57096774193548,43.0,15.0,120.52,128983.4892,11090.2963,0.945411915971789
Stanislaus,2014-04,0.655,60.975,5.241416666666666,3773.5,0.25,61.1625,43.5,19.0,12.4,117407.4835,12166.5854,0.5672471495830733
Stanislaus,2014-05,0.0075,44.08870967741935,6.388225806451613,4752.4,2.5,68.95967741935485,36.0,21.0,226.33,40682.1474,73718.1705,0.7563295327774312
Stanislaus,2014-06,0.01,42.86666666666667,6.20475,4467.625,0.75,73.24666666666667,38.0,23.5,1962.45,11262.0214,142345.0159,1.70174144874922
Stanislaus,2014-07,0.0,48.725806451612904,5.951854838709678,4428.15,0.0,77.35887096774194,41.0,22.0,2131.18,11983.0022,51640.3261,0.0
Stanislaus,2014-08,0.0,52.91505376344086,5.466583333333333,4038.175,0.25,76.70493279569892,47.0,29.0,184.48,5543.5135,6979.2177,0.1890823831943578
Stanislaus,2014-09,0.115,55.166666666666664,4.940250000000001,3557.125,0.0,72.98916666666666,50.0,35.5,403.17,6830.847,5009.3632,0.5672471495830733
Stanislaus,2014-10,0.8225,53.072580645161295,4.546370967741936,3382.2749999999996,0.5,66.44596774193548,42.0,32.0,66.93,10414.5314,2080.8908,0.3781647663887156
Stanislaus,2014-11,0.9075,78.64166666666667,3.7901666666666665,2728.725,0.5,57.763333333333335,80.5,25.0,6.36,6830.5574,1613.7859,0.3781647663887156
Stanislaus,2014-12,3.97,89.66624924864757,5.435725806451613,4044.325,3.5,54.36290322580645,57.0,14.0,0.03,9309.6672,5149.2895,0.7563295327774312
Stanislaus,2015-01,0.0575,89.521104798983,3.666935483870968,2727.975,0.0,48.943279569892475,83.5,29.0,3.11,22665.8321,20599.6028,0.7487019380149665
Stanislaus,2015-02,1.2925000000000002,81.78339947089947,4.576071428571429,3075.325,1.0,53.81160714285714,71.0,22.0,21.28,98397.4951,13018.6106,0.5615264535112249
Stanislaus,2015-03,0.3575,67.08252688172043,4.775161290322581,3553.025,0.0,57.983870967741936,39.0,19.0,20.55,89147.2262,15095.3859,0.0
Stanislaus,2015-04,0.795,54.766666666666666,5.8629999999999995,4221.55,1.75,61.403333333333336,28.5,18.0,111.21,99425.6549,38679.5229,0.5615264535112249
Stanislaus,2015-05,0.275,60.54032258064516,5.2467741935483865,3903.575,0.0,66.70806451612904,33.0,19.0,1245.45,43325.0445,25645.1939,0.7487019380149665
Stanislaus,2015-06,0.0025,48.68571428571428,5.3485,3850.8,0.0,72.85559523809525,47.0,20.0,574.61,18496.4897,182839.2409,0.7487019380149665
Stanislaus,2015-07,0.02,51.71774193548387,5.768709677419355,4291.674999999999,0.25,74.86129032258066,54.0,19.0,3509.6,12226.224,80813.208,0.0
Stanislaus,2015-08,0.01,52.65833333333333,5.801370967741935,4316.025,0.0,74.69784946236558,60.0,28.0,6163.4,7590.4364,7201.3385,0.9358774225187082
Stanislaus,2015-09,0.0225,47.313505747126435,4.720833333333333,3399.25,0.0,72.60583333333334,58.0,40.5,277.93,7868.0307,7300.1409,0.9358774225187082
Stanislaus,2015-10,0.295,58.1795905707196,4.632822580645161,3447.075,0.75,68.49051612903226,59.0,37.0,45.5,14855.235,3513.4119,1.3102283915261916
Stanislaus,2015-11,1.83,73.44166666666666,4.486916666666667,3230.675,1.25,55.32333333333334,75.0,20.0,6.16,2508.9226,4944.1259,1.1230529070224498
Stanislaus,2015-12,1.2925,80.0241935483871,4.954758064516129,3686.275,1.25,48.91854838709678,80.0,18.0,1.71,7617.8356,2030.7553,1.3102283915261916
Stanislaus,2016-01,4.135,86.2602892102336,5.024919354838709,3738.65,1.0,49.854032258064514,67.0,13.0,2.11,12581.4083,7824.8748,0.5550015817545081
Stanislaus,2016-02,0.4125,74.85221674876847,4.726896551724138,3289.95,1.75,52.17413793103449,78.0,20.0,6.2299999999999995,131612.0372,9572.0612,0.3700010545030053
Stanislaus,2016-03,3.275,72.60799962921766,5.450892473118279,4024.625,1.0,57.17491935483871,55.0,14.0,1.53,173130.608,21271.5151,0.5550015817545081
Stanislaus,2016-04,1.7725,59.39910600255428,5.898333333333333,4246.975,3.0,62.81333333333333,41.5,17.5,88.48,90126.6232,28169.1479,0.9250026362575132
Stanislaus,2016-05,0.42,56.564516129032256,5.648870967741935,4202.85,0.25,68.8766129032258,43.0,20.0,296.14,59648.9933,57774.873,0.1850005272515026
Stanislaus,2016-06,0.0,44.93333333333333,5.486833333333333,3950.375,0.0,74.56166666666667,40.5,25.5,1985.66,33446.8857,179370.1905,0.3700010545030053
Stanislaus,2016-07,0.0,47.524193548387096,4.931532258064516,3669.525,0.25,76.40684093437153,42.0,25.0,1357.14,14327.2654,50457.3444,1.295003690760519
Stanislaus,2016-08,0.0,50.274193548387096,4.819596774193548,3586.0249999999996,0.0,76.26841397849462,52.0,33.0,1017.09,10304.8723,15556.0404,1.8500052725150269
Stanislaus,2016-09,0.0,47.95,3.9520833333333334,2845.6,0.0,71.88,57.5,44.0,5813.5599999999995,12823.0684,6658.9606,0.9250026362575132
Stanislaus,2016-10,2.145,63.0484126984127,4.782185761957731,3337.775,0.5,65.46498887652947,50.0,25.0,86.65,17998.6294,2183.0712,3.145008963275546
Stanislaus,2016-11,0.6375,79.35275974025974,3.5585757575757575,2298.6000000000004,0.0,59.18645622895623,62.0,19.0,9.59,9543.2205,7265.2571,3.330009490527048
Stanislaus,2016-12,1.1125,80.98709677419355,5.226081989247311,2309.3,1.5,49.87903225806451,72.0,21.0,3.46,5020.8415,480.8023,1.4800042180120214
Stanislaus,2017-01,4.234999999999999,85.31962365591399,4.712903225806452,3342.675,3.0,47.461612903225806,54.0,12.0,0.11,13778.7557,551.7453,2.196615381799211
Stanislaus,2017-02,3.5925,79.96592592592593,6.2681249999999995,4212.325,2.75,52.151785714285715,38.0,7.0,1.01,114590.921,7670.718,0.3661025636332018
Stanislaus,2017-03,1.055,74.66129032258064,4.729274193548387,3518.85,2.0,54.69032258064516,48.0,12.5,0.23,211819.1796,14799.9244,0.1830512818166009
Stanislaus,2017-04,1.4675,68.6948275862069,5.311333333333334,3824.5,1.0,58.641666666666666,34.0,13.0,7.21,100104.5279,16382.6052,1.4644102545328073
Stanislaus,2017-05,0.135,54.191761422156304,5.730626642771805,4090.2,0.5,68.42106929510156,37.0,21.0,2451.8,89454.2103,64466.1483,2.01356409998261
Stanislaus,2017-06,0.0175,49.45433621933622,6.025971389305347,4069.525,0.0,74.38199275362318,32.0,22.0,1196.34,27911.4533,151857.5552,1.0983076908996054
Stanislaus,2017-07,0.0,43.549731182795696,5.308467741935484,3949.325,0.0,78.9279569892473,44.0,26.0,83576.4,28339.7214,99698.3713,0.9152564090830044
Stanislaus,2017-08,0.0,51.53888248847926,5.315806451612903,3954.675,0.0,77.3997311827957,62.0,35.0,788.34,18613.3812,22271.9314,2.196615381799211
Stanislaus,2017-09,0.0025,52.15138309965896,4.93225,3551.425,0.25,73.2997435897436,56.0,35.5,918.12,19536.5054,9009.06,2.745769227249014
Stanislaus,2017-10,0.055,48.87756598240469,5.152939882697948,2835.1499999999996,1.25,63.634090909090915,66.0,56.0,237.66,37699.2583,6834.6234,3.844076918148619
Stanislaus,2017-11,0.6833333333333335,78.73295019157088,3.7527777777777778,2702.2000000000003,0.0,58.41888888888889,62.5,19.5,117.78,15412.2288,3004.6391,2.562717945432413
Stanislaus,2017-12,0.0433333333333333,74.01075268817203,3.6052688172043017,2682.4666666666667,1.0,49.47956989247312,116.0,53.0,10.42,8406.2311,1691.0285,2.745769227249014
Stanislaus,2018-01,1.7966666666666669,85.99498207885306,4.171290322580645,3103.2999999999997,0.0,51.61182795698925,70.0,19.0,2.52,11083.989,744.5102,2.182195106427474
Stanislaus,2018-02,0.4666666666666666,64.70238095238095,4.698452380952381,3157.7999999999997,0.0,49.792857142857144,53.0,17.0,12.76,57144.7839,16463.298,1.818495922022895
Stanislaus,2018-03,2.5700000000000003,69.55770609318996,5.108602150537635,3801.0,2.6666666666666665,52.04731182795698,39.0,9.0,3.07,223771.297,13348.1425,1.818495922022895
Stanislaus,2018-04,2.1033333333333335,67.85555555555555,5.184666666666667,3733.0333333333338,0.0,57.96111111111111,45.5,17.0,15.14,125779.0954,12766.4476,2.0003455142251845
Stanislaus,2018-05,0.1533333333333333,59.903225806451616,5.453655913978494,4057.433333333334,0.0,64.59677419354838,42.0,19.0,2301.2999999999997,63731.883,69371.0906,1.2729471454160264
Stanislaus,2018-06,0.0,50.833333333333336,5.596555555555557,4029.1666666666665,0.6666666666666666,70.10000000000001,55.0,23.5,17523.73,26504.1074,133757.3942,0.727398368809158
Stanislaus,2018-07,0.0,49.0,5.866344086021506,4364.7,0.0,74.96290322580646,58.0,27.0,1508.14,47920.0332,136406.2645,0.9092479610114474
Stanislaus,2018-08,0.0,55.96774193548387,5.353333333333334,3982.566666666667,0.0,74.4258064516129,79.0,37.0,460.34,19463.7731,31054.4336,0.5455487766068685
Stanislaus,2018-09,0.0,55.47777777777778,4.677888888888888,3368.133333333333,0.0,70.47786324786324,59.0,38.0,636.23,13206.7557,7966.546,0.363699184404579
Stanislaus,2018-10,0.2266666666666666,60.83870967741935,4.408387096774193,3279.7333333333336,0.6666666666666666,64.9043010752688,56.0,36.5,76.08,42184.0397,6747.3329,1.091097553213737
Stanislaus,2018-11,1.9366666666666663,70.71111111111111,3.705333333333334,2668.0333333333333,0.0,56.22111111111111,70.5,58.5,12.36,16667.6278,8308.919,0.5455487766068685
Stanislaus,2018-12,2.143333333333333,86.65591397849464,4.3345161290322585,3224.4666666666667,1.0,51.46021505376344,72.0,20.0,9.83,4720.5904,817.2844,0.5455487766068685
Stanislaus,2019-01,1.94,88.48187972919156,4.956881720430108,3687.9,2.0,49.87204301075269,72.0,21.0,2.12,3934.2537,729.3344,2.173680711663065
Stanislaus,2019-02,2.6633333333333336,82.85714285714286,6.5566666666666675,4406.2,4.0,49.26428571428571,30.0,8.0,0.2,109569.8597,5528.2354,1.9925406523578095
Stanislaus,2019-03,2.7466666666666666,80.40430107526882,5.11258064516129,3803.7,2.0,54.01935483870968,32.0,10.0,0.21,381582.7959,42838.3193,1.6302605337472988
Stanislaus,2019-04,0.3733333333333333,74.06752136752137,4.940888888888889,3557.366666666667,1.3333333333333333,60.84111111111111,35.5,16.5,24.56,144896.0611,28994.2916,1.4491204744420434
Stanislaus,2019-05,1.8433333333333335,74.76662684189566,5.124516129032258,3812.4,0.0,65.18602150537635,33.0,16.0,284.66,97714.4671,48253.3714,0.5434201779157662
Stanislaus,2019-06,0.0,54.855555555555554,5.427777777777778,3908.2666666666664,0.0,71.55,37.0,22.0,3961.46,40983.534,95151.2413,0.7245602372210217
Stanislaus,2019-07,0.0,54.645161290322584,4.953010752688172,3685.1,0.0,74.40645161290323,41.0,22.0,1749.34,58652.2687,128309.9188,1.267980415136788
Stanislaus,2019-08,0.0,58.04659498207885,4.898924731182795,3644.9666666666662,0.0,74.49677419354839,47.0,31.0,2071.75,22685.1101,23897.936,0.7245602372210217
Stanislaus,2019-09,0.13,61.67777777777778,4.451666666666667,3205.0,0.0,70.02555555555556,35.0,26.0,774.79,12704.1954,9227.021,0.7245602372210217
Stanislaus,2019-10,0.0,54.892473118279575,4.18247311827957,3111.7000000000003,0.6666666666666666,60.413978494623656,57.0,50.0,5790.88,38790.3328,6145.4586,1.4491204744420434
Stanislaus,2019-11,1.25,72.55555555555556,3.1862222222222223,2293.7999999999997,0.3333333333333333,54.52444444444444,80.0,53.5,31.09,12075.2814,859.4206,1.0868403558315325
Stanislaus,2019-12,3.09,89.65591397849464,3.675203106332139,2261.4,0.3333333333333333,51.48721624850657,60.0,16.0,27.95,2073.0804,96.9927,0.905700296526277
Stanislaus,2020-01,0.7999999999999999,78.85663082437276,3.618152841781874,2595.233333333333,0.0,48.788364055299546,64.0,16.0,0.0,16435.3684,276.7503,0.9043619184048504
Stanislaus,2020-02,0.0166666666666666,68.20689655172414,4.6689655172413795,3249.933333333333,2.0,49.39770114942528,60.0,28.0,0.0,106508.799,6073.7122,1.0852343020858204
Stanislaus,2020-03,1.513333333333333,81.02150537634408,4.4346236559139784,3299.1666666666665,0.0,53.99677419354839,31.0,10.0,0.0,236111.1529,23410.4547,1.0852343020858204
Stanislaus,2020-04,1.4266666666666663,75.71604938271605,5.348111111111112,3850.5333333333338,0.0,58.491481481481486,26.0,13.0,0.0,94227.84,27867.8306,1.9895962204906703
Stanislaus,2020-05,0.3033333333333333,62.67025089605735,5.242580645161291,3900.1666666666665,0.0,64.2752688172043,28.0,15.0,5.21,66569.9633,59738.7066,0.7234895347238802
Stanislaus,2020-06,0.03,55.34285714285715,5.741777777777777,4134.0,0.3333333333333333,70.28222222222223,37.0,21.0,0.0,29210.891,101783.3411,0.7234895347238802
Stanislaus,2020-07,0.0,54.91517323775388,5.019139784946236,3734.6,0.0,73.45376344086021,48.0,23.0,819.0,54539.5231,79770.6865,0.0
Stanislaus,2020-08,0.0066666666666666,59.04589940323956,4.283763440860215,3187.3333333333335,0.0,75.44086021505377,57.0,37.0,1.1,15152.5489,24271.769,0.7234895347238802
Stanislaus,2020-09,0.0,63.12123700054735,3.977555555555555,2863.9666666666667,0.0,71.02,80.0,57.5,0.0,12849.1537,5876.5654,1.0852343020858204
Stanislaus,2020-10,0.0,61.631541218638,3.6070967741935487,2683.6666666666665,0.0,64.69032258064516,60.0,62.0,11.0,35382.8788,5537.9396,1.2661066857667904
Stanislaus,2020-11,0.1233333333333333,72.24444444444445,3.8176666666666663,2748.366666666667,0.0,53.92666666666667,69.5,46.0,0.0,10875.739,1088.6553,0.9043619184048504
Stanislaus,2020-12,1.1233333333333333,84.19354838709677,4.138494623655913,3079.2666666666664,0.0,48.813978494623655,80.0,31.0,0.0,2812.8682,543.4717,1.6278514531287307
Stanislaus,2021-01,2.513333333333333,85.73847926267281,4.760633640552996,3440.433333333333,2.0,48.35910138248848,68.0,31.0,2.6,23246.8534,523.3653,1.0864447904972296
Stanislaus,2021-02,0.7566666666666667,75.16666666666667,5.147142857142857,3458.866666666667,1.3333333333333333,49.15238095238095,54.5,22.0,0.0,102702.8544,3718.4664,0.7242965269981531
Stanislaus,2021-03,0.8099999999999999,70.38709677419355,4.812258064516129,3580.6666666666665,1.0,50.26774193548387,51.0,21.0,29.63,170594.1975,19020.5135,1.2675189222467678
Stanislaus,2021-04,0.0133333333333333,61.9,5.327111111111111,3835.433333333333,0.0,57.39555555555555,53.5,28.5,181.65,94707.3965,36180.4461,1.0864447904972296
Stanislaus,2021-05,0.0,54.236175115207374,5.970537634408603,4441.8,0.3333333333333333,64.20215053763441,52.0,30.0,1037.31,56405.0034,48278.7842,1.991815449244921
Stanislaus,2021-06,0.0,54.31984126984128,6.048444444444445,4354.7,0.0,69.63222222222221,47.0,28.0,146.51,39069.2593,70849.871,1.991815449244921
Stanislaus,2021-07,0.0,52.484229390681,5.328387096774193,3964.1,0.0,74.8731182795699,54.0,31.0,9913.1,43565.6718,70903.1343,1.8107413174953824
Stanislaus,2021-08,0.0,59.404093567251465,4.454623655913978,3314.5333333333333,0.0,74.00322580645161,69.0,46.0,43.14,15449.2784,18097.992,0.5432223952486148
Stanislaus,2021-09,0.0,57.36053639846744,4.500333333333334,3239.866666666667,0.0,70.65333333333332,62.0,50.5,72.95,7855.5743,7734.7358,1.6296671857458442
Stanislaus,2021-10,1.6900000000000002,66.41075268817205,4.40236559139785,3275.633333333333,2.0,61.61182795698924,55.0,43.0,9.99,36072.2218,992.5559,1.6296671857458442
Stanislaus,2021-11,0.3533333333333333,91.6727969348659,3.6035555555555554,2594.633333333333,0.0,56.93222222222223,76.5,29.0,1.6,10087.2226,7398.1644,0.7242965269981531
Stanislaus,2021-12,4.793333333333334,93.98473612656038,4.965876529477197,3571.5333333333333,1.3333333333333333,50.29529600791002,65.0,20.0,0.0,2090.4897,224.2833,1.448593053996306
Stanislaus,2022-01,0.0733333333333333,85.54838709677419,3.193763440860215,2375.9666666666667,0.0,48.14731182795699,88.0,38.0,2.0,20485.5756,3196.0122,0.7282711207728413
Stanislaus,2022-02,0.0266666666666666,64.75,4.272857142857143,2871.0,1.0,47.68809523809524,74.5,38.5,8.0,48371.1191,11841.8017,0.7282711207728413
Stanislaus,2022-03,0.6466666666666666,63.666666666666664,5.083225806451613,3781.5,1.6666666666666667,53.008602150537634,52.0,23.0,20.0,133718.635,9751.6918,0.7282711207728413
Stanislaus,2022-04,0.2233333333333333,59.17777777777778,5.924444444444444,4265.7,1.6666666666666667,58.080000000000005,49.5,21.5,584.0,75483.5658,2802.5791,1.092406681159262
Stanislaus,2022-05,0.0,53.49462365591398,6.015483870967742,4475.366666666667,0.6666666666666666,62.72688172043011,53.0,26.0,1559.0,33195.0517,7826.0468,0.9103389009660516
Stanislaus,2022-06,0.0,49.93333333333334,5.676444444444445,4087.133333333333,0.6666666666666666,69.81888888888888,48.0,25.0,2234.0,19001.5783,28388.7268,1.092406681159262
Stanislaus,2022-07,0.0,55.03225806451613,5.631505376344086,4189.766666666667,0.0,72.67311827956989,49.0,26.0,20257.0,41085.4432,10576.4565,1.4565422415456826
Stanislaus,2022-08,0.0,57.376344086021504,5.088709677419355,3786.133333333333,0.0,73.40537634408601,51.0,36.0,319.0,19885.3496,4696.0619,0.7282711207728413
Stanislaus,2022-09,0.0966666666666666,58.53333333333333,4.574,3293.6666666666665,0.0,71.85333333333334,51.0,45.0,494.0,8901.127,6545.3045,0.5462033405796309
Stanislaus,2022-10,0.0,66.01433691756273,3.8172491039426526,2643.9333333333334,0.0,65.14637096774193,53.0,50.0,45984.0,30434.2187,819.3167,1.2744744613524723
Stanislaus,2022-11,1.16,75.62222222222222,3.4273333333333333,2467.6,0.0,53.12777777777777,65.5,25.5,29.0,10184.7417,263.9183,1.638610021738893
Stanislaus,2022-12,6.8566666666666665,91.4258064516129,4.632043010752688,3446.5,2.6666666666666665,48.58709677419355,60.0,18.0,0.0,6239.1332,1014.3569,1.2744744613524723
Stanislaus,2023-01,4.256666666666667,82.29032258064517,6.248387096774194,4648.599999999999,3.3333333333333335,48.18387096774194,36.0,9.0,1.0,13004.2559,251.4423,0.3651994171417302
Stanislaus,2023-02,2.3333333333333335,75.28571428571429,5.469047619047619,3674.7666666666664,2.0,45.95952380952381,58.0,19.0,4.0,58530.2677,527.365,0.5477991257125954
Stanislaus,2023-03,4.26,79.13978494623656,6.338817204301075,4715.966666666667,3.6666666666666665,49.22365591397849,30.0,9.0,5.0,244094.4464,3381.9729,0.5477991257125954
Stanislaus,2023-04,0.07,65.73333333333333,5.578222222222222,4016.1,1.0,54.66111111111112,34.0,16.5,17.0,48786.2761,2185.8934,0.7303988342834604
Stanislaus,2023-05,0.4666666666666666,69.7204301075269,4.646774193548388,3457.1666666666665,0.0,61.84086021505376,39.0,20.0,121.0,54154.9041,5051.4257,1.8259970857086512
Stanislaus,2023-06,0.0066666666666666,62.87777777777777,5.233555555555555,3768.1,0.0,66.67777777777776,43.5,22.5,609.0,14008.9878,12765.6206,0.7303988342834604
Stanislaus,2023-07,0.0,54.92245263696877,4.662903225806452,3468.933333333333,0.0,72.81827956989247,51.0,28.0,1314.0,33767.6974,7199.9654,0.7303988342834604
Stanislaus,2023-08,0.0133333333333333,61.81433691756272,4.6063440860215055,3427.566666666667,0.0,74.34408602150539,54.0,27.0,523.0,21238.7302,282.9327,1.643397377137786
Stanislaus,2023-09,0.14,67.46666666666667,4.443555555555555,3199.4,0.0,69.31,50.0,38.0,4317.0,19512.8763,2044.0456,1.643397377137786
Stanislaus,2023-10,0.18,67.72043010752688,3.839569892473118,2856.7000000000003,0.0,63.20860215053764,54.0,41.0,121.0,9525.7416,617.7434,2.008596794279516
Stanislaus,2023-11,0.61,72.75555555555556,3.3878888888888885,2439.5,0.0,54.33111111111111,67.5,34.0,77.0,4904.7617,233.7313,6.208390091409414
Stanislaus,2023-12,1.5333333333333332,84.99139784946237,3.617956989247312,2691.4333333333334,0.0,50.3258064516129,66.0,26.0,15.0,1543.6189,176.6672,4.930192131413358
Stanislaus,2024-01,3.81,88.77419354838709,4.9346236559139784,3671.2333333333336,0.0,50.26881720430108,55.0,13.0,8.0,,,3.428458005900557
Stanislaus,2024-02,3.94,85.80459770114942,4.754942528735633,3309.5,2.0,51.17701149425287,36.0,10.0,1.0,,,1.9848967402582172
Stanislaus,2024-03,1.93,77.3225806451613,4.836344086021506,3598.4,1.0,53.37741935483871,31.0,12.0,1.0,,,3.428458005900557
Stanislaus,2024-04,1.5233333333333334,75.52222222222223,4.637333333333333,3338.9,0.0,56.57222222222222,38.5,17.5,32.0,,,1.8044515820529248
Stanislaus,2024-05,0.6066666666666667,61.50537634408602,5.1923655913978495,3863.066666666667,0.3333333333333333,62.19032258064516,34.0,20.0,242.0,,,1.9848967402582172
Stanislaus,2024-06,0.0,53.689272030651345,5.2298888888888895,3765.6666666666665,0.3333333333333333,69.06444444444445,52.0,28.5,21946.0,,,3.0675676894899717
Stanislaus,2024-07,0.0,55.23089852923001,4.887096774193549,3635.7,0.0,75.18602150537635,56.0,30.0,7950.0,,,2.706677373079387
Stanislaus,2024-08,0.0,57.17204301075268,4.836881720430108,3598.7999999999997,0.0,72.56881720430107,44.0,29.0,740.0,,,2.706677373079387
Stanislaus,2024-09,0.0,61.36666666666667,3.953666666666667,2846.6,0.0,69.41333333333334,42.0,43.5,331.0,,,2.887122531284679
Stanislaus,2024-10,0.0066666666666666,61.68817204301075,3.9206451612903224,2916.933333333333,0.3333333333333333,64.63440860215054,46.0,48.0,137.0,,,8.12003211923816
Stanislaus,2024-11,1.4900000000000002,74.37777777777778,3.9616666666666664,2852.5,0.3333333333333333,54.04666666666666,49.5,21.5,21148.0,,,5.774245062569358
Stanislaus,2024-12,2.1,89.65591397849464,3.986559139784946,2966.0,0.0,51.24516129032258,68.0,21.0,4.0,,,4.691574113337603
Tulare,2001-01,2.1766666666666667,81.51612903225806,2.834301075268817,2108.8333333333335,0.0,49.3752688172043,122.0,62.5,,17923.0209,31083.7981,0.8039209906450395
Tulare,2001-02,1.9166666666666667,79.84523809523809,3.0095238095238095,2022.1666666666667,0.0,51.10357142857143,56.0,15.5,,15235.9692,1064.4822,0.5359473270966929
Tulare,2001-03,0.2433333333333333,72.78494623655915,3.1244086021505377,2324.9,0.0,58.29247311827957,60.5,42.0,,31041.9392,21045.8658,0.5359473270966929
Tulare,2001-04,2.2933333333333334,68.0,3.340666666666667,2405.5,0.0,61.12954248366014,58.0,31.0,,69037.4968,983.8063,0.2679736635483464
Tulare,2001-05,0.0133333333333333,47.69892473118279,3.2489247311827953,2417.5,0.0,73.96290322580646,58.0,50.5,,48884.6828,2024.3338,1.0718946541933858
Tulare,2001-06,0.0,43.90651340996169,3.350888888888889,2412.5,0.0,77.67833333333334,46.0,42.0,,36669.1033,2955.8281,1.3398683177417323
Tulare,2001-07,0.04,54.0752688172043,3.3240860215053765,2472.8333333333335,0.0,79.43064516129033,53.0,39.0,,39307.3103,6290.6704,1.3398683177417323
Tulare,2001-08,0.0,53.29224270353303,3.0817703533026113,2211.766666666667,0.0,79.85710872162485,55.0,50.0,,6947.7205,25160.0878,2.1437893083867716
Tulare,2001-09,0.0,55.963601532567054,2.829555555555556,1990.6,0.0,76.28769230769231,61.0,57.0,,9495.5273,7138.5445,3.215683962580158
Tulare,2001-10,0.3133333333333333,63.79569892473118,2.4370967741935483,1813.2,0.0,69.12043010752689,73.0,66.0,,9460.32,59704.9806,3.215683962580158
Tulare,2001-11,1.85,84.16666666666667,2.3535555555555554,1694.5333333333335,0.0,61.04888888888889,45.0,59.0,,573.8962,2254.98,3.215683962580158
Tulare,2001-12,2.733333333333333,88.29032258064517,2.6807526881720434,1994.1333333333332,0.0,52.596774193548384,88.0,22.0,,710.0834,2917.4788,2.1437893083867716
Tulare,2002-01,1.096666666666667,87.68817204301075,2.6344086021505375,1959.6666666666667,0.0,51.20430107526882,117.0,38.0,,7700.583,308.222,0.7903722126206636
Tulare,2002-02,0.2633333333333333,77.13095238095237,2.6374999999999997,1772.3666666666668,0.0,52.76428571428571,112.0,45.0,,13600.3149,34382.8005,0.7903722126206636
Tulare,2002-03,0.98,64.89956011730206,3.340777126099707,2097.475,0.0,57.73010752688172,79.0,31.0,,26112.4802,13675.8311,0.5269148084137757
Tulare,2002-04,0.4325,60.79166666666667,3.623166666666666,2608.95,0.0,66.34222222222222,73.5,43.0,,75162.2882,807.2125,1.8442018294482148
Tulare,2002-05,0.285,49.774193548387096,3.612903225806451,2687.925,0.0,71.75067204301075,72.0,37.0,,68647.0818,899.3055,3.6884036588964295
Tulare,2002-06,0.0,48.56551724137931,3.4171666666666667,2460.225,0.0,78.45416666666667,76.0,45.0,,32747.6676,1257.2702,0.5269148084137757
Tulare,2002-07,0.0,49.822580645161295,3.052741935483871,2271.225,0.0,81.55725806451612,84.0,47.0,,9917.7251,12881.775,3.4249462546895417
Tulare,2002-08,0.0,51.20161290322581,2.870322580645161,2135.45,0.0,78.8758064516129,78.5,54.0,,9300.6884,1304.055,2.3711166378619906
Tulare,2002-09,0.01,50.791666666666664,2.82025,2030.9,0.0,75.00083333333333,66.0,60.0,,9878.7988,4509.345,2.3711166378619906
Tulare,2002-10,0.05,62.78225806451613,2.3466129032258065,1746.1,0.0,65.94032258064516,88.5,66.0,,3730.2549,1721.15,2.1076592336551028
Tulare,2002-11,1.58,81.85775862068965,2.2620833333333334,1628.95,0.0,58.564166666666665,117.0,60.0,,2134.9792,4495.5564,2.6345740420688784
Tulare,2002-12,1.74,83.54032258064517,2.546532258064516,1894.575,0.0,53.105645161290326,71.0,19.0,,1485.2221,62856.6765,2.3711166378619906
Tulare,2003-01,0.33,91.62903225806453,2.480806451612903,1845.575,0.0,53.270967741935486,89.5,36.0,,9462.1313,279.3863,1.543436151904986
Tulare,2003-02,1.5475,80.23214285714286,2.896160714285714,1945.725,0.0,54.47767857142857,77.0,20.0,,11982.7199,13191.3369,2.5723935865083103
Tulare,2003-03,0.4075,68.21774193548387,3.2643548387096772,2428.5,0.0,58.96209677419355,58.0,30.0,,11656.9651,9897.0089,2.5723935865083103
Tulare,2003-04,1.585,64.75,3.6125833333333337,2601.325,0.0,62.73583333333333,39.0,19.0,,25672.768,1114.5876,2.315154227857479
Tulare,2003-05,0.9275,54.733870967741936,3.4819354838709677,2590.6,0.0,68.79758064516129,61.0,29.0,,25957.8539,5588.1231,1.800675510555817
Tulare,2003-06,0.0,46.3,3.6365833333333337,2618.525,0.0,76.98333333333333,62.5,35.0,,31425.7841,3803.316,1.028957434603324
Tulare,2003-07,0.0,45.29838709677419,3.2470967741935484,2415.8,0.0,79.92500000000001,65.0,44.0,,12617.9747,4930.1483,2.8296329451591413
Tulare,2003-08,0.0,51.85913978494624,3.3169354838709677,2467.75,0.0,79.90967741935484,61.0,44.0,,5059.9464,3330.5055,4.373069097064127
Tulare,2003-09,0.0,50.766666666666666,2.8558333333333334,2055.975,0.0,76.66416666666666,70.0,63.0,,761.3886,6326.774,3.858590379762465
Tulare,2003-10,0.225,54.64516129032258,2.59241935483871,1928.875,0.0,69.64032258064516,85.0,58.0,,1313.2119,40625.8792,4.8875478143657896
Tulare,2003-11,0.73,74.7,2.3228333333333335,1672.725,0.0,58.04166666666667,86.5,36.5,,1007.6488,33470.8565,4.8875478143657896
Tulare,2003-12,1.8825,79.71774193548387,2.7666935483870967,2058.425,0.0,53.08790322580646,69.0,30.0,,8754.6763,11120.7961,4.115829738413296
Tulare,2004-01,0.975,86.48387096774194,2.567741935483871,1910.55,0.0,50.811290322580646,94.0,29.0,,27231.9969,16092.3137,3.2644779597514977
Tulare,2004-02,2.145,77.01724137931035,2.9461206896551726,2050.175,0.0,52.58189655172414,70.0,10.0,,10732.5425,1419.7255,2.0089095136932293
Tulare,2004-03,0.6375,68.68548387096774,2.943064516129032,2189.7,0.0,62.12741935483871,85.0,46.0,,20816.7273,6083.9929,2.7622505813281903
Tulare,2004-04,0.1525,50.81120689655173,3.3945,2444.15,0.0,66.89083333333333,61.0,35.0,,25952.5505,7018.1297,3.7667053381748055
Tulare,2004-05,0.01,45.16129032258065,3.697903225806451,2750.975,0.0,71.97822580645162,50.0,34.0,,63314.4699,15965.0237,3.515591648963152
Tulare,2004-06,0.01,45.766666666666666,3.705666666666666,2668.4,0.0,78.30916666666667,57.5,37.5,,11693.9286,28343.9602,3.2644779597514977
Tulare,2004-07,0.0,45.75,3.3976612903225805,2528.125,0.0,82.07016129032257,60.0,44.0,,3679.4391,25971.8032,3.013364270539844
Tulare,2004-08,0.0,47.814516129032256,3.2214516129032256,2396.55,0.0,79.54596774193548,56.0,49.5,,934.7957,9960.0016,3.7667053381748055
Tulare,2004-09,0.0,45.04166666666667,2.9671666666666665,2136.425,0.0,74.42416666666666,62.0,56.0,,788.2808,5241.2093,4.017819027386459
Tulare,2004-10,1.6325,68.40322580645162,2.692016129032258,2002.9,0.0,67.32661290322581,66.0,42.0,,1231.2582,2717.7857,2.511136892116537
Tulare,2004-11,0.79,81.95833333333334,2.3559166666666664,1696.175,0.0,57.64666666666666,90.0,31.0,,793.3054,816.8148,4.520046405809766
Tulare,2004-12,1.8775,81.67741935483872,2.6453225806451615,1968.15,0.0,51.53650537634409,81.0,22.0,,536.0553,1176.5375,3.2644779597514977
Tulare,2005-01,2.745,86.64516129032259,2.6514516129032257,1972.825,0.0,52.395698924731185,66.0,12.0,,31893.6765,1524.9341,1.9609284996445815
Tulare,2005-02,1.72,81.28571428571428,2.6705357142857142,1794.025,0.0,55.7442791005291,77.0,32.5,,18023.6746,2300.3649,1.4706963747334365
Tulare,2005-03,1.8275,76.88413978494624,2.984758064516129,2220.85,0.0,61.211290322580645,64.0,19.0,,40866.4751,6989.0201,1.4706963747334365
Tulare,2005-04,0.825,63.06149425287356,3.27975,2361.6,0.0,63.61583333333333,55.5,19.0,,19830.2968,14563.0376,0.9804642498222907
Tulare,2005-05,0.945,59.70161290322581,3.263709677419355,2428.2250000000004,0.0,70.83306451612904,58.0,31.0,,47267.714,60184.4765,0.4902321249111454
Tulare,2005-06,0.01,47.2,3.6133333333333337,2601.65,0.0,75.04166666666666,53.0,41.0,,24914.8841,85765.32,0.7353481873667181
Tulare,2005-07,0.0,45.145161290322584,3.3248387096774192,2473.8999999999996,0.0,81.99435483870968,68.0,52.0,,12438.8328,80836.8016,1.2255803122778637
Tulare,2005-08,0.0,44.403225806451616,3.198790322580645,2380.2,0.0,80.3733870967742,62.0,50.0,,8532.9185,19205.6902,2.941392749466873
Tulare,2005-09,0.0575,50.916666666666664,2.962,2132.675,0.0,72.76666666666667,62.0,56.0,,1341.8487,3154.2572,4.166973061744736
Tulare,2005-10,0.675,60.92741935483871,2.582016129032258,1921.075,0.0,67.0741935483871,67.5,54.5,,3773.624,4075.0444,5.6376694364781725
Tulare,2005-11,0.8875000000000001,68.16293103448275,2.235333333333333,1609.525,0.0,59.892500000000005,92.5,49.0,,1611.0886,2845.0089,3.676740936833591
Tulare,2005-12,1.485,84.34170506912443,2.4666559139784945,1820.0,0.0,54.34301075268817,84.0,32.0,,4087.1446,871.0026,5.882785498933745
Tulare,2006-01,2.9,84.28513824884793,2.7139516129032257,2018.85,0.0,52.83870967741935,79.0,34.0,,60444.7236,2775.3623,4.579184953280262
Tulare,2006-02,0.7125,72.05753968253968,2.796964285714286,1879.675,0.0,54.291964285714286,93.0,31.0,,20445.6961,2643.5338,3.1331265469812326
Tulare,2006-03,3.075,77.22204301075269,3.3009677419354837,2455.775,0.0,56.39516129032258,48.0,12.0,,42493.0884,4890.6846,2.892116812598061
Tulare,2006-04,2.985,74.11130952380952,3.38525,2437.4,0.0,66.09083333333334,46.0,11.0,,74591.4455,6574.831,0.964038937532687
Tulare,2006-05,0.3825,53.024193548387096,3.445483870967742,2563.65,0.0,75.78847926267281,70.0,49.0,,36388.325,57954.586,1.2050486719158586
Tulare,2006-06,0.0,44.976190476190474,3.532,2542.875,0.0,77.78563218390805,64.5,47.5,,26403.9416,93059.9452,3.615146015747576
Tulare,2006-07,0.0,42.785560675883254,3.7677419354838713,2551.2,0.0,82.20806451612904,66.0,50.5,,14323.092,60585.1586,1.6870681406822023
Tulare,2006-08,0.0,46.12903225806452,3.4701935483870967,2581.6,0.0,80.05083870967742,63.0,50.0,0.0,3050.4998,20891.5632,4.579184953280262
Tulare,2006-09,0.016,46.830370370370375,3.213333333333334,2313.4,0.0,75.52466666666666,65.0,60.0,0.0,1272.5196,5670.3328,6.748272562728809
Tulare,2006-10,0.134,60.87806451612903,2.743225806451613,2040.92,0.0,67.03021134593993,73.0,35.0,1914.71,2567.3119,3648.1986,6.98928229711198
Tulare,2006-11,0.136,74.34206896551724,2.6824666666666666,1931.48,0.0,59.918933333333335,84.5,46.0,73.3,3303.3276,2049.1856,5.302214156429778
Tulare,2006-12,0.978,74.07096774193549,2.773741935483871,2063.5,0.0,50.67483870967742,88.0,42.0,94.35,30120.9116,1842.3122,5.54322389081295
Tulare,2007-01,0.3339999999999999,70.59591397849462,2.6854387096774195,1984.98,0.0,45.99698924731183,107.0,37.0,293.8,43783.3201,1633.6731,5.922205903254844
Tulare,2007-02,1.362,74.33819875776398,3.3232670807453415,2148.8,0.0,53.45996894409937,75.0,27.0,38.1,14857.5397,2626.576,4.500876486473682
Tulare,2007-03,0.752,60.99193548387097,3.2931451612903224,1959.8,0.2,60.498387096774195,66.0,32.5,898.75,38326.8794,7000.127,3.553323541952907
Tulare,2007-04,0.9075,53.69166666666666,3.857916666666666,2777.3,0.0,65.49844827586207,55.5,34.5,206.9,33743.1464,23950.0157,1.8951058890415504
Tulare,2007-05,0.5974999999999999,38.04435483870968,3.996290322580645,2973.1000000000004,0.0,73.34274193548387,59.0,34.5,1065.6,18875.1802,80323.9247,2.6057705974321315
Tulare,2007-06,0.02,37.23154761904762,3.98825,2871.125,0.25,78.33833333333334,58.0,36.0,2559.5,19051.3053,86329.4647,3.3164353058227127
Tulare,2007-07,0.0,42.016129032258064,3.7075806451612903,2758.65,0.0,82.13225806451612,58.0,32.0,310.5,8018.4385,58477.781,4.2639882503434885
Tulare,2007-08,0.0,41.222580645161294,3.4877419354838715,2594.9,0.0,80.53387096774193,63.0,44.0,124.7,4072.0359,18850.7951,3.790211778083101
Tulare,2007-09,0.2074999999999999,52.36666666666667,3.429333333333333,2468.8999999999996,0.0,75.5125,63.0,37.0,116.2,5375.2021,15002.8327,1.4213294167811628
Tulare,2007-10,1.0025,58.37822580645161,3.132228494623656,2312.25,0.25,66.91298665183538,61.5,42.0,28.5,42982.7164,3667.5143,1.4213294167811628
Tulare,2007-11,0.745,71.25833333333333,2.3553333333333333,1695.25,0.0,61.185,136.5,63.0,13.6,78962.9844,2066.9629,2.3688823613019374
Tulare,2007-12,1.0475,77.86827956989248,2.4296255760368664,1755.075,0.0,51.01632961124896,82.0,17.0,5.7,22928.8416,828.6615,5.685317667124651
Tulare,2008-01,1.7675,78.73198924731183,2.9053225806451612,2161.55,0.25,51.30873934000741,59.0,32.5,5.1,109804.7194,210.8731,2.096519079488356
Tulare,2008-02,1.3675,78.02298850574712,2.8375,1824.775,0.0,53.435344827586206,68.0,40.0,8.68,40356.621,3155.9185,2.5624122082635465
Tulare,2008-03,0.1875,58.61035653650255,3.6758786078098473,2545.825,0.0,59.1606960950764,60.0,32.0,767.98,34087.5545,10407.6127,3.028305337038737
Tulare,2008-04,0.075,46.69856321839081,3.87175,2787.475,0.0,63.22833333333333,55.5,32.0,53.01,48088.5639,23722.6624,3.2612519014263315
Tulare,2008-05,0.2225,42.66129032258064,4.0629838709677415,3022.975,0.25,71.09919354838709,58.0,39.0,1797.37,31139.9971,67629.4941,3.494198465813927
Tulare,2008-06,0.0,33.849074074074075,3.9291666666666663,2828.7,0.5,76.34916666666666,61.0,50.0,379.66,20196.1962,76574.9831,4.891877852139498
Tulare,2008-07,0.0,43.26747311827957,3.573306451612903,2658.65,0.0,82.23548387096774,73.0,47.0,645.9399999999999,9222.9092,85878.1117,4.193038158976712
Tulare,2008-08,0.05,42.0,3.3623387096774193,2501.875,0.0,81.06854838709677,58.0,44.5,3022.64,6184.2535,22858.8428,6.056610674077474
Tulare,2008-09,0.01,45.766666666666666,3.0581666666666667,2202.025,0.0,76.57166666666667,67.5,58.0,102.67,2847.0559,8594.0045,3.028305337038737
Tulare,2008-10,0.1025,49.08064516129032,3.0354838709677416,2258.4,0.0,68.70725806451614,73.0,62.0,167.01,11450.6278,2386.7958,5.3577709809146885
Tulare,2008-11,1.3875,79.38132183908047,2.4106666666666667,1735.775,0.0,61.695,92.5,52.0,20.3,38011.3399,1107.5467,2.7953587726511415
Tulare,2008-12,0.935,85.35483870967742,2.5543548387096773,1900.375,0.0,52.85564516129032,77.0,29.0,0.0,8605.7106,1690.3817,6.056610674077474
Tulare,2009-01,0.91,83.21774193548387,2.3558870967741936,1752.775,0.0,51.362096774193546,92.0,37.5,1.0,57671.0212,2683.0922,3.661436152562891
Tulare,2009-02,1.08,75.5625,3.206785714285714,2155.125,0.0,53.377678571428575,44.5,10.5,974.1,35141.077,3559.788,4.347955431168433
Tulare,2009-03,0.195,61.056451612903224,3.6475,2713.6,0.25,58.412903225806446,54.0,31.0,63.52,25152.1489,13327.8063,3.661436152562891
Tulare,2009-04,0.2875,49.80833333333333,3.989333333333333,2872.15,0.25,63.8475,53.0,28.0,38.9,51115.5852,31073.0352,3.20375663349253
Tulare,2009-05,0.3575,45.45967741935484,4.002983870967742,2978.1000000000004,0.0,72.80806451612904,55.0,36.0,540.26,26077.2153,69768.7435,4.5767951907036135
Tulare,2009-06,0.0525,44.65833333333333,4.132,2974.6,0.0,76.37083333333334,53.0,33.0,413.65,23087.4839,63908.9571,7.322872305125782
Tulare,2009-07,0.0025,38.793659621802,3.599208379681127,2341.325,0.0,80.35970522803115,61.0,40.0,388.67,8351.0936,24837.8299,5.949833747914697
Tulare,2009-08,0.0,37.663978494623656,3.5535752688172044,2045.0,0.0,78.40403225806452,61.0,48.0,39.82,5232.6812,14511.4453,5.263314469309155
Tulare,2009-09,0.0225,43.221969696969694,2.9975681818181816,2002.5,0.0,78.16214912280702,55.0,56.0,127.78,1414.6437,8927.5752,3.661436152562891
Tulare,2009-10,0.5425,59.17408231368187,2.9281451612903227,2178.3999999999996,0.25,67.9991935483871,59.0,50.0,16.22,32284.3951,1257.7631,4.119115671633252
Tulare,2009-11,0.2125,68.91666666666666,2.6794166666666666,1929.25,0.0,59.845000000000006,82.5,35.0,7.3,44146.2261,5881.6613,2.9749168739573486
Tulare,2009-12,1.6725,81.91129032258064,2.7834677419354836,2070.75,0.0,52.84193548387097,80.0,26.0,5.01,30942.4565,348.5336,3.661436152562891
Tulare,2010-01,2.7275,86.0241935483871,3.160241935483871,2350.85,0.0,53.162903225806446,66.0,25.0,1.0,81733.6835,997.8072,2.256959334106718
Tulare,2010-02,2.405,84.54464285714286,2.856517857142857,1919.625,0.0,56.6375,55.5,26.0,1.14,37221.1736,4588.732,2.48265526751739
Tulare,2010-03,0.6025,68.37903225806451,3.4720161290322578,2582.85,0.0,59.557258064516134,52.0,21.0,1.71,63917.8406,12478.967,1.5798715338747025
Tulare,2010-04,1.785,66.93333333333334,3.7935833333333338,2731.525,0.0,62.6575,58.0,19.0,2.72,69323.6006,29273.5705,1.8055674672853743
Tulare,2010-05,0.1725,50.46774193548387,4.199032258064516,3124.075,0.0,67.6258064516129,56.0,20.0,67.69,15237.0623,41676.0868,1.3541756004640308
Tulare,2010-06,0.4525,43.4,3.7216666666666662,2679.45,0.0,76.17,53.5,26.0,1786.24,21854.7349,82785.6236,2.48265526751739
Tulare,2010-07,0.0,44.064516129032256,3.630967741935484,2701.625,0.0,81.3733870967742,62.0,36.0,725.28,8557.5809,44712.857,4.739614601624108
Tulare,2010-08,0.0,44.91129032258064,3.333064516129032,2479.8,0.0,79.97258064516129,55.0,38.0,957.18,3526.0355,24384.4254,2.7083512009280617
Tulare,2010-09,0.02,50.33333333333333,3.08425,2220.7,0.0,76.3275,60.0,53.0,289.11,1684.8563,9100.6632,5.642398335266795
Tulare,2010-10,0.475,63.86290322580645,2.950241935483871,2194.975,0.0,71.59838709677419,64.0,44.0,75.45,16842.5281,3443.7519,8.57644546960553
Tulare,2010-11,1.0875,76.30000000000001,2.5476666666666667,1834.425,0.0,60.78333333333333,64.5,19.0,6.21,56777.104,3232.3787,5.642398335266795
Tulare,2010-12,6.6125,86.66129032258064,2.5420967741935483,1891.0,0.0,57.04112903225806,63.0,27.0,0.0,32448.6538,281.2757,4.513918668213436
Tulare,2011-01,1.3,90.5,2.300725806451613,1711.7,0.0,54.02983870967742,84.0,29.0,0.0,101310.4212,545.1702,2.0120139589057326
Tulare,2011-02,0.7575000000000001,71.83035714285714,3.1704464285714287,2130.4,0.0,55.089285714285715,61.0,21.0,6.21,34636.6334,6872.7835,0.4471142130901628
Tulare,2011-03,2.3150000000000004,74.87903225806451,3.420322580645161,2545.275,0.0,59.34435483870968,56.0,17.0,1255.65,48448.344,20284.1391,0.8942284261803256
Tulare,2011-04,0.5125000000000001,62.240229885057474,3.7679404761904767,2671.325,0.0,65.9026724137931,54.0,19.0,26.66,73810.6923,30921.7994,1.3413426392704886
Tulare,2011-05,0.3975,51.16935483870968,4.029126344086022,2976.325,0.0,70.1483870967742,54.0,23.0,638.29,31005.3793,56550.9536,0.6706713196352443
Tulare,2011-06,0.395,51.30833333333334,3.82875,2756.6,0.0,77.39833333333334,61.0,25.0,1683.4999999999998,35502.271,81774.5362,1.56489974581557
Tulare,2011-07,0.0225,48.78893214682981,3.674873271889401,2677.5249999999996,0.0,84.16854838709678,60.0,33.0,1127.55,18244.9896,121612.5894,2.4591281719958955
Tulare,2011-08,0.0,48.00806451612903,3.399002688172043,2511.15,0.0,81.83064516129032,56.0,35.5,133.34,4576.6996,32412.3938,3.800470811266384
Tulare,2011-09,0.055,50.575,3.365166666666666,2422.7,0.0,78.09833333333333,62.5,56.0,6876.05,2740.4399,14905.3069,4.024027917811465
Tulare,2011-10,0.425,66.49220430107528,2.824685483870968,2085.325,0.0,71.01534946236559,80.0,38.0,247.37,12579.834,28599.4389,5.365370557081954
Tulare,2011-11,0.9075,80.48333333333333,2.676833333333333,1926.975,0.0,63.98833333333333,76.0,21.0,19.96,18434.7518,12785.8806,4.024027917811465
Tulare,2011-12,0.0075,72.62096774193549,2.488225806451613,1851.325,0.0,49.704032258064515,114.0,48.0,64.09,27075.1342,507.0587,2.235571065450814
Tulare,2012-01,0.84,72.24193548387096,2.9117741935483874,2166.1,0.0,50.22016129032258,98.0,54.5,58.52,101398.6265,1326.884,2.8843060470585624
Tulare,2012-02,0.285,68.11206896551724,3.104137931034483,2160.475,0.0,53.61206896551724,56.0,23.0,23.32,34520.274,13474.6616,3.1061757429861445
Tulare,2012-03,2.0,65.04838709677419,3.745241935483871,2786.2,0.25,56.822580645161295,42.0,27.0,103.23,48911.6017,23195.1914,2.6624363511309808
Tulare,2012-04,2.55,64.76211001642037,3.7915833333333335,2730.1,0.0,62.751666666666665,59.5,23.0,21.52,76428.4566,33320.0279,4.437393918551635
Tulare,2012-05,0.005,46.28225806451613,3.9283870967741934,2922.875,0.0,71.26935483870969,59.0,33.0,176.38,28818.8451,60635.3372,1.9968272633482356
Tulare,2012-06,0.07,41.83333333333333,4.199833333333333,3023.5750000000003,0.0,77.12666666666667,55.5,37.0,649.5500000000001,26332.131,148542.9486,3.3280454389137257
Tulare,2012-07,0.005,42.67741935483871,3.810241935483871,2834.875,0.0,80.60725806451613,59.0,30.0,260.84,12216.5891,105076.72,3.1061757429861445
Tulare,2012-08,0.0,41.733870967741936,3.4888709677419354,2595.7999999999997,0.0,81.81693548387096,61.0,44.0,258.7,4362.1633,40319.2726,3.3280454389137257
Tulare,2012-09,0.0,45.099999999999994,3.0428333333333333,2191.05,0.0,76.65416666666667,63.0,55.0,127.1,1327.6859,7310.8708,2.440566655203399
Tulare,2012-10,0.07,60.5,2.8166129032258063,2095.6,0.0,69.31693548387096,61.0,39.0,23.0,3982.7031,7753.2499,2.2186969592758174
Tulare,2012-11,0.5175000000000001,73.50833333333333,2.53225,1823.3,0.0,60.18333333333334,74.0,17.0,122.36,9478.8953,5779.4392,1.3312181755654904
Tulare,2012-12,1.4925000000000002,83.72671023359288,2.2840322580645163,1699.4,0.0,54.91451612903226,59.0,19.5,2.0,33953.0992,7022.6938,3.549915134841308
Tulare,2013-01,0.51,77.75,2.790564516129032,2076.35,0.0,47.564516129032256,84.0,32.0,15.55,107157.3089,8388.2076,3.084841967952899
Tulare,2013-02,0.7175,72.0625,3.0047321428571427,2019.15,0.0,51.90089285714286,67.5,30.0,3.22,26792.7344,7325.7011,1.1017292742688924
Tulare,2013-03,0.75,64.62096774193549,3.4521774193548387,2568.425,0.0,59.55564516129032,60.0,25.0,12.12,69923.3654,24844.2932,1.1017292742688924
Tulare,2013-04,0.035,50.791666666666664,4.119666666666666,2966.325,0.0,66.43,56.0,25.0,264.72,75765.3562,40884.2179,1.3220751291226711
Tulare,2013-05,0.37,45.42741935483871,4.221129032258064,3139.9500000000003,0.0,71.86451612903225,53.0,25.0,512.1999999999999,29872.1967,70914.5732,2.86449611309912
Tulare,2013-06,0.01,44.31041666666667,3.8473333333333337,2770.05,0.0,77.175,59.0,34.0,385.52,22373.1561,211559.3898,3.084841967952899
Tulare,2013-07,0.0125,41.04032258064516,3.4056451612903227,2533.9,0.0,83.35000000000001,59.0,39.0,290.25,12571.2313,91056.4235,2.86449611309912
Tulare,2013-08,0.0225,46.572580645161295,3.4221774193548384,2546.225,0.0,81.2516129032258,56.0,35.0,231.66,4903.8219,41649.6293,1.7627668388302278
Tulare,2013-09,0.0,49.666666666666664,3.2114166666666666,2312.325,0.0,78.12,56.0,49.0,31.0,2077.8126,11620.5963,1.9831126936840064
Tulare,2013-10,0.2875,52.766129032258064,2.975322580645161,2213.55,0.0,68.40080645161291,61.0,47.0,8.95,2186.6405,7292.9738,1.7627668388302278
Tulare,2013-11,0.495,65.28333333333333,2.4758333333333336,1782.375,0.0,60.99916666666667,80.5,50.5,8.33,11934.4934,4248.4854,1.9831126936840064
Tulare,2013-12,0.12,67.83306451612903,2.5911290322580647,1927.625,0.0,52.226612903225806,130.0,57.0,6.95,24607.4578,3529.2827,2.6441502582453422
Tulare,2014-01,0.2125,62.45967741935484,2.528548387096774,1881.3,0.0,52.53629032258065,143.0,70.0,139.51,104887.4892,2608.61,2.8451681384940306
Tulare,2014-02,1.085,72.71428571428572,3.255535714285714,2187.825,0.0,57.03839285714285,70.5,25.0,2.9,42362.9875,14202.0471,1.5320136130352473
Tulare,2014-03,0.76,61.064516129032256,3.6806451612903226,2738.275,0.0,63.475,59.0,27.0,12.35,88374.6521,33513.3433,1.0942954378823195
Tulare,2014-04,0.3,53.425,3.0065833333333334,2164.85,0.0,69.6559420289855,57.5,21.0,119.37,53988.2459,61325.7788,1.3131545254587833
Tulare,2014-05,0.0725,39.846774193548384,3.9352419354838712,2927.35,0.25,69.03548387096775,55.0,34.0,35.15,39441.2381,98698.9956,2.8451681384940306
Tulare,2014-06,0.0,34.03333333333333,3.7865833333333336,2726.2,0.0,75.8151282051282,57.0,41.0,114.0,23472.5944,268835.2475,1.750872700611711
Tulare,2014-07,0.0025,39.17016129032258,3.813629032258064,2837.325,0.0,84.54731182795699,58.0,43.0,152.25,10553.7217,58812.2404,2.407449963341103
Tulare,2014-08,0.0,38.60483870967742,3.840725806451613,2857.55,0.0,81.57765762463343,57.0,45.0,276.25,4778.1611,34146.9713,1.969731788188175
Tulare,2014-09,0.0025,44.80833333333334,3.377,2431.625,0.0,81.68833333333333,58.5,57.0,20.94,1322.0767,13466.1102,1.5320136130352473
Tulare,2014-10,0.2675,51.266129032258064,2.857338709677419,2126.0,0.0,75.31129032258065,56.0,58.0,14.68,3621.2043,5644.7512,2.8451681384940306
Tulare,2014-11,0.4675,75.80833333333334,2.423583333333333,1744.875,0.0,64.16166666666668,77.0,39.0,0.23,11305.9342,1251.8815,2.407449963341103
Tulare,2014-12,1.8275,84.34381720430108,2.8751612903225805,2139.1,0.0,58.558026113671275,60.0,25.0,2.1,36813.4409,5356.0874,1.0942954378823195
Tulare,2015-01,0.2625,87.46021299386149,2.4444354838709677,1818.65,0.0,52.53607526881721,90.0,40.0,2.26,120565.7311,910.6776,1.5239422208192277
Tulare,2015-02,0.655,77.8070818070818,3.0435714285714286,2045.375,0.0,57.96696428571428,87.0,29.5,7000.71,51153.454,12704.1599,0.4354120630912079
Tulare,2015-03,0.1075,59.04032258064517,3.390967741935484,2523.25,0.0,63.02509305210918,61.0,34.0,6.63,56466.1193,37289.9965,2.830178410092852
Tulare,2015-04,0.4525,48.575,3.992583333333333,2874.85,0.0,68.20666666666668,58.5,33.0,28.33,57371.2277,40396.1169,1.5239422208192277
Tulare,2015-05,0.4375,47.79032258064516,4.186048387096775,3114.4,0.0,74.35645161290321,52.0,25.0,190.59,66465.9912,100287.8139,2.830178410092852
Tulare,2015-06,0.01,37.766666666666666,3.888083333333334,2799.425,0.0,81.98878205128204,53.5,29.0,250.01,40009.9431,281008.0483,1.3062361892736238
Tulare,2015-07,0.0775,41.943548387096776,4.157983870967742,3093.025,0.0,82.5010752688172,47.0,,1033.37,17275.8895,103089.9745,3.26559047318406
Tulare,2015-08,0.0,42.60483870967742,3.528870967741936,2625.375,0.0,81.82652329749105,58.0,55.0,40.44,9748.0299,64811.4875,1.5239422208192277
Tulare,2015-09,0.055,39.98511904761904,3.10025,2232.375,0.0,79.8879605263158,57.5,66.0,224.02,1887.731,13106.5743,3.0478844416384554
Tulare,2015-10,0.96,61.1115127919911,2.7541129032258063,2049.125,0.0,72.87305107526882,62.0,45.0,55.22,6011.0718,4214.8971,3.701002536275268
Tulare,2015-11,1.495,74.69166666666666,2.59075,1865.325,0.0,57.235,67.5,27.5,30.46,7304.8393,6522.3389,2.830178410092852
Tulare,2015-12,1.3825,80.35483870967742,2.437016129032258,1813.075,0.0,49.79112903225807,71.0,25.0,0.63,23571.2618,5545.3242,1.3062361892736238
Tulare,2016-01,2.6325000000000003,85.19786866359448,2.7921774193548385,2077.2,0.0,51.17177419354839,60.0,19.0,3.1100000000000003,99369.424,12524.5395,3.679518286123671
Tulare,2016-02,0.135,76.63608374384236,2.879655172413793,2004.1,0.0,54.75086206896552,71.0,34.0,3.4299999999999997,62387.2412,20737.3353,1.7315380169993744
Tulare,2016-03,1.3275,68.11290322580645,3.620483870967742,2693.65,0.0,61.70967741935484,47.0,21.0,5.31,70493.1373,37498.1372,1.298653512749531
Tulare,2016-04,0.51,54.875,3.8641666666666663,2782.275,0.0,68.59,52.5,28.0,278.28,55505.417,60031.3522,2.3808647733741397
Tulare,2016-05,0.2575,48.20161290322581,4.211048387096774,3132.85,0.0,74.64758064516128,49.0,33.0,512.85,54179.9246,104803.2393,1.7315380169993744
Tulare,2016-06,0.0225,38.41666666666667,4.001333333333333,2880.9,0.0,81.64833333333334,58.5,39.0,144.14,48362.9957,253426.6268,1.947980269124296
Tulare,2016-07,0.0,35.693548387096776,3.8083870967741937,2833.6,0.0,83.36984427141269,62.0,39.5,5980.4400000000005,19711.8544,105943.9358,3.246633781873827
Tulare,2016-08,0.0,38.314516129032256,3.5561290322580645,2645.5,0.0,82.12503584229391,65.0,52.5,7133.4,6374.7229,50106.5994,4.328845042498436
Tulare,2016-09,0.0,39.90833333333333,3.479833333333333,2505.5,0.0,77.06340277777778,59.0,63.0,1408.04,5830.209,12636.7135,6.709709815872576
Tulare,2016-10,0.4075,55.86640711902113,3.2754301075268817,1791.875,0.0,70.82659642401022,55.0,53.0,109.35,4728.3115,5351.6943,9.090574589246716
Tulare,2016-11,0.2625,74.17777777777778,2.728444444444445,1473.225,0.0,59.394444444444446,88.5,51.0,2.5700000000000003,6330.8288,4213.1349,8.657690084996872
Tulare,2016-12,1.5275,83.56666666666666,2.7030501792114694,1493.15,0.0,49.96688172043011,81.0,32.0,0.01,29037.5559,13875.6493,9.307016841371638
Tulare,2017-01,2.9349999999999996,84.98571428571428,3.2206874039938556,2211.325,0.0,49.7857910906298,52.0,11.0,1.02,85638.8705,2031.6947,5.369623396093492
Tulare,2017-02,2.4325,81.58002645502646,3.549375,2385.1,0.25,54.590178571428574,52.0,12.0,1.85,67985.9903,23391.2887,1.5034945509061777
Tulare,2017-03,0.5175000000000001,72.70161290322581,3.3992741935483872,2529.2,0.25,60.01435483870968,60.0,29.0,4.45,83776.0542,44078.0,3.221774037656095
Tulare,2017-04,0.67,58.95833333333333,4.10475,2955.575,0.0,66.02166666666668,52.0,17.5,4579.13,68560.2103,85015.0435,1.5034945509061777
Tulare,2017-05,0.0675,49.233870967741936,4.193306451612903,3119.575,0.0,74.57766963292546,57.0,33.0,10497.71,65898.625,133381.6073,2.1478493584373965
Tulare,2017-06,0.0,45.221545584045586,3.8953,2695.8,0.0,80.67416666666666,59.0,35.0,1744.46,68270.4327,346885.6204,3.221774037656095
Tulare,2017-07,0.0,38.09724857685009,3.444293168880455,2262.65,0.0,84.31073179271708,66.0,41.0,55029.47,29728.789,129102.9781,3.221774037656095
Tulare,2017-08,0.0,43.13018433179724,3.1567365591397847,2331.6,0.0,82.43275985663082,65.0,55.0,454.2,19250.3593,80097.0729,5.154838460249752
Tulare,2017-09,0.1,47.68928571428572,2.36175,1700.7,0.0,78.20636363636365,58.0,53.5,506.5700000000001,9499.5858,14165.6518,6.013978203624711
Tulare,2017-10,0.02,50.064516129032256,2.597258064516129,1932.4,0.0,68.51129032258065,69.0,63.0,244.66,3728.5053,4306.5348,11.383601599718205
Tulare,2017-11,0.1825,69.83333333333334,2.510083333333333,1500.125,0.0,62.73083333333334,64.5,44.0,200.74,3934.361,6678.3791,12.02795640724942
Tulare,2017-12,0.09,67.10752688172043,2.1013978494623653,1563.5666666666666,0.0,50.193548387096776,145.0,67.0,232.02,35358.6058,4126.7613,7.517472754530888
Tulare,2018-01,0.9766666666666668,80.83870967741935,2.4736559139784946,1840.4,0.0,53.10967741935483,77.0,29.0,16.81,94263.2459,1952.7702,7.260737349232924
Tulare,2018-02,0.3333333333333333,61.0,2.9067857142857143,1953.5666666666664,0.0,53.67261904761904,67.0,41.5,61.2,34401.3715,8930.354,4.484573068643865
Tulare,2018-03,2.02,68.48387096774194,3.206451612903226,2385.433333333333,0.0,57.79784946236558,38.0,13.0,1.28,76114.526,30065.571,4.484573068643865
Tulare,2018-04,0.43,55.19195402298851,3.4397777777777776,2476.633333333333,0.0,67.4688888888889,57.5,25.0,1219.13,96025.4127,57881.8114,4.484573068643865
Tulare,2018-05,0.0066666666666666,50.55913978494624,3.750322580645161,2790.1,0.0,74.27311827956989,52.0,36.0,206.48,68746.8336,89640.0315,4.6981241671507155
Tulare,2018-06,0.23,42.333333333333336,3.5434444444444444,2551.233333333333,0.0,77.56777777777778,55.0,45.0,425.6,49051.0907,219427.5675,2.98971537909591
Tulare,2018-07,0.1999999999999999,42.655913978494624,3.2664516129032255,2430.4333333333334,0.0,81.6505376344086,68.0,51.0,253.01,28312.9453,156927.1677,4.2710219701370145
Tulare,2018-08,0.05,44.23655913978495,3.012150537634408,2240.7000000000003,0.0,80.58709677419354,73.0,62.0,635.56,22380.5228,79048.7315,3.843919773123313
Tulare,2018-09,0.0033333333333333,46.17777777777778,2.7953333333333332,2012.9333333333336,0.0,75.89444444444445,58.5,68.0,120.7,8994.4326,26078.099,7.260737349232924
Tulare,2018-10,0.19,57.784946236559136,2.5064516129032257,1864.8333333333333,0.0,68.25268817204301,58.0,57.0,128.87,7473.6359,8783.2577,3.4168175761096116
Tulare,2018-11,0.7025,64.68888888888888,2.2127777777777777,1194.975,0.0,58.9625,75.0,63.5,48.73,6482.8994,3867.6802,7.901390644753477
Tulare,2018-12,0.44,81.25699336711573,2.640258363201911,1220.775,0.0,54.632347670250894,78.0,28.0,3.14,40475.0373,2628.98,5.97943075819182
Tulare,2019-01,1.605,81.1245828698554,2.6702085650723024,1955.325,0.0,52.58773637374861,61.0,20.0,0.0,99167.3883,3262.0151,5.1038961867515615
Tulare,2019-02,2.9275,75.20535714285714,3.204642857142857,2153.225,0.0,52.12678571428572,36.5,11.5,1.03,51437.4827,11507.6796,5.31655852786621
Tulare,2019-03,2.7925,69.02236070381232,3.174307184750733,2178.475,0.0,58.16700879765396,44.0,16.0,2.21,79432.997,36566.4336,7.443181939012693
Tulare,2019-04,0.3675,54.772413793103446,3.439333333333334,2476.25,0.0,66.85916666666667,51.0,25.0,147.23,121411.9343,61620.7834,8.293831303471286
Tulare,2019-05,1.9525,60.725806451612904,3.5241129032258067,2621.9,0.0,70.12741935483871,53.0,28.0,216.03,147700.4384,112553.8441,6.379870233439451
Tulare,2019-06,0.0,43.99166666666667,3.461333333333333,2492.0,0.0,79.56083333333333,56.0,38.0,951.24,98271.5941,218094.0954,5.1038961867515615
Tulare,2019-07,0.0,43.38399503722084,3.2420967741935485,2411.975,0.0,82.63225806451612,58.0,41.0,135.15,51916.7972,253019.8043,6.167207892324804
Tulare,2019-08,0.0,43.89616935483871,3.200322580645161,2380.8,0.0,82.05483870967743,56.0,52.0,989.13,23167.3742,144492.4806,8.293831303471286
Tulare,2019-09,0.0,47.166666666666664,3.051,2196.775,0.0,76.465,54.5,57.5,489.48,6858.9562,34216.867,5.741883210095507
Tulare,2019-10,0.0,48.96774193548387,2.7054032258064513,2012.725,0.0,66.2,64.0,65.0,192.13,6975.9064,8463.1065,10.63311705573242
Tulare,2019-11,0.885,59.425,2.6579166666666665,1913.85,0.0,58.766666666666666,79.5,67.0,33.01,13870.5389,6112.8149,8.506493644585936
Tulare,2019-12,2.1075,80.95161290322581,2.512016129032258,1868.925,0.0,52.82096774193548,56.5,18.0,0.2,34678.5564,547.9533,10.845779396847067
Tulare,2020-01,0.66,83.45967741935485,2.5588709677419352,1903.55,0.0,50.57096774193548,69.0,23.0,0.0,112182.4425,6992.0683,8.877315499792862
Tulare,2020-02,0.1875,61.76847290640394,2.824827586206897,1965.95,0.0,52.800862068965515,64.0,34.0,0.0,25868.9288,30827.1818,4.438657749896431
Tulare,2020-03,2.1975,67.43548387096774,3.16491935483871,2354.6,0.0,58.15403225806452,46.0,13.0,0.0,78823.1082,26964.8726,4.650022404653404
Tulare,2020-04,2.4725,65.71810344827585,3.30975,2382.9,0.0,65.18,55.0,21.0,0.0,103334.5376,62394.6242,4.438657749896431
Tulare,2020-05,0.3399999999999999,46.11290322580645,3.64241935483871,2709.8,0.0,74.85887096774194,47.0,31.0,2.25,84146.949,132196.8073,3.381834476111566
Tulare,2020-06,0.375,42.025,3.7391666666666663,2692.05,0.0,77.8875,54.0,43.5,1.1,62348.9637,230726.0338,4.438657749896431
Tulare,2020-07,0.0825,40.17741935483871,3.452016129032258,2568.3,0.0,79.51370967741936,57.0,45.0,0.2,29857.9932,219180.0655,3.804563785625513
Tulare,2020-08,0.0775,46.320983825016086,2.988951612903226,2223.6499999999996,0.0,78.49435483870967,63.0,63.0,0.0,10704.2455,91453.6365,5.495481023681296
Tulare,2020-09,0.01,52.98154761904762,2.3628333333333336,1701.425,0.0,73.7375,117.0,83.5,0.0,2032.819,53985.0213,6.129574987952214
Tulare,2020-10,0.0,52.5,2.4476612903225807,1820.975,0.0,68.66693548387097,83.0,79.0,0.0,2278.2796,3004.0769,7.18639826173708
Tulare,2020-11,0.3425,68.20833333333334,2.451833333333333,1765.4,0.0,56.16166666666667,81.5,46.0,0.0,5529.7982,318.6536,4.650022404653404
Tulare,2020-12,0.435,69.39301075268817,2.4788602150537633,1494.85,0.0,49.91849462365592,82.0,36.0,0.0,36908.5819,1271.3343,4.650022404653404
Tulare,2021-01,1.4900000000000002,73.21821631878558,2.9315053763440857,2181.133333333333,0.0,48.43010752688172,76.0,31.0,0.0,109803.7797,3139.0056,4.424965232416031
Tulare,2021-02,0.3233333333333333,63.1089065255732,2.9571428571428573,1987.3666666666668,0.0,52.476190476190474,60.5,29.0,14.3,55964.5174,52269.6466,5.899953643221375
Tulare,2021-03,1.1033333333333333,58.59139784946237,3.4023655913978494,2531.633333333333,0.0,56.887096774193544,50.0,22.0,0.18,67307.9218,29748.3717,5.478528382991277
Tulare,2021-04,0.13,48.3,3.4857777777777774,2509.9666666666667,0.0,67.66111111111111,56.5,37.5,12.59,55515.7184,67384.8276,4.2142526023009825
Tulare,2021-05,0.0,41.83563748079877,3.816559139784946,2839.566666666667,0.0,73.51397849462366,55.0,41.0,153.43,49629.7635,102527.7595,4.424965232416031
Tulare,2021-06,0.0,41.436231884057975,3.5941111111111113,2587.7333333333336,0.0,80.42222222222222,60.0,44.0,946.41,53232.383,204417.5853,5.057103122761179
Tulare,2021-07,0.0,39.505376344086024,3.443118279569892,2561.5666666666666,0.0,85.20132616487454,65.0,47.0,448.92,48661.6982,198021.6551,5.267815752876227
Tulare,2021-08,0.0,44.48387096774193,3.2461290322580645,2415.0333333333333,0.0,81.06129032258065,87.0,68.0,3.16,27733.9352,128871.1648,6.110666273336424
Tulare,2021-09,0.0,49.61111111111111,2.9033333333333338,2090.4666666666667,0.0,75.05555555555556,78.5,69.0,7.720000000000001,5310.1316,18813.2107,7.374942054026719
Tulare,2021-10,1.2133333333333332,60.96774193548387,2.810967741935484,2091.0333333333333,0.0,63.54086021505376,111.0,48.0,0.75,6830.2977,7790.6219,8.007079944371865
Tulare,2021-11,0.14,83.88888888888889,2.4067777777777777,1733.0,0.0,57.40555555555556,87.0,31.5,0.26,10966.2035,3578.163,5.689241013106326
Tulare,2021-12,4.16,86.53978494623657,2.586989247311828,1924.5666666666664,0.0,49.31290322580645,29.0,21.0,0.0,30403.5377,2032.4414,3.5821147119558345
Tulare,2022-01,0.04,82.38709677419355,2.483655913978495,1847.8333333333333,0.0,48.07741935483872,82.0,,2.0,148062.539,3152.0079,3.364511136531862
Tulare,2022-02,0.2533333333333333,63.142857142857146,2.897738095238095,1947.3,0.0,50.72738095238095,74.5,,4270.0,16744.4853,22087.0021,4.836484758764551
Tulare,2022-03,1.21,62.53763440860215,3.002043010752688,2233.733333333333,0.0,58.027956989247315,54.0,25.0,6.0,45901.8426,25261.6554,4.2056389206648275
Tulare,2022-04,0.2733333333333334,54.355555555555554,3.3398888888888885,2405.1,0.0,66.64689655172414,53.5,27.0,210.0,63884.8854,49456.2884,4.415920866698069
Tulare,2022-05,0.0,44.376344086021504,3.771827956989247,2806.5333333333333,0.0,73.27663082437276,52.0,39.0,1328.0,61424.1635,74968.161,5.046766704797792
Tulare,2022-06,0.0699999999999999,42.31111111111111,3.808333333333333,2742.366666666667,0.0,79.30460317460319,53.5,39.0,4456.0,70274.1608,74161.6918,5.257048650831035
Tulare,2022-07,0.0,42.23655913978495,3.5291397849462367,2625.733333333333,0.0,85.19247311827957,55.0,42.0,612.0,37851.4538,74137.2904,5.467330596864276
Tulare,2022-08,0.0,44.182795698924735,3.391935483870968,2523.366666666667,0.0,85.96881720430106,55.0,54.0,596.0,12884.9244,49958.3119,7.1495861651302075
Tulare,2022-09,0.03,47.62380952380952,3.2247777777777777,2321.7999999999997,0.0,82.19555555555556,59.5,59.0,323.0,9236.6436,45283.3158,8.621559787362896
Tulare,2022-10,0.0,54.225806451612904,2.7655913978494624,2057.6666666666665,0.0,72.63333333333334,64.0,62.0,86.0,6784.9737,17119.2832,6.308458380997241
Tulare,2022-11,0.3733333333333333,69.97777777777777,2.728,1964.2,0.0,54.75888888888889,79.5,38.5,4.0,7517.8406,2914.6552,5.467330596864276
Tulare,2022-12,3.06,90.21254480286738,2.674623655913978,1989.6333333333332,0.0,48.83978494623656,67.0,18.0,3.0,28602.2629,4068.2628,4.2056389206648275
Tulare,2023-01,4.093333333333334,82.73297491039426,3.1260215053763445,2325.733333333333,0.0,49.67204301075268,47.0,12.0,12.0,108517.1341,3548.0578,6.088663538353332
Tulare,2023-02,3.2066666666666666,71.82142857142857,3.263095238095238,2193.2333333333336,0.0,48.970238095238095,52.0,19.0,1.0,25014.5995,29241.0328,3.3592626418501137
Tulare,2023-03,4.739999999999999,76.7657450076805,3.341041666666667,2102.5333333333333,0.0,53.51370967741935,31.0,9.0,2.0,74311.0599,27969.7136,4.618986132543907
Tulare,2023-04,0.015,60.11666666666667,3.343166666666667,2406.75,0.0,63.56666666666666,51.0,28.0,335.0,75633.9943,42361.7054,5.668755708122068
Tulare,2023-05,0.15,54.983870967741936,3.5151612903225806,2615.05,0.0,73.2290322580645,55.0,34.0,952.0,74729.8657,67247.8522,2.5194469813875857
Tulare,2023-06,0.45,55.21551724137931,3.5425000000000004,2550.15,0.0,79.25,54.0,37.5,3241.0,50555.3164,69671.3429,3.149308726734482
Tulare,2023-07,0.42,49.37798036465638,3.0485483870967744,2267.7,0.0,83.4983870967742,57.0,49.5,4270.0,70147.281,37881.2047,3.779170472081378
Tulare,2023-08,1.21,52.13348164627364,3.124354838709677,2324.45,0.0,79.7290322580645,56.0,45.5,8017.0,33221.3909,40609.9584,9.237972265087814
Tulare,2023-09,0.41,59.78333333333333,2.9703333333333335,2138.05,0.0,75.02666666666667,102.5,56.0,445.0,5266.976,17817.2054,10.707649670897238
Tulare,2023-10,0.315,58.74193548387097,2.774516129032258,2063.95,0.0,68.00322580645161,57.0,52.0,262.0,2726.4693,7111.6854,11.96737316159103
Tulare,2023-11,0.18,59.06666666666666,2.6693333333333333,1921.65,0.0,58.27333333333334,67.5,39.0,213.0,9587.4293,5191.5419,15.326635803441144
Tulare,2023-12,0.375,74.10430107526881,2.568064516129032,1910.9,0.0,52.983870967741936,74.0,33.0,372.0,17664.2366,472.4421,17.426174954597464
Tulare,2024-01,1.405,83.88987764182426,2.6356451612903227,1961.45,0.0,52.19032258064516,57.0,18.0,60.0,,,14.446572447497028
Tulare,2024-02,3.05,77.36514778325123,3.0796551724137933,2143.4,0.0,55.910344827586215,42.0,14.0,0.0,,,9.28708228767666
Tulare,2024-03,1.77,68.83870967741936,3.13758064516129,2334.2,0.0,60.17258064516129,32.0,14.0,9.0,,,6.810527010962885
Tulare,2024-04,0.8200000000000001,61.18333333333334,3.3095,2382.8,0.0,66.18166666666667,47.5,19.0,1496.0,,,8.461563862105402
Tulare,2024-05,0.625,48.80645161290323,3.30241935483871,2457.55,0.0,73.08870967741936,47.0,31.0,7061.0,,,8.255184255712587
Tulare,2024-06,0.78,41.916666666666664,3.2345,2328.75,0.0,79.30000000000001,60.0,42.0,21468.0,,,7.636045436534143
Tulare,2024-07,0.535,42.37096774193549,2.9966129032258064,2229.4,0.0,85.00645161290322,61.0,45.0,24124.0,,,9.906221106855105
Tulare,2024-08,0.81,45.564516129032256,3.0061290322580647,2237.05,0.0,80.21612903225807,62.0,54.0,1144.0,,,10.93811913881918
Tulare,2024-09,0.41,49.79827586206896,2.9836666666666667,2148.75,0.0,75.53666666666666,59.5,61.0,19046.0,,,9.080702681283846
Tulare,2024-10,0.21,50.774193548387096,2.818225806451613,2096.7,0.0,69.8983870967742,62.0,67.0,787.0,,,15.4784704794611
Tulare,2024-11,1.67,68.25,2.6613333333333333,1916.1,0.0,56.98833333333333,64.5,25.5,253.0,,,14.652952053889845
Tulare,2024-12,0.79,83.85483870967742,2.6062903225806453,1939.0,0.0,52.94516129032258,75.0,26.0,93.0,,,14.859331660282656
Ventura,2001-01,1.915,57.096774193548384,4.815139043381535,3422.95,1.5,52.83387096774194,53.0,17.0,,12225.9641,277.3101,0.5217239323897956
Ventura,2001-02,1.94,68.94246031746032,4.498392857142857,3023.25,1.5,53.24821428571428,55.0,18.5,,36831.5654,556.7557,0.2608619661948978
Ventura,2001-03,1.89,76.03333333333333,4.043387096774193,3008.35,0.0,59.19032258064516,61.0,29.0,,27449.2184,1210.9238,0.1304309830974489
Ventura,2001-04,1.755,72.29425287356322,4.416666666666666,3180.2999999999997,0.0,62.28333333333333,52.5,22.5,,54951.99,1218.4393,0.2608619661948978
Ventura,2001-05,1.515,79.38978494623656,4.504677419354839,3351.25,0.0,70.48387096774194,71.5,43.0,,29149.4639,432.9895,0.0
Ventura,2001-06,1.1649999999999998,74.76666666666667,4.368166666666666,3145.15,0.0,73.81,66.5,31.5,,9032.4264,1526.6559,0.7825858985846933
Ventura,2001-07,1.32,77.87096774193549,4.414677419354839,3284.7,0.0,76.16129032258064,67.0,31.0,,2232.6079,1277.3229,0.2608619661948978
Ventura,2001-08,1.335,74.84816462736373,4.320322580645161,3214.5,0.0,75.65,63.0,35.5,,3685.9562,1142.979,0.2608619661948978
Ventura,2001-09,0.0,71.89655172413794,4.5855,3196.95,0.0,73.86833333333334,61.5,29.0,,3727.2744,1820.9234,0.0
Ventura,2001-10,0.5566666666666668,82.3736559139785,4.173908602150537,2756.0333333333333,0.0,67.8525806451613,66.5,40.0,,9023.4921,1443.2644,0.2608619661948978
Ventura,2001-11,2.6033333333333335,77.64444444444445,4.395222222222222,3164.6000000000004,0.0,61.847777777777786,67.0,26.5,,14494.985,482.6125,0.0
Ventura,2001-12,1.3333333333333333,66.76344086021506,4.990430107526882,3713.3666666666663,1.3333333333333333,53.366666666666674,44.0,11.0,,26994.1828,456.3125,0.1304309830974489
Ventura,2002-01,1.0799999999999998,62.29032258064516,5.040537634408602,3749.9,1.3333333333333333,53.30860215053764,56.0,34.0,,58022.1987,1553.2025,0.1282891740614684
Ventura,2002-02,0.9666666666666668,56.48809523809524,5.744880952380953,3861.0333333333338,2.3333333333333335,54.502380952380946,62.0,31.0,,19996.0776,584.1617,0.0
Ventura,2002-03,0.4266666666666667,65.02150537634408,5.342795698924732,3974.8,1.0,57.60537634408602,44.0,18.5,,22266.3668,672.7887,0.1282891740614684
Ventura,2002-04,1.106666666666667,78.67777777777778,4.8116666666666665,3464.533333333333,0.0,62.50777777777778,59.5,29.0,,18579.7788,3530.8677,0.2565783481229369
Ventura,2002-05,0.0333333333333333,78.0,4.973870967741935,3699.9666666666662,0.0,67.48064516129033,61.5,27.0,,8460.1074,2313.7314,0.0
Ventura,2002-06,0.0,81.06666666666666,4.777666666666667,3439.8666666666663,0.0,73.13,64.5,35.0,,2910.3667,1243.3125,0.2565783481229369
Ventura,2002-07,0.0,80.58064516129032,4.749677419354839,3533.7333333333336,0.0,77.32795698924731,64.0,34.0,,1623.2033,1425.8425,0.1282891740614684
Ventura,2002-08,0.2033333333333333,80.22580645161291,4.903118279569893,3648.066666666667,0.0,76.8741935483871,72.5,36.0,,2845.3,828.085,0.1282891740614684
Ventura,2002-09,0.0533333333333333,72.0,4.395111111111111,3165.0,0.0,75.91222222222223,62.0,38.5,,6881.1854,2113.6408,0.1282891740614684
Ventura,2002-10,14.54,77.8494623655914,4.062795698924731,3023.033333333333,0.0,68.8989247311828,73.0,36.5,,10744.1123,4296.1586,0.0
Ventura,2002-11,0.23,55.73333333333333,5.251444444444444,3781.3,3.3333333333333335,61.434444444444445,56.0,16.5,,13913.2219,1739.8744,0.0
Ventura,2002-12,1.8200000000000005,73.22580645161291,4.719784946236559,3511.7666666666664,0.0,55.22365591397849,58.0,16.0,,26226.1202,643.3734,0.1282891740614684
Ventura,2003-01,0.0,56.49462365591398,5.829677419354838,4337.466666666666,4.333333333333333,56.887096774193544,49.5,22.0,,19226.3036,945.43,0.1268922811425381
Ventura,2003-02,2.5033333333333334,63.285714285714285,5.258809523809524,3534.5,2.0,56.705952380952375,37.0,14.0,,13713.8457,906.8563,0.0
Ventura,2003-03,1.1233333333333333,67.46236559139784,4.934086021505376,3671.2333333333336,1.3333333333333333,59.90537634408602,47.5,17.0,,18785.1094,2597.332,0.1268922811425381
Ventura,2003-04,0.5433333333333333,72.47777777777777,4.849555555555556,3491.2333333333336,0.3333333333333333,62.69888888888889,38.5,19.0,,12936.3481,2864.85,0.0
Ventura,2003-05,0.89,78.82795698924731,4.533548387096775,3373.066666666667,0.0,67.25268817204301,67.0,28.5,,8823.0289,1375.3861,0.1268922811425381
Ventura,2003-06,0.0266666666666666,82.82222222222222,4.5952222222222225,3308.566666666667,0.0,71.31777777777778,66.0,29.0,,9611.1627,1076.9592,0.6344614057126905
Ventura,2003-07,0.0066666666666666,77.12903225806453,4.566344086021505,3397.2999999999997,0.0,78.57849462365591,68.0,36.0,,3852.5634,1130.495,0.2537845622850762
Ventura,2003-08,0.0033333333333333,70.48387096774194,4.6863440860215055,3486.433333333333,0.0,78.73548387096774,56.0,35.0,,7546.6808,1243.6903,0.5075691245701525
Ventura,2003-09,0.0666666666666666,80.17777777777778,4.596222222222222,3309.1666666666665,0.0,76.56333333333333,67.5,45.0,,11472.5823,3293.7444,0.3806768434276143
Ventura,2003-10,0.05,72.89247311827957,4.6852688172043,3485.8333333333335,0.3333333333333333,71.98064516129033,78.0,33.0,,19015.1433,3122.6565,0.5075691245701525
Ventura,2003-11,0.31,65.18888888888888,4.714666666666667,3394.7333333333336,1.6666666666666667,60.15222222222223,58.5,29.0,,19456.6459,2583.6986,0.8882459679977667
Ventura,2003-12,1.51,61.645161290322584,4.859903225806451,3555.9666666666667,2.3333333333333335,54.60967741935483,63.0,27.5,,24114.183,958.4288,1.9033842171380713
Ventura,2004-01,0.4766666666666666,62.67741935483871,4.799032258064517,3570.566666666667,1.3333333333333333,52.59462365591398,57.0,20.0,,25420.5799,3126.3562,3.9043116194832703
Ventura,2004-02,3.0199999999999996,63.62068965517241,4.95183908045977,3446.4666666666667,1.6666666666666667,53.49080459770115,53.0,19.0,,15779.6181,3392.1462,1.76323750557309
Ventura,2004-03,0.4366666666666667,71.18279569892474,4.588494623655914,3414.0333333333333,1.3333333333333333,62.612903225806456,61.0,28.0,,18042.3717,3798.417,1.133509825011272
Ventura,2004-04,0.02,72.0111111111111,4.561444444444445,3284.2000000000003,0.0,67.87888888888888,61.5,43.0,,11842.2795,2821.3949,1.133509825011272
Ventura,2004-05,0.0,69.35483870967742,4.427204301075268,3293.633333333333,0.0,73.4989247311828,54.0,34.5,,7812.0945,2408.1092,0.5037821444494542
Ventura,2004-06,0.0033333333333333,79.0452380952381,4.706698412698413,3319.133333333333,0.0,76.3854761904762,62.0,29.0,,5660.1178,2751.6528,0.7556732166741814
Ventura,2004-07,0.0,75.75268817204301,4.651075268817205,3460.633333333333,0.0,79.64408602150537,58.0,36.0,,8246.6949,1686.3402,0.1259455361123635
Ventura,2004-08,0.0,78.44086021505376,4.508387096774194,3354.2666666666664,0.0,79.56236559139785,64.0,36.5,,12825.7333,3700.0657,0.1259455361123635
Ventura,2004-09,0.0,65.85555555555555,4.591666666666667,3305.7666666666664,0.0,77.63555555555557,62.0,31.0,,8840.9043,2259.7682,0.3778366083370907
Ventura,2004-10,2.443333333333334,78.97132616487455,4.208279569892473,3131.1666666666665,0.3333333333333333,68.46666666666668,56.0,30.0,,18556.6924,3134.8168,0.2518910722247271
Ventura,2004-11,0.0533333333333333,65.73827160493828,4.734666666666667,3409.133333333333,1.3333333333333333,58.63888888888889,56.0,20.0,,14871.1502,1530.1321,0.0
Ventura,2004-12,3.39,55.424946236559144,5.74963870967742,3840.8666666666663,3.3333333333333335,54.92808602150538,38.5,15.5,,13352.3535,1161.8856,0.3778366083370907
Ventura,2005-01,9.67,72.04070660522274,4.836144393241168,3433.7666666666664,2.0,54.46486175115208,46.0,13.0,,24456.9865,2873.3546,0.3777400317553453
Ventura,2005-02,8.12,72.23571428571428,4.651190476190476,2701.366666666667,0.6666666666666666,56.891190476190474,42.0,14.5,,26409.6973,8129.8367,0.3777400317553453
Ventura,2005-03,1.7466666666666668,76.82258064516128,3.9096774193548383,1939.1666666666667,0.0,61.35806451612903,36.0,19.5,,21089.5356,9976.8307,0.1259133439184484
Ventura,2005-04,0.5333333333333333,70.35359477124183,4.306967320261438,2630.4666666666667,0.0,63.46431372549019,46.0,19.0,,10755.8535,10127.3012,0.3777400317553453
Ventura,2005-05,0.29,77.66666666666667,3.975913978494623,2958.1,0.0,68.59784946236559,60.0,31.0,,9591.6826,8962.2324,0.1259133439184484
Ventura,2005-06,0.0,80.02222222222223,3.3516666666666666,2413.5333333333333,0.0,70.08666666666666,56.0,27.0,,4784.7179,6042.7328,0.1259133439184484
Ventura,2005-07,0.0,83.36559139784946,3.827204301075268,2847.2666666666664,0.0,74.4,64.0,41.0,,6878.9757,7233.8299,0.1259133439184484
Ventura,2005-08,0.0,82.73118279569893,3.723870967741936,2770.7333333333336,0.0,74.63548387096775,66.0,30.0,,8307.101,9284.4171,0.2518266878368969
Ventura,2005-09,0.03,78.18544061302681,3.75,2700.266666666667,0.0,70.81777777777778,59.0,35.5,,17101.3868,15780.0435,0.1259133439184484
Ventura,2005-10,0.97,74.40860215053765,3.5170967741935484,2617.0,0.3333333333333333,66.0989247311828,58.0,27.0,,21624.3542,12463.7522,0.5036533756737938
Ventura,2005-11,0.6233333333333334,61.65555555555556,3.581222222222222,2578.7000000000003,0.6666666666666666,60.597777777777786,47.0,24.0,,608.8904,1465.8549,0.2518266878368969
Ventura,2005-12,1.3,65.97849462365592,3.696451612903226,2750.133333333333,0.3333333333333333,56.48172043010752,52.0,22.5,,58.0893,23.5939,0.5036533756737938
Ventura,2006-01,1.61,60.55913978494624,4.426559139784946,3293.7333333333336,1.6666666666666667,54.03010752688172,43.0,21.0,,19567.7864,4093.071,0.2505691050799127
Ventura,2006-02,2.97,60.357142857142854,3.960119047619047,2661.1666666666665,0.6666666666666666,55.97380952380953,47.5,22.0,,17814.8488,5906.6697,0.5011382101598255
Ventura,2006-03,3.6833333333333336,77.03225806451611,3.896129032258064,2898.4,0.0,56.26129032258064,40.0,16.0,,20076.8088,10600.8875,0.2505691050799127
Ventura,2006-04,3.3866666666666667,77.96666666666667,3.707777777777778,2669.4,0.0,61.98777777777778,39.0,11.0,,17313.369,11524.0137,0.3758536576198691
Ventura,2006-05,1.2966666666666666,81.70967741935483,3.4368817204301076,2556.7,0.0,67.23763440860215,73.0,22.0,,17672.1513,11520.4027,0.1252845525399563
Ventura,2006-06,0.0033333333333333,78.8,3.7567777777777778,2704.766666666667,0.0,72.84333333333333,62.0,32.5,,4313.8687,8009.3729,0.1252845525399563
Ventura,2006-07,0.0,77.5324434556915,3.932258064516129,2925.366666666667,0.0,76.81182795698925,61.0,35.0,,5605.629,9946.5176,0.2505691050799127
Ventura,2006-08,0.02,79.83870967741935,3.961182795698925,2946.933333333333,0.0,75.36451612903225,61.5,29.0,0.0,7109.4428,22950.9132,0.3758536576198691
Ventura,2006-09,0.0,76.5,3.696888888888889,2661.766666666667,0.0,72.25333333333333,71.0,32.0,0.0,19305.3755,46234.7895,0.1252845525399563
Ventura,2006-10,0.22,68.87096774193549,3.828279569892473,2848.2333333333336,0.3333333333333333,66.60645161290323,50.5,19.0,0.0,14580.5157,34186.8373,0.3758536576198691
Ventura,2006-11,0.1533333333333333,62.388888888888886,3.76911111111111,2713.5333333333333,0.0,61.78111111111111,43.0,27.0,0.0,14869.8145,31349.7371,0.0
Ventura,2006-12,1.153333333333333,55.26881720430108,4.330430107526882,3221.8333333333335,0.6666666666666666,54.18709677419355,53.0,19.0,0.0,19294.6376,13471.6779,0.8769918677796946
Ventura,2007-01,2.4266666666666667,51.387096774193544,4.282903225806452,3186.3333333333335,0.3333333333333333,50.48602150537635,50.0,20.0,0.0,6520.3396,3219.041,1.6249451581009142
Ventura,2007-02,0.86,68.96428571428572,3.9759523809523807,2671.733333333333,0.0,55.36428571428572,44.0,24.0,0.0,12434.8049,25096.7918,0.374987344177134
Ventura,2007-03,0.03,65.64516129032258,3.871290322580645,2880.366666666667,0.3333333333333333,59.2978494623656,55.0,23.5,0.0,9070.2892,8651.4743,0.4999831255695121
Ventura,2007-04,0.95,75.84444444444445,3.930555555555556,2829.6,0.0,62.47777777777778,53.5,33.0,0.0,10405.2663,12666.6628,0.874970469746646
Ventura,2007-05,0.0,77.1505376344086,4.07774193548387,3034.0333333333333,0.0,66.92150537634409,66.5,25.5,0.0,13012.4341,14942.7489,0.249991562784756
Ventura,2007-06,0.0,77.62301587301587,3.8826666666666663,2795.433333333333,0.0,70.5911111111111,67.0,32.0,0.0,6223.0039,15219.2589,0.374987344177134
Ventura,2007-07,0.0,77.64516129032258,3.8982795698924737,2900.4666666666667,0.0,74.27204301075268,59.0,26.0,0.0,10590.0928,12831.9815,0.124995781392378
Ventura,2007-08,0.0033333333333333,76.40860215053763,3.668279569892473,2729.5666666666666,0.0,74.17849462365592,60.0,34.0,0.0,13847.2561,23288.15,0.6249789069618901
Ventura,2007-09,0.1999999999999999,72.82222222222222,3.504222222222222,2523.066666666667,0.0,71.8888888888889,55.5,25.0,0.0,14853.5032,26984.976,0.249991562784756
Ventura,2007-10,0.2299999999999999,61.86021505376343,4.20247311827957,3127.0333333333333,1.6666666666666667,66.49677419354839,59.0,37.0,0.0,15235.9388,27858.1853,0.4999831255695121
Ventura,2007-11,0.0766666666666666,68.67777777777778,3.3864444444444444,2438.0,0.3333333333333333,61.317777777777785,70.5,28.0,0.0,23350.8106,22438.4033,2.4999156278475603
Ventura,2007-12,1.96,57.41935483870967,4.353548387096774,3238.933333333333,0.6666666666666666,53.1505376344086,53.5,18.0,0.0,28029.8071,15391.4587,1.124962032531402
Ventura,2008-01,7.613333333333333,60.76344086021505,4.813870967741935,3581.566666666667,1.0,51.98709677419355,29.5,10.0,0.0,29600.3442,12407.6309,1.1161364811689174
Ventura,2008-02,2.033333333333333,66.59770114942529,3.956551724137931,2753.7999999999997,0.0,54.07126436781609,38.0,20.0,0.0,23646.503,15379.3489,1.1161364811689174
Ventura,2008-03,0.0133333333333333,58.58064516129033,4.2434408602150535,3156.8666666666663,0.0,58.9516129032258,47.0,27.0,0.0,25702.858,24093.1925,0.1240151645743241
Ventura,2008-04,0.04,62.34444444444444,4.263,3069.633333333333,0.0,62.93111111111111,54.5,30.0,0.0,17301.6794,17869.4342,0.2480303291486483
Ventura,2008-05,0.0233333333333333,70.74193548387096,4.129569892473118,3072.566666666667,0.0,66.53548387096775,61.0,21.0,0.0,8933.8325,14439.7144,0.1240151645743241
Ventura,2008-06,0.0,72.8,3.954333333333333,2846.933333333333,0.0,71.29333333333334,67.0,44.0,0.0,8121.0008,17348.0748,0.1240151645743241
Ventura,2008-07,0.0,78.03225806451613,3.948924731182795,2937.6666666666665,0.0,75.44838709677418,64.0,42.0,0.0,13700.0506,17445.44,0.2480303291486483
Ventura,2008-08,0.0,79.73118279569893,3.793225806451613,2821.7000000000003,0.0,75.22903225806452,61.0,26.0,0.0,14146.3193,20554.1057,0.4960606582972966
Ventura,2008-09,0.0033333333333333,78.62222222222222,3.654,2631.0,0.0,73.90666666666667,58.0,30.0,0.0,11610.6681,29519.9478,0.2480303291486483
Ventura,2008-10,0.0466666666666666,55.946236559139784,3.8021505376344087,2828.566666666667,0.0,66.36129032258064,61.0,30.0,0.0,18014.6605,34693.4022,0.2480303291486483
Ventura,2008-11,1.7766666666666666,60.13333333333333,3.9825555555555554,2867.066666666667,1.0,62.091111111111104,47.5,24.0,0.0,14751.4673,19349.1716,0.9921213165945932
Ventura,2008-12,1.7100000000000002,63.344086021505376,3.948387096774194,2937.566666666667,0.3333333333333333,54.00967741935484,42.0,15.5,0.0,20007.9657,13792.6845,0.7440909874459448
Ventura,2009-01,0.4866666666666666,43.86021505376345,4.822258064516129,3587.4,1.0,54.64623655913979,24.0,17.0,0.0,20134.4705,15889.31,0.3680394538294505
Ventura,2009-02,4.136666666666667,65.53571428571429,3.918809523809524,2633.266666666667,0.0,54.46547619047619,34.0,10.0,0.0,21897.5545,14446.415,0.736078907658901
Ventura,2009-03,0.4366666666666667,66.68817204301075,3.8861290322580646,2891.3333333333335,0.3333333333333333,59.40430107526882,55.0,20.0,0.0,12221.0529,14271.3923,0.2453596358863003
Ventura,2009-04,0.1,64.2,4.108222222222222,2958.133333333333,0.3333333333333333,63.852222222222224,55.5,22.5,0.0,35945.0948,12482.8387,0.3680394538294505
Ventura,2009-05,0.0033333333333333,76.31182795698925,3.908494623655914,2907.7999999999997,0.0,70.68172043010753,61.0,32.0,0.0,10997.1186,24116.4647,0.6133990897157509
Ventura,2009-06,0.0566666666666666,70.71349206349207,4.032777777777778,2903.633333333333,0.0,72.62666666666667,60.0,21.5,0.0,6926.7697,17475.778,0.1226798179431501
Ventura,2009-07,0.0,72.06451612903226,4.106236559139785,3055.133333333333,0.0,79.60860215053764,60.0,32.0,0.0,8025.4274,28903.3554,0.6133990897157509
Ventura,2009-08,0.0,73.54838709677419,3.690645161290323,2745.566666666667,0.0,73.79569892473118,61.0,29.0,0.0,12754.5503,30633.9451,0.2453596358863003
Ventura,2009-09,0.0,73.7,3.438222222222222,2475.4,0.0,73.97555555555556,61.0,33.0,0.0,14286.8543,27857.937,0.736078907658901
Ventura,2009-10,1.2833333333333334,61.774193548387096,3.5798924731182793,2663.0,0.0,67.57849462365591,53.0,34.0,0.0,20682.1203,27995.3568,0.8587587256020512
Ventura,2009-11,0.0,56.47777777777778,3.614,2602.0333333333333,0.0,60.53444444444445,52.0,20.0,0.0,13326.8854,11112.1401,0.8587587256020512
Ventura,2009-12,2.9033333333333338,61.97849462365591,3.724086021505376,2770.866666666667,0.0,54.25376344086021,54.0,24.0,0.0,13504.8611,6559.2292,0.4907192717726007
Ventura,2010-01,3.8833333333333337,59.53763440860215,3.50247311827957,2605.766666666667,0.0,54.06344086021505,46.0,15.0,0.0,36089.8602,17738.3951,0.4847468349061348
Ventura,2010-02,3.373333333333333,70.91666666666667,3.408333333333333,2290.733333333333,0.0,55.98333333333333,28.0,10.0,0.0,36544.6269,17639.4183,0.7271202523592023
Ventura,2010-03,0.3566666666666666,60.32258064516129,4.290430107526881,3191.866666666667,0.3333333333333333,59.7010752688172,46.0,18.5,0.0,28304.2319,22123.1263,0.3635601261796011
Ventura,2010-04,1.2566666666666666,67.39999999999999,4.513,3248.9666666666667,1.0,62.52777777777778,48.5,15.0,0.0,20950.2292,11842.1905,0.3635601261796011
Ventura,2010-05,0.1399999999999999,67.60215053763442,4.33505376344086,3225.2999999999997,0.0,66.03978494623657,55.5,27.0,0.0,14615.9664,17224.6153,0.3635601261796011
Ventura,2010-06,0.0033333333333333,73.5679012345679,3.954333333333333,2846.8333333333335,0.0,72.1711111111111,58.0,27.0,0.0,7311.9232,20150.3247,0.6059335436326685
Ventura,2010-07,0.0066666666666666,78.75268817204301,4.105806451612903,3054.7666666666664,0.0,73.84408602150539,57.0,25.5,0.0,7770.4855,42348.0531,0.4847468349061348
Ventura,2010-08,0.0033333333333333,76.54838709677419,3.8812903225806448,2887.7333333333336,0.0,72.4978494623656,54.0,31.0,0.0,11078.6566,23184.952,0.3635601261796011
Ventura,2010-09,0.0033333333333333,75.32222222222222,3.545,2551.9666666666667,0.0,71.54555555555557,54.5,27.0,0.0,14855.937,17655.3702,1.0906803785388035
Ventura,2010-10,1.7366666666666666,76.94546850998464,3.4772043010752687,2587.2333333333336,0.3333333333333333,69.6258064516129,53.5,15.0,0.0,26870.9631,27463.5018,0.848306961085736
Ventura,2010-11,0.7999999999999999,56.47586206896552,3.912333333333333,2816.7666666666664,0.0,60.60999999999999,34.0,13.0,0.0,22680.9787,31444.0741,1.5754272134449383
Ventura,2010-12,7.246666666666667,73.82795698924731,3.410537634408602,2537.4,0.0,56.23978494623656,46.0,11.0,0.0,23791.1361,7607.6921,0.4847468349061348
Ventura,2011-01,0.54,49.666666666666664,4.521505376344086,3364.066666666667,0.3333333333333333,54.23010752688172,25.5,14.0,0.0,24800.583,20692.7225,0.481896939111117
Ventura,2011-02,2.1833333333333336,62.357142857142854,4.230595238095238,2842.7666666666664,0.6666666666666666,54.207142857142856,27.0,18.0,0.0,24572.035,16995.077,0.2409484695555585
Ventura,2011-03,4.666666666666667,74.08602150537634,3.848817204301075,2863.2999999999997,0.3333333333333333,58.83763440860215,36.0,15.0,0.0,32408.0034,20947.2421,0.963793878222234
Ventura,2011-04,0.0333333333333333,70.76666666666667,4.0872222222222225,2942.7000000000003,0.0,65.35000000000001,51.0,15.5,0.0,19185.9757,20817.0678,0.1204742347777792
Ventura,2011-05,0.4233333333333333,71.12903225806453,4.364193548387097,3247.2333333333336,0.6666666666666666,69.11935483870968,54.5,25.0,0.0,12527.7845,16531.2551,0.481896939111117
Ventura,2011-06,0.0766666666666666,80.60000000000001,3.899888888888889,2807.5333333333333,0.0,70.66555555555556,55.5,20.5,0.0,11144.6635,29015.8993,0.481896939111117
Ventura,2011-07,0.0033333333333333,79.3763440860215,4.056774193548388,3018.1,0.0,74.69892473118279,55.5,28.0,0.0,7717.3363,35583.261,0.3614227043333377
Ventura,2011-08,0.0,83.19354838709678,3.6755913978494625,2734.4666666666667,0.0,73.29569892473118,55.0,31.0,0.0,10343.6613,32646.0527,0.2409484695555585
Ventura,2011-09,0.02,83.16666666666667,3.4299999999999997,2469.3333333333335,0.0,72.70222222222223,64.5,27.0,0.0,16624.2412,31071.2895,0.1204742347777792
Ventura,2011-10,1.163333333333333,73.64516129032258,3.433225806451613,2554.5,0.0,68.54516129032258,54.5,22.0,0.0,14625.2993,35459.5332,0.3614227043333377
Ventura,2011-11,1.7566666666666666,64.31111111111112,3.888,2799.2333333333336,0.3333333333333333,60.928888888888885,43.0,16.5,0.0,17787.4891,39452.7484,0.2409484695555585
Ventura,2011-12,0.2866666666666667,53.74193548387097,3.82,2842.0333333333333,0.3333333333333333,53.18817204301075,49.0,19.0,0.0,27123.1672,26890.5497,0.0
Ventura,2012-01,1.596666666666667,53.365591397849464,4.2434408602150535,3156.933333333333,0.3333333333333333,55.42688172043011,45.0,21.0,0.0,21784.5257,31055.3917,0.8397836717261633
Ventura,2012-02,0.0766666666666666,61.32183908045977,4.343563218390805,3023.1666666666665,0.3333333333333333,56.01609195402299,43.0,18.0,0.0,36588.607,30300.2651,0.8397836717261633
Ventura,2012-03,2.473333333333333,69.56989247311829,4.217096774193549,3137.9,0.3333333333333333,58.321505376344085,44.0,14.0,0.0,35795.9055,50611.3984,1.6795673434523266
Ventura,2012-04,1.3066666666666666,71.4888888888889,4.201888888888889,3025.1666666666665,0.3333333333333333,63.45666666666667,52.0,19.0,0.0,31972.6694,47948.8256,0.959752767687044
Ventura,2012-05,0.0066666666666666,77.45161290322581,4.083870967741936,3038.2333333333336,0.3333333333333333,68.82150537634409,62.0,29.0,0.0,20995.392,31078.1997,0.8397836717261633
Ventura,2012-06,0.0033333333333333,78.68888888888888,4.052666666666667,2918.3333333333335,0.0,71.94555555555556,59.5,25.0,0.0,11170.0803,28745.05,0.4798763838435219
Ventura,2012-07,0.01,80.63440860215053,4.023548387096774,2993.1,0.0,74.24623655913979,60.0,27.0,0.0,5346.0216,20300.1242,0.3599072878826414
Ventura,2012-08,0.1533333333333333,76.70967741935483,3.816559139784946,2839.6666666666665,0.0,76.70537634408602,59.5,31.5,0.0,9701.0779,21481.8438,0.8397836717261633
Ventura,2012-09,0.0,78.03333333333333,3.4008888888888884,2448.1666666666665,0.0,74.37888888888888,60.0,31.5,0.0,15055.2354,32253.2444,1.0797218636479244
Ventura,2012-10,0.0499999999999999,69.30806451612904,3.5472311827956986,2321.3333333333335,0.0,69.80462365591397,51.0,27.0,0.0,14993.6048,27497.0866,0.2399381919217609
Ventura,2012-11,0.9133333333333334,71.6111111111111,3.1936666666666667,2299.7333333333336,0.0,60.379999999999995,52.0,20.5,0.0,22935.9605,26169.2038,0.8397836717261633
Ventura,2012-12,1.63,75.02974910394265,3.3648387096774193,2502.9666666666667,0.0,55.81505376344086,48.0,10.0,0.0,33338.953,21716.631,1.7995364394132072
Ventura,2013-01,1.3133333333333332,48.623655913978496,4.573548387096774,3402.633333333333,0.0,50.67419354838709,33.0,14.0,0.0,30438.4575,23408.6965,0.4772665987357208
Ventura,2013-02,0.1466666666666666,60.72619047619048,4.106190476190476,2759.433333333333,0.0,53.36547619047619,43.0,18.0,0.0,25220.3344,31666.6189,0.9545331974714416
Ventura,2013-03,0.89,76.61290322580645,3.6176344086021506,2691.7000000000003,0.0,59.270967741935486,55.0,22.0,0.0,33418.9829,43066.7715,0.1193166496839302
Ventura,2013-04,0.0266666666666666,72.28888888888889,4.08,2937.2666666666664,0.3333333333333333,65.69111111111111,54.0,31.0,0.0,22194.7643,26461.4191,0.1193166496839302
Ventura,2013-05,0.17,73.46236559139784,3.954193548387096,2942.066666666667,0.0,70.51505376344086,58.0,33.0,0.0,16232.3209,17093.9438,0.2386332993678604
Ventura,2013-06,0.0266666666666666,79.31111111111112,3.786888888888889,2726.6666666666665,0.0,74.24222222222222,57.5,30.0,0.0,8254.3323,26412.9715,0.4772665987357208
Ventura,2013-07,0.0666666666666666,82.0,3.8245161290322582,2845.066666666667,0.0,76.15591397849462,60.0,28.0,0.0,8612.3808,34868.0995,0.4772665987357208
Ventura,2013-08,0.0066666666666666,80.01075268817205,3.706881720430108,2757.5,0.0,75.43333333333334,54.0,29.0,0.0,9596.8905,32933.0789,0.3579499490517905
Ventura,2013-09,0.01,73.07777777777778,3.5994444444444444,2591.633333333333,0.0,74.07000000000001,54.5,29.5,0.0,17263.0813,23087.3786,0.0
Ventura,2013-10,0.01,67.56989247311829,3.999247311827957,2975.2000000000003,0.0,66.4763440860215,59.0,31.0,0.0,18885.618,26744.1518,0.3579499490517905
Ventura,2013-11,0.49,62.72222222222223,3.772222222222222,2716.0333333333333,0.3333333333333333,61.80555555555555,48.5,23.0,0.0,22549.323,31283.3371,0.3579499490517905
Ventura,2013-12,0.2866666666666667,46.935483870967744,4.361290322580645,3244.5333333333333,0.6666666666666666,58.06529032258064,45.0,18.0,0.0,30763.7701,23078.5264,0.7158998981035811
Ventura,2014-01,0.0166666666666666,50.666666666666664,3.944086021505376,2934.633333333333,0.0,56.0752688172043,55.0,28.0,0.0,24282.4714,18872.5396,0.4747177209751652
Ventura,2014-02,2.9133333333333336,72.02380952380952,3.5399999999999996,2378.7333333333336,0.0,58.1297619047619,51.0,19.0,0.0,35989.5543,24507.818,0.7120765814627478
Ventura,2014-03,0.7599999999999999,71.6989247311828,4.222795698924731,3142.066666666667,0.6666666666666666,62.12795698924731,54.0,23.0,0.0,34525.1139,42435.5975,0.4747177209751652
Ventura,2014-04,0.06,68.26666666666667,4.484,3228.5,0.3333333333333333,65.00222222222222,51.0,23.5,0.0,24592.7603,17169.3402,0.5933971512189564
Ventura,2014-05,0.0466666666666666,64.45161290322581,4.553870967741935,3388.0333333333333,0.3333333333333333,70.3247311827957,56.0,31.0,0.0,16675.2104,15677.0885,0.3560382907313739
Ventura,2014-06,0.0,80.65900383141762,4.086666666666667,2942.133333333333,0.0,74.17666666666666,64.0,32.0,0.0,17056.5434,21965.0678,0.5933971512189564
Ventura,2014-07,0.0,76.09596774193548,3.8424798387096777,2363.15,0.0,77.59966629588432,58.0,30.0,0.0,11965.5855,15992.7178,0.3560382907313739
Ventura,2014-08,0.025,77.38709677419355,3.570806451612903,2656.85,0.0,76.97741935483872,57.0,28.0,0.0,15757.4782,28747.6574,0.0
Ventura,2014-09,0.0025,75.11626984126984,3.6919166666666663,2657.9,0.0,76.125,60.0,31.0,0.0,19506.4659,26219.3539,0.3560382907313739
Ventura,2014-10,0.4025,68.21774193548387,3.4705645161290324,2581.925,0.0,71.75725806451612,55.0,31.0,0.0,22323.4767,40825.8544,0.5933971512189564
Ventura,2014-11,0.51,54.358333333333334,3.8116666666666665,2744.375,0.0,64.76166666666667,37.0,18.0,0.0,28672.0229,27971.6175,0.2373588604875826
Ventura,2014-12,3.515,69.75,3.448225806451613,2565.4,0.0,58.56290322580645,51.0,14.0,0.0,40417.4042,23909.723,0.2373588604875826
Ventura,2015-01,1.435,57.45161290322581,3.3545967741935483,2495.925,0.0,56.475806451612904,37.0,15.0,0.0,37915.0112,26886.3715,0.1181741153781158
Ventura,2015-02,0.5425,70.2771164021164,3.1049107142857144,2086.575,0.0,61.39730107855108,52.0,17.0,0.0,37574.4898,29731.1227,0.1181741153781158
Ventura,2015-03,0.6025,62.95,3.196048387096774,2377.925,0.0,64.24291149710504,44.0,24.0,0.0,28866.5421,41488.0199,0.2363482307562316
Ventura,2015-04,0.4525,62.419417077175694,3.3529367816091953,2381.575,0.0,66.08949275362319,55.0,27.5,0.0,27408.7129,36272.1817,0.5908705768905791
Ventura,2015-05,0.7625000000000001,77.34677419354838,3.878548387096774,2885.85,0.0,66.44354838709677,58.0,21.0,0.0,23126.0158,35097.0392,0.2363482307562316
Ventura,2015-06,0.2475,79.64166666666667,3.202166666666667,2305.55,0.0,71.69916666666666,59.5,25.5,0.0,15948.5757,40445.0693,0.1181741153781158
Ventura,2015-07,0.5675,81.21397849462366,3.765322580645161,2801.3,0.0,74.93064516129033,55.0,26.0,0.0,11681.251,46498.1535,0.4726964615124632
Ventura,2015-08,0.07,79.80867630700779,3.723064516129032,2769.85,0.0,76.21935483870968,62.0,33.0,0.0,16890.5807,43668.2438,0.1181741153781158
Ventura,2015-09,0.2925,74.32307060755338,3.5664999999999996,2567.75,0.0,76.61,58.0,31.0,0.0,18772.2939,60413.6027,0.1181741153781158
Ventura,2015-10,0.2275,65.34930478309232,3.7091129032258063,2759.3,0.0,72.725,52.0,28.0,0.0,23614.5877,39184.5732,1.0635670384030425
Ventura,2015-11,0.035,43.5,4.584666666666667,3301.05,0.0,61.770833333333336,39.5,18.5,0.0,26212.8988,46148.7027,1.299915269159274
Ventura,2015-12,0.2774999999999999,51.37903225806451,4.405322580645161,3277.425,0.25,55.6,50.0,13.0,0.0,30044.537,27778.7852,1.1817411537811582
Ventura,2016-01,2.8975,68.44354838709677,4.017016129032259,2988.4,0.25,54.78225806451613,49.0,13.0,0.0,33760.1869,31957.4717,0.2359475535777907
Ventura,2016-02,0.4175,48.64943121693122,4.842844827586207,3370.825,0.75,58.78706896551724,44.0,19.0,0.0,22770.0269,39879.074,0.2359475535777907
Ventura,2016-03,1.8075,73.43548387096774,4.036693548387096,3003.45,0.25,62.193548387096776,48.0,20.0,0.0,42416.2722,77712.3418,0.2359475535777907
Ventura,2016-04,0.5800000000000001,66.28571428571429,4.269416666666666,3074.1499999999996,0.0,65.26916666666666,54.0,25.0,0.0,37812.2352,64800.7681,0.1179737767888953
Ventura,2016-05,0.1575,81.00806451612904,3.999274193548387,2975.4,0.0,67.54112903225806,55.0,22.0,0.0,24200.1471,52347.7322,0.0
Ventura,2016-06,0.025,81.12062629399585,3.8091666666666666,2742.5,0.0,71.68833333333333,64.0,32.0,0.0,21919.8718,61815.6924,0.1179737767888953
Ventura,2016-07,0.0925,78.86428253615128,3.954354838709677,2942.1,0.0,74.99435483870968,60.0,33.0,0.0,18035.0184,66883.2214,0.3539213303666861
Ventura,2016-08,0.135,83.13876529477196,3.804435483870967,2830.675,0.0,74.84516129032258,59.0,32.0,0.0,25345.837,52115.717,1.0617639911000585
Ventura,2016-09,0.59,71.28911330049262,3.76625,2711.9,0.0,72.7375,59.5,32.5,0.0,20356.6529,55120.3376,0.8258164375222675
Ventura,2016-10,0.7200000000000001,66.86666666666667,3.732572964669739,2423.8,0.0,68.9496543778802,47.0,24.0,0.0,24159.6,52419.1515,1.651632875044535
Ventura,2016-11,0.615,52.8,3.853444444444444,2080.75,0.0,62.410873015873015,45.0,22.0,0.0,30630.8447,40258.9435,1.0617639911000585
Ventura,2016-12,2.4225,60.71827956989247,4.814301075268817,2686.5,2.0,56.03763440860215,47.0,13.0,0.0,35618.3955,32810.4075,1.7696066518334306
Ventura,2017-01,4.93,71.08602150537634,4.030967741935484,2249.425,0.25,54.85698924731182,37.0,11.0,0.0,31614.9756,45683.4662,1.4132511135241066
Ventura,2017-02,3.0125,82.05599647266314,3.1657142857142855,1595.6999999999998,0.0,58.205952380952375,34.5,13.0,0.0,37135.3783,58701.1299,0.2355418522540177
Ventura,2017-03,0.2425,62.95564516129033,4.212379032258065,2248.275,0.0,62.17762096774194,43.0,19.0,0.0,50114.7458,73242.1664,0.942167409016071
Ventura,2017-04,0.1225,66.55534482758621,4.0566,2783.5,0.0,65.01216666666667,51.5,27.0,0.0,29869.8933,49339.6997,0.3533127783810266
Ventura,2017-05,0.2233333333333333,74.19354838709678,3.6604301075268815,2723.1666666666665,0.0,67.60215053763442,52.0,25.0,0.0,21006.2175,38570.8287,0.2355418522540177
Ventura,2017-06,0.8599999999999999,73.918954248366,3.6075555555555554,2597.5,0.0,71.69555555555557,58.0,28.0,0.0,20214.1316,70693.2935,1.05993833514308
Ventura,2017-07,0.8366666666666668,72.77629629629631,3.500322580645161,2605.0,0.0,75.38064516129032,61.0,32.0,0.0,18293.1323,50658.2685,0.8243964828890622
Ventura,2017-08,0.7966666666666667,70.14325396825397,3.381505376344086,2515.9666666666667,0.0,75.14408602150537,61.0,31.0,0.0,19358.1112,44989.4098,1.4132511135241066
Ventura,2017-09,0.69,53.693257359924026,3.540777777777778,2549.5333333333333,0.0,73.17444444444443,55.0,30.0,0.0,33593.3254,60917.0322,3.062044079302231
Ventura,2017-10,0.71,54.19218664477285,3.994301075268817,2971.5333333333333,0.6666666666666666,67.71182795698925,57.0,40.0,0.0,26672.4545,52384.0266,6.948484641493524
Ventura,2017-11,0.2833333333333333,64.61455938697317,3.2546666666666666,2343.6,0.0,64.03777777777778,48.0,23.5,0.0,21013.0673,44803.2777,6.477400936985488
Ventura,2017-12,0.1633333333333333,38.56308243727599,4.749354838709677,3533.2666666666664,1.3333333333333333,56.80860215053764,87.0,41.0,0.0,17662.3346,32633.3176,7.30179741987455
Ventura,2018-01,1.28,57.57112704101952,4.067096774193549,3026.1,1.0,57.821111111111115,52.0,20.0,0.0,25989.2279,21788.1401,4.12648745135166
Ventura,2018-02,0.5533333333333333,53.523809523809526,3.881071428571429,2607.8333333333335,0.0,57.029761904761905,53.0,19.5,0.0,28602.1925,24017.2993,1.8863942634750448
Ventura,2018-03,5.45,72.39784946236558,3.553548387096774,2644.2000000000003,0.0,58.89784946236559,49.0,10.0,0.0,31637.8629,55940.0453,2.1221935464094255
Ventura,2018-04,0.7866666666666667,68.93409961685823,3.971,2858.7999999999997,0.0,64.08111111111111,58.0,30.0,0.0,31610.7926,31513.7545,1.532695339073474
Ventura,2018-05,0.0066666666666666,77.16129032258065,3.5476344086021503,2639.5333333333333,0.0,66.26727598566308,55.0,22.0,0.0,21721.8238,20100.6682,0.7073978488031417
Ventura,2018-06,0.0,75.11111111111111,3.47,2498.066666666667,0.0,70.59888888888888,59.0,31.0,0.0,12059.9004,25163.617,0.8252974902703322
Ventura,2018-07,0.0,73.17875387702975,3.411827956989247,2538.5333333333333,0.0,75.43548387096774,58.0,33.0,0.0,10342.6296,18120.7794,0.7073978488031417
Ventura,2018-08,0.0266666666666666,73.55721966205837,3.209892473118279,2387.9,0.0,75.73225806451613,65.0,33.0,0.0,15888.9787,21800.3052,2.1221935464094255
Ventura,2018-09,0.05,77.15555555555555,3.147777777777778,2266.8333333333335,0.0,72.41000000000001,62.5,31.0,0.0,19640.5174,45511.1348,2.711691753745377
Ventura,2018-10,0.02,64.02150537634408,3.3649462365591396,2503.366666666667,0.0,67.87741935483871,54.0,24.0,0.0,25137.5234,40089.6602,2.5937921122781864
Ventura,2018-11,0.6233333333333334,52.36666666666667,3.945,2840.6,0.0,60.63111111111112,52.0,31.5,0.0,21518.546,30113.8583,4.362286734286041
Ventura,2018-12,1.2133333333333332,59.053763440860216,4.166021505376344,3099.6,0.3333333333333333,55.68064516129033,38.0,12.0,0.0,23838.6253,24994.671,3.654888885482899
Ventura,2019-01,5.916666666666667,63.225806451612904,4.26926164874552,3142.3666666666663,0.0,54.64086021505377,40.0,11.0,0.0,26705.839,19254.8056,2.9576103454843796
Ventura,2019-02,5.16,72.57142857142857,3.7830952380952376,2542.1666666666665,0.0,53.356437389770726,28.0,8.0,0.0,24709.1462,29551.3859,2.9576103454843796
Ventura,2019-03,2.9766666666666666,62.74769585253457,4.066129032258065,3025.2999999999997,0.0,58.951612903225815,26.0,15.0,0.0,29506.365,43992.3109,3.19421917312313
Ventura,2019-04,1.09,69.5580586080586,3.714384615384616,2549.566666666667,0.0,63.77991452991453,46.0,22.5,0.0,33278.1713,33021.6966,2.484392690206879
Ventura,2019-05,1.7300000000000002,71.39745244003309,3.8964143920595538,2740.566666666667,0.0,65.62193548387097,40.0,19.0,0.0,24307.159,38047.1745,2.602697104026254
Ventura,2019-06,0.0233333333333333,81.13448275862068,3.5317777777777777,2542.7999999999997,0.0,70.3888888888889,53.0,19.5,0.0,17369.6911,37523.6684,2.484392690206879
Ventura,2019-07,0.05,75.6236559139785,3.5202150537634407,2618.8333333333335,0.0,74.03655913978496,58.0,30.0,0.0,17056.3467,26747.4249,3.19421917312313
Ventura,2019-08,0.0633333333333333,75.6236559139785,3.4112903225806455,2538.266666666667,0.0,73.57096774193549,53.0,28.0,0.0,13527.3755,29600.24,4.140654483678132
Ventura,2019-09,0.0566666666666666,70.78888888888889,3.3943333333333334,2443.8666666666663,0.0,71.72111111111111,52.5,29.5,0.0,18133.8309,42787.4573,2.7210015178456293
Ventura,2019-10,0.04,47.723502304147466,4.5492473118279575,3384.3333333333335,1.3333333333333333,64.10386300278775,48.0,34.0,0.0,17374.7147,27850.964,6.506742760065636
Ventura,2019-11,2.6566666666666667,59.94444444444443,3.617555555555555,2604.766666666667,0.0,59.065555555555555,53.0,27.0,0.0,29078.5855,27039.1359,6.38843834624626
Ventura,2019-12,3.28,62.68936678614097,4.335250896057349,2686.9,1.0,55.23100358422939,33.0,12.0,0.0,24155.8353,15737.6218,4.6138721389556325
Ventura,2020-01,0.8300000000000001,61.854390681003586,3.663584229390681,2513.0666666666666,0.3333333333333333,53.98584229390681,24.0,14.0,0.0,22068.9126,16871.9094,4.029137776366262
Ventura,2020-02,0.3466666666666667,55.666666666666664,4.1563218390804595,2892.7333333333336,0.0,55.303448275862074,37.0,20.0,0.0,26006.3365,18317.2412,2.4885850971673977
Ventura,2020-03,3.2533333333333334,74.68817204301075,3.4774193548387102,2586.8333333333335,0.0,58.30537634408602,19.0,7.0,0.0,31123.2009,32975.4729,3.199609410643797
Ventura,2020-04,2.0066666666666664,74.22528735632183,3.574777777777778,2573.566666666667,0.0,63.57876543209877,36.0,19.0,0.0,28847.658,46052.0949,2.014568888183131
Ventura,2020-05,0.6566666666666666,71.95142751205043,3.737849462365592,2781.0,0.0,68.79139784946237,49.0,25.0,0.0,21770.8312,26103.0056,1.6590567314449316
Ventura,2020-06,0.94,76.32288698955365,3.7736666666666663,2716.766666666667,0.0,71.27111111111111,42.0,21.5,0.0,14703.5394,20698.804,2.133072940429198
Ventura,2020-07,0.6033333333333334,74.91397849462366,3.5383870967741937,2632.566666666667,0.0,73.75698924731184,51.0,22.0,0.0,10435.2571,17772.1934,2.4885850971673977
Ventura,2020-08,0.0,75.15210327307102,3.261827956989247,2426.9666666666667,0.0,74.92688172043012,55.0,26.0,0.0,11946.3455,34792.4389,3.199609410643797
Ventura,2020-09,0.0,71.33103448275862,3.040111111111111,2188.7666666666664,0.0,71.54666666666667,64.5,39.5,0.0,21423.2379,43456.3569,2.014568888183131
Ventura,2020-10,0.0,61.634408602150536,3.2951612903225804,2451.1,0.0,68.60537634408603,62.0,33.0,0.0,27596.1044,40973.2428,1.8960648359370649
Ventura,2020-11,0.27,56.13333333333333,3.5706666666666664,2571.2000000000003,0.0,59.22111111111111,37.5,20.5,0.0,27261.2254,24077.5119,3.08110535839773
Ventura,2020-12,1.13,36.46783154121864,4.97400238948626,2654.3333333333335,1.6666666666666667,54.37258064516129,31.0,20.0,0.0,18336.0312,24412.543,3.43661751513593
Ventura,2021-01,1.2233333333333334,51.99304237824162,4.836717869943676,3168.2333333333336,1.6666666666666667,54.097849462365595,25.5,15.0,0.0,21283.142,12691.1564,3.807832950368468
Ventura,2021-02,0.08,54.67857142857142,4.257261904761905,2860.866666666667,0.3333333333333333,56.14880952380952,33.0,18.5,0.0,23462.1133,11677.2479,2.6178851533783214
Ventura,2021-03,0.7033333333333335,62.63870967741935,4.021505376344086,2992.2333333333336,0.0,57.54408602150537,38.0,18.0,0.0,34451.9545,27095.126,2.736879933077336
Ventura,2021-04,0.03,67.53333333333333,3.7116666666666664,2672.066666666667,0.0,63.44333333333333,53.5,30.5,0.0,35136.336,21971.7929,1.784921695485219
Ventura,2021-05,0.0366666666666666,75.88028673835124,3.730215053763441,2775.2666666666664,0.0,67.51182795698925,56.0,26.0,0.0,18952.7121,8623.9746,2.141906034582263
Ventura,2021-06,0.0499999999999999,74.23333333333333,3.737555555555556,2691.133333333333,0.0,72.63444444444444,50.5,24.0,0.0,15965.0715,30735.2613,2.2609008142812774
Ventura,2021-07,0.8999999999999999,76.6236559139785,3.4427956989247313,2561.4333333333334,0.0,75.54408602150538,54.0,25.0,0.0,12434.6014,15682.9009,0.951958237592117
Ventura,2021-08,0.8333333333333334,75.05376344086021,3.2620430107526883,2426.4666666666667,0.0,73.76666666666667,55.0,28.0,0.0,11440.5957,21319.9165,1.4279373563881752
Ventura,2021-09,0.7933333333333333,76.87777777777778,3.0839999999999996,2220.5333333333333,0.0,71.07444444444445,55.0,28.5,0.0,21581.2233,32127.0442,0.8329634578931022
Ventura,2021-10,1.57,61.31182795698925,3.4916129032258065,2597.4,0.0,64.76989247311828,39.0,20.0,0.0,21851.6273,24802.5922,0.7139686781940876
Ventura,2021-11,0.6366666666666667,61.166666666666664,3.657444444444444,2633.5333333333333,1.3333333333333333,61.35,34.5,21.0,0.0,24289.5715,24730.4878,0.8329634578931022
Ventura,2021-12,7.243333333333332,77.65591397849461,2.8044086021505374,2086.133333333333,0.0,54.096774193548384,37.0,10.0,0.0,23964.9894,13252.1377,2.2609008142812774
Ventura,2022-01,0.2466666666666667,46.634408602150536,3.5873118279569893,2668.866666666667,0.3333333333333333,54.18709677419355,27.0,15.0,12.0,19179.7528,7058.0019,1.8021914648212227
Ventura,2022-02,0.0766666666666666,40.04761904761904,4.208571428571428,2827.9,0.0,55.838095238095235,25.5,19.5,175.0,22174.1492,8334.432,2.4029219530949635
Ventura,2022-03,1.4266666666666667,60.494623655913976,3.764086021505376,2800.7333333333336,0.0,60.15161290322581,41.0,22.0,366.0,19229.4064,11435.0262,2.162629757785467
Ventura,2022-04,0.3066666666666667,71.25168764823938,3.713,2673.133333333333,0.0,64.92333333333333,51.0,25.0,139.0,22013.1422,10452.5535,3.3640907343329487
Ventura,2022-05,0.2266666666666666,76.22321097515758,3.4804301075268818,2589.2999999999997,0.0,67.29139784946237,55.0,29.0,869.0,14953.4427,6741.8428,1.6820453671664743
Ventura,2022-06,0.7633333333333333,78.03418803418803,3.3894444444444445,2440.366666666667,0.0,71.97222222222223,56.0,28.5,4451.0,15827.5811,15165.4931,2.4029219530949635
Ventura,2022-07,1.3833333333333335,80.05376344086022,3.3634408602150536,2502.0666666666666,0.0,74.00752688172042,51.0,25.0,603.0,10249.5554,13212.655,2.162629757785467
Ventura,2022-08,1.36,74.11827956989247,3.190322580645161,2373.0,0.0,74.26666666666667,52.0,30.0,5772.0,12225.5636,11099.8585,2.282775855440215
Ventura,2022-09,1.0833333333333333,72.59585385878489,3.0596666666666668,2203.133333333333,0.0,74.73222222222222,56.5,29.5,153.0,15948.9916,16723.7954,2.523068050749712
Ventura,2022-10,0.7966666666666667,74.20430107526882,2.911827956989247,2166.1666666666665,0.0,68.89784946236558,55.0,28.0,253.0,26847.1339,25307.9354,2.042483660130719
Ventura,2022-11,1.6266666666666667,50.95555555555555,4.214666666666667,3034.7333333333336,1.6666666666666667,57.97777777777778,25.5,18.0,37.0,28780.6936,12098.2558,3.3640907343329487
Ventura,2022-12,3.8233333333333337,71.6774193548387,3.190322580645161,2373.4666666666667,0.0,54.89354838709678,32.0,9.0,9.0,25556.6112,13385.1455,3.0036524413687045
Ventura,2023-01,6.466666666666666,69.27956989247312,4.190645161290322,3118.1,0.3333333333333333,53.60322580645161,29.0,13.0,6.0,23639.3299,2001.5181,2.418964683115626
Ventura,2023-02,2.693333333333334,58.62271062271062,4.155595238095238,2792.7666666666664,0.0,54.10119047619048,23.5,15.5,5.0,18731.9202,8035.3752,2.056119980648283
Ventura,2023-03,5.43,78.91397849462366,3.453225806451613,2568.866666666667,0.0,56.449462365591394,28.0,11.0,10.0,29898.1785,13003.4437,1.572327044025157
Ventura,2023-04,0.1566666666666666,76.96666666666665,3.2522222222222226,2341.566666666667,0.0,62.12873015873016,46.0,19.5,106.0,27415.0873,14869.354,1.088534107402032
Ventura,2023-05,0.5733333333333334,74.71473750790639,3.1358064516129036,2332.8333333333335,0.0,65.21182795698924,38.0,16.0,692.0,20187.0462,13000.2553,2.9027576197387517
Ventura,2023-06,0.2666666666666666,84.5,2.970285714285714,1935.5666666666668,0.0,66.66594417077175,42.5,18.0,1616.0,19768.8766,21300.1656,3.144654088050314
Ventura,2023-07,0.0,73.66129032258064,2.959032258064516,2201.2,0.0,71.93064516129033,55.0,28.0,12380.0,17929.3167,16043.7818,1.9351717464925011
Ventura,2023-08,3.2,77.53225806451613,2.7874193548387094,2073.5,0.0,73.06774193548387,48.0,22.0,28296.0,31101.7421,17028.8144,2.177068214804064
Ventura,2023-09,0.17,80.71666666666667,2.2681666666666667,1633.2,0.0,70.20833333333334,53.0,24.5,316.0,38541.9624,19943.8257,3.144654088050314
Ventura,2023-10,0.0,65.43548387096774,2.7238709677419353,2026.6,0.0,66.24354838709678,47.0,24.0,395.0,28168.3684,21146.0893,4.475084663763909
Ventura,2023-11,0.175,49.516666666666666,3.247,2337.95,1.0,59.861666666666665,36.5,20.0,643.0,21946.8971,17829.2941,6.047411707789066
Ventura,2023-12,1.98,62.935483870967744,2.7446774193548387,2041.7,0.5,56.6241935483871,46.0,19.0,4097.0,28288.7768,11903.6661,5.321722302854378
Ventura,2024-01,0.55,68.66129032258064,2.6637096774193547,1981.25,0.0,54.80967741935484,38.0,12.0,3.0,,,4.345506384273129
Ventura,2024-02,4.8100000000000005,78.86206896551724,3.07051724137931,2136.7,0.0,55.70689655172414,24.0,8.0,3.0,,,2.6555872348335794
Ventura,2024-03,2.975,75.43548387096774,3.8845161290322583,2889.85,0.0,59.12903225806451,28.0,13.0,7.0,,,1.6899191494395505
Ventura,2024-04,0.76,72.98333333333332,3.6996666666666664,2664.05,0.0,61.98166666666667,37.0,18.0,742.0,,,2.052044681462311
Ventura,2024-05,0.06,81.0,3.571612903225806,2657.75,0.0,65.57741935483871,55.0,22.0,7718.0,,,2.534878724159326
Ventura,2024-06,0.0,77.5,3.4501666666666666,2483.6,0.0,70.72166666666666,52.5,23.0,26966.0,,,1.6899191494395505
Ventura,2024-07,0.0,74.48387096774194,3.3770967741935483,2512.8999999999996,0.0,74.49354838709678,48.0,24.0,24895.0,,,2.534878724159326
Ventura,2024-08,1.85,71.90322580645162,3.313870967741936,2465.1,0.0,73.5241935483871,49.0,25.0,1467.0,,,2.6555872348335794
Ventura,2024-09,1.355,74.87183908045978,3.216833333333333,2316.35,0.0,71.30666666666667,47.5,23.0,74546.0,,,2.6555872348335794
Ventura,2024-10,0.81,70.7741935483871,3.036290322580645,2259.05,0.0,67.39838709677419,47.0,26.0,796.0,,,3.621255320227608
Ventura,2024-11,0.7250000000000001,53.56666666666666,3.7028333333333334,2666.1,0.5,58.95666666666666,31.0,22.5,20451.0,,,5.4318829803414115
Ventura,2024-12,0.535,64.91559139784945,3.3579032258064516,2498.6,0.0,56.25645161290323,42.0,21.0,8258.0,,,4.949048937644397
